[INFO] Scanning for projects...
[INFO] 
[INFO] -----------< com.courseqa:courseqa-springboot-mvc2-skeleton >-----------
[INFO] Building CourseQA Spring Boot MVC2 Skeleton 1.0.0
[INFO]   from pom.xml
[INFO] --------------------------------[ jar ]---------------------------------
[INFO] 
[INFO] >>> spring-boot:3.3.5:run (default-cli) > test-compile @ courseqa-springboot-mvc2-skeleton >>>
[INFO] 
[INFO] --- resources:3.3.1:resources (default-resources) @ courseqa-springboot-mvc2-skeleton ---
[INFO] Copying 1 resource from src\main\resources to target\classes
[INFO] Copying 0 resource from src\main\resources to target\classes
[INFO] 
[INFO] --- compiler:3.13.0:compile (default-compile) @ courseqa-springboot-mvc2-skeleton ---
[INFO] Nothing to compile - all classes are up to date.
[INFO] 
[INFO] --- resources:3.3.1:testResources (default-testResources) @ courseqa-springboot-mvc2-skeleton ---
[INFO] skip non existing resourceDirectory C:\Users\dinhd\Documents\GitHub\BACKEND\courseqa-springboot-mvc2-skeleton\BACKEND\src\test\resources
[INFO] 
[INFO] --- compiler:3.13.0:testCompile (default-testCompile) @ courseqa-springboot-mvc2-skeleton ---
[INFO] No sources to compile
[INFO] 
[INFO] <<< spring-boot:3.3.5:run (default-cli) < test-compile @ courseqa-springboot-mvc2-skeleton <<<
[INFO] 
[INFO] 
[INFO] --- spring-boot:3.3.5:run (default-cli) @ courseqa-springboot-mvc2-skeleton ---
[INFO] Attaching agents: []
Standard Commons Logging discovery in action with spring-jcl: please remove commons-logging.jar from classpath in order to avoid potential conflicts
Standard Commons Logging discovery in action with spring-jcl: please remove commons-logging.jar from classpath in order to avoid potential conflicts

  .   ____          _            __ _ _
 /\\ / ___'_ __ _ _(_)_ __  __ _ \ \ \ \
( ( )\___ | '_ | '_| | '_ \/ _` | \ \ \ \
 \\/  ___)| |_)| | | | | || (_| |  ) ) ) )
  '  |____| .__|_| |_|_| |_\__, | / / / /
 =========|_|==============|___/=/_/_/_/

 :: Spring Boot ::                (v3.3.5)

2026-06-07T20:32:17.147+07:00  INFO 10012 --- [courseqa-springboot-mvc2-skeleton] [  restartedMain] com.courseqa.CourseQaApplication         : Starting CourseQaApplication using Java 26.0.1 with PID 10012 (C:\Users\dinhd\Documents\GitHub\BACKEND\courseqa-springboot-mvc2-skeleton\BACKEND\target\classes started by dinhd in C:\Users\dinhd\Documents\GitHub\BACKEND\courseqa-springboot-mvc2-skeleton\BACKEND)
2026-06-07T20:32:17.150+07:00  INFO 10012 --- [courseqa-springboot-mvc2-skeleton] [  restartedMain] com.courseqa.CourseQaApplication         : No active profile set, falling back to 1 default profile: "default"
2026-06-07T20:32:17.213+07:00  INFO 10012 --- [courseqa-springboot-mvc2-skeleton] [  restartedMain] .e.DevToolsPropertyDefaultsPostProcessor : Devtools property defaults active! Set 'spring.devtools.add-properties' to 'false' to disable
2026-06-07T20:32:17.213+07:00  INFO 10012 --- [courseqa-springboot-mvc2-skeleton] [  restartedMain] .e.DevToolsPropertyDefaultsPostProcessor : For additional web related logging consider setting the 'logging.level.web' property to 'DEBUG'
2026-06-07T20:32:18.070+07:00  INFO 10012 --- [courseqa-springboot-mvc2-skeleton] [  restartedMain] .s.d.r.c.RepositoryConfigurationDelegate : Bootstrapping Spring Data JPA repositories in DEFAULT mode.
2026-06-07T20:32:18.193+07:00  INFO 10012 --- [courseqa-springboot-mvc2-skeleton] [  restartedMain] .s.d.r.c.RepositoryConfigurationDelegate : Finished Spring Data repository scanning in 112 ms. Found 12 JPA repository interfaces.
WARNING: A restricted method in java.lang.System has been called
WARNING: java.lang.System::load has been called by org.apache.tomcat.jni.Library in an unnamed module (file:/C:/Users/dinhd/.m2/repository/org/apache/tomcat/embed/tomcat-embed-core/10.1.31/tomcat-embed-core-10.1.31.jar)
WARNING: Use --enable-native-access=ALL-UNNAMED to avoid a warning for callers in this module
WARNING: Restricted methods will be blocked in a future release unless native access is enabled

2026-06-07T20:32:18.904+07:00  INFO 10012 --- [courseqa-springboot-mvc2-skeleton] [  restartedMain] o.s.b.w.embedded.tomcat.TomcatWebServer  : Tomcat initialized with port 8080 (http)
2026-06-07T20:32:18.920+07:00  INFO 10012 --- [courseqa-springboot-mvc2-skeleton] [  restartedMain] o.apache.catalina.core.StandardService   : Starting service [Tomcat]
2026-06-07T20:32:18.921+07:00  INFO 10012 --- [courseqa-springboot-mvc2-skeleton] [  restartedMain] o.apache.catalina.core.StandardEngine    : Starting Servlet engine: [Apache Tomcat/10.1.31]
2026-06-07T20:32:18.978+07:00  INFO 10012 --- [courseqa-springboot-mvc2-skeleton] [  restartedMain] o.a.c.c.C.[Tomcat].[localhost].[/]       : Initializing Spring embedded WebApplicationContext
2026-06-07T20:32:18.979+07:00  INFO 10012 --- [courseqa-springboot-mvc2-skeleton] [  restartedMain] w.s.c.ServletWebServerApplicationContext : Root WebApplicationContext: initialization completed in 1764 ms
Standard Commons Logging discovery in action with spring-jcl: please remove commons-logging.jar from classpath in order to avoid potential conflicts
2026-06-07T20:32:19.235+07:00  INFO 10012 --- [courseqa-springboot-mvc2-skeleton] [  restartedMain] o.hibernate.jpa.internal.util.LogHelper  : HHH000204: Processing PersistenceUnitInfo [name: default]
2026-06-07T20:32:19.350+07:00  INFO 10012 --- [courseqa-springboot-mvc2-skeleton] [  restartedMain] org.hibernate.Version                    : HHH000412: Hibernate ORM core version 6.5.3.Final
2026-06-07T20:32:19.512+07:00  INFO 10012 --- [courseqa-springboot-mvc2-skeleton] [  restartedMain] o.h.c.internal.RegionFactoryInitiator    : HHH000026: Second-level cache disabled
2026-06-07T20:32:21.044+07:00  INFO 10012 --- [courseqa-springboot-mvc2-skeleton] [  restartedMain] o.s.o.j.p.SpringPersistenceUnitInfo      : No LoadTimeWeaver setup: ignoring JPA class transformer
2026-06-07T20:32:21.140+07:00  INFO 10012 --- [courseqa-springboot-mvc2-skeleton] [  restartedMain] com.zaxxer.hikari.HikariDataSource       : HikariPool-1 - Starting...
2026-06-07T20:32:22.217+07:00  INFO 10012 --- [courseqa-springboot-mvc2-skeleton] [  restartedMain] com.zaxxer.hikari.pool.HikariPool        : HikariPool-1 - Added connection ConnectionID:1 ClientConnectionId: f7153411-1462-4fa6-bfa6-331a06288e80
2026-06-07T20:32:22.223+07:00  INFO 10012 --- [courseqa-springboot-mvc2-skeleton] [  restartedMain] com.zaxxer.hikari.HikariDataSource       : HikariPool-1 - Start completed.
2026-06-07T20:32:22.381+07:00  WARN 10012 --- [courseqa-springboot-mvc2-skeleton] [  restartedMain] org.hibernate.orm.deprecation            : HHH90000025: SQLServerDialect does not need to be specified explicitly using 'hibernate.dialect' (remove the property setting and it will be selected by default)
2026-06-07T20:32:28.219+07:00  INFO 10012 --- [courseqa-springboot-mvc2-skeleton] [  restartedMain] o.h.e.t.j.p.i.JtaPlatformInitiator       : HHH000489: No JTA platform available (set 'hibernate.transaction.jta.platform' to enable JTA platform integration)
2026-06-07T20:32:28.223+07:00  INFO 10012 --- [courseqa-springboot-mvc2-skeleton] [  restartedMain] j.LocalContainerEntityManagerFactoryBean : Initialized JPA EntityManagerFactory for persistence unit 'default'
2026-06-07T20:32:31.137+07:00  WARN 10012 --- [courseqa-springboot-mvc2-skeleton] [  restartedMain] JpaBaseConfiguration$JpaWebConfiguration : spring.jpa.open-in-view is enabled by default. Therefore, database queries may be performed during view rendering. Explicitly configure spring.jpa.open-in-view to disable this warning
2026-06-07T20:32:32.854+07:00  INFO 10012 --- [courseqa-springboot-mvc2-skeleton] [  restartedMain] o.s.b.d.a.OptionalLiveReloadServer       : LiveReload server is running on port 35729
2026-06-07T20:32:32.916+07:00  INFO 10012 --- [courseqa-springboot-mvc2-skeleton] [  restartedMain] o.s.b.w.embedded.tomcat.TomcatWebServer  : Tomcat started on port 8080 (http) with context path '/'
2026-06-07T20:32:32.993+07:00  INFO 10012 --- [courseqa-springboot-mvc2-skeleton] [  restartedMain] com.courseqa.CourseQaApplication         : Started CourseQaApplication in 16.208 seconds (process running for 16.742)
2026-06-07T20:33:03.149+07:00  INFO 10012 --- [courseqa-springboot-mvc2-skeleton] [nio-8080-exec-1] o.a.c.c.C.[Tomcat].[localhost].[/]       : Initializing Spring DispatcherServlet 'dispatcherServlet'
2026-06-07T20:33:03.149+07:00  INFO 10012 --- [courseqa-springboot-mvc2-skeleton] [nio-8080-exec-1] o.s.web.servlet.DispatcherServlet        : Initializing Servlet 'dispatcherServlet'
2026-06-07T20:33:03.151+07:00  INFO 10012 --- [courseqa-springboot-mvc2-skeleton] [nio-8080-exec-1] o.s.web.servlet.DispatcherServlet        : Completed initialization in 0 ms
Hibernate: 
    select
        top (?) u1_0.user_id 
    from
        users u1_0 
    where
        u1_0.email=?
Hibernate: 
    insert 
    into
        users
        (avatar_url, created_at, email, full_name, is_active, last_login_at, last_logout_at, password_hash, updated_at, user_id) 
    values
        (?, ?, ?, ?, ?, ?, ?, ?, ?, ?)
Hibernate: 
    insert 
    into
        user_roles
        (assigned_at, is_active, permission_json, role_name, user_id, user_role_id) 
    values
        (?, ?, ?, ?, ?, ?)
Hibernate: 
    select
        ur1_0.user_role_id,
        ur1_0.assigned_at,
        ur1_0.is_active,
        ur1_0.permission_json,
        ur1_0.role_name,
        ur1_0.user_id 
    from
        user_roles ur1_0 
    where
        ur1_0.user_id=? 
        and ur1_0.is_active=1
Hibernate: 
    select
        u1_0.user_id,
        u1_0.avatar_url,
        u1_0.created_at,
        u1_0.email,
        u1_0.full_name,
        u1_0.is_active,
        u1_0.last_login_at,
        u1_0.last_logout_at,
        u1_0.password_hash,
        u1_0.updated_at 
    from
        users u1_0 
    where
        u1_0.user_id=?
Hibernate: 
    select
        ur1_0.user_role_id,
        ur1_0.assigned_at,
        ur1_0.is_active,
        ur1_0.permission_json,
        ur1_0.role_name,
        ur1_0.user_id 
    from
        user_roles ur1_0 
    where
        ur1_0.user_id=?
Hibernate: 
    insert 
    into
        user_roles
        (assigned_at, is_active, permission_json, role_name, user_id, user_role_id) 
    values
        (?, ?, ?, ?, ?, ?)
Hibernate: 
    update
        users 
    set
        avatar_url=?,
        created_at=?,
        email=?,
        full_name=?,
        is_active=?,
        last_login_at=?,
        last_logout_at=?,
        password_hash=?,
        updated_at=? 
    where
        user_id=?
Hibernate: 
    update
        user_roles 
    set
        assigned_at=?,
        is_active=?,
        permission_json=?,
        role_name=?,
        user_id=? 
    where
        user_role_id=?
Hibernate: 
    select
        ur1_0.user_role_id,
        ur1_0.assigned_at,
        ur1_0.is_active,
        ur1_0.permission_json,
        ur1_0.role_name,
        ur1_0.user_id 
    from
        user_roles ur1_0 
    where
        ur1_0.user_id=? 
        and ur1_0.is_active=1
Hibernate: 
    select
        count_big(*) 
    from
        users u1_0 
    where
        u1_0.user_id=?
Hibernate: 
    select
        ur1_0.user_role_id,
        ur1_0.assigned_at,
        ur1_0.is_active,
        ur1_0.permission_json,
        ur1_0.role_name,
        ur1_0.user_id 
    from
        user_roles ur1_0 
    where
        ur1_0.user_id=? 
        and ur1_0.is_active=1
Hibernate: 
    select
        u1_0.user_id,
        u1_0.avatar_url,
        u1_0.created_at,
        u1_0.email,
        u1_0.full_name,
        u1_0.is_active,
        u1_0.last_login_at,
        u1_0.last_logout_at,
        u1_0.password_hash,
        u1_0.updated_at 
    from
        users u1_0 
    where
        u1_0.user_id=?
Hibernate: 
    select
        ur1_0.user_role_id,
        ur1_0.assigned_at,
        ur1_0.is_active,
        ur1_0.permission_json,
        ur1_0.role_name,
        ur1_0.user_id 
    from
        user_roles ur1_0 
    where
        ur1_0.user_id=?
Hibernate: 
    insert 
    into
        user_roles
        (assigned_at, is_active, permission_json, role_name, user_id, user_role_id) 
    values
        (?, ?, ?, ?, ?, ?)
Hibernate: 
    update
        users 
    set
        avatar_url=?,
        created_at=?,
        email=?,
        full_name=?,
        is_active=?,
        last_login_at=?,
        last_logout_at=?,
        password_hash=?,
        updated_at=? 
    where
        user_id=?
Hibernate: 
    update
        user_roles 
    set
        assigned_at=?,
        is_active=?,
        permission_json=?,
        role_name=?,
        user_id=? 
    where
        user_role_id=?
Hibernate: 
    select
        ur1_0.user_role_id,
        ur1_0.assigned_at,
        ur1_0.is_active,
        ur1_0.permission_json,
        ur1_0.role_name,
        ur1_0.user_id 
    from
        user_roles ur1_0 
    where
        ur1_0.user_id=? 
        and ur1_0.is_active=1
Hibernate: 
    select
        count_big(*) 
    from
        users u1_0 
    where
        u1_0.user_id=?
Hibernate: 
    select
        ur1_0.user_role_id,
        ur1_0.assigned_at,
        ur1_0.is_active,
        ur1_0.permission_json,
        ur1_0.role_name,
        ur1_0.user_id 
    from
        user_roles ur1_0 
    where
        ur1_0.user_id=? 
        and ur1_0.is_active=1
Hibernate: 
    select
        u1_0.user_id,
        u1_0.avatar_url,
        u1_0.created_at,
        u1_0.email,
        u1_0.full_name,
        u1_0.is_active,
        u1_0.last_login_at,
        u1_0.last_logout_at,
        u1_0.password_hash,
        u1_0.updated_at 
    from
        users u1_0 
    where
        u1_0.user_id=?
Hibernate: 
    select
        ur1_0.user_role_id,
        ur1_0.assigned_at,
        ur1_0.is_active,
        ur1_0.permission_json,
        ur1_0.role_name,
        ur1_0.user_id 
    from
        user_roles ur1_0 
    where
        ur1_0.user_id=?
Hibernate: 
    insert 
    into
        user_roles
        (assigned_at, is_active, permission_json, role_name, user_id, user_role_id) 
    values
        (?, ?, ?, ?, ?, ?)
Hibernate: 
    update
        users 
    set
        avatar_url=?,
        created_at=?,
        email=?,
        full_name=?,
        is_active=?,
        last_login_at=?,
        last_logout_at=?,
        password_hash=?,
        updated_at=? 
    where
        user_id=?
Hibernate: 
    update
        user_roles 
    set
        assigned_at=?,
        is_active=?,
        permission_json=?,
        role_name=?,
        user_id=? 
    where
        user_role_id=?
Hibernate: 
    select
        ur1_0.user_role_id,
        ur1_0.assigned_at,
        ur1_0.is_active,
        ur1_0.permission_json,
        ur1_0.role_name,
        ur1_0.user_id 
    from
        user_roles ur1_0 
    where
        ur1_0.user_id=? 
        and ur1_0.is_active=1
Hibernate: 
    select
        u1_0.user_id,
        u1_0.avatar_url,
        u1_0.created_at,
        u1_0.email,
        u1_0.full_name,
        u1_0.is_active,
        u1_0.last_login_at,
        u1_0.last_logout_at,
        u1_0.password_hash,
        u1_0.updated_at 
    from
        users u1_0 
    where
        u1_0.user_id=?
Hibernate: 
    update
        users 
    set
        avatar_url=?,
        created_at=?,
        email=?,
        full_name=?,
        is_active=?,
        last_login_at=?,
        last_logout_at=?,
        password_hash=?,
        updated_at=? 
    where
        user_id=?
Hibernate: 
    select
        u1_0.user_id,
        u1_0.avatar_url,
        u1_0.created_at,
        u1_0.email,
        u1_0.full_name,
        u1_0.is_active,
        u1_0.last_login_at,
        u1_0.last_logout_at,
        u1_0.password_hash,
        u1_0.updated_at 
    from
        users u1_0 
    where
        u1_0.email=?
Hibernate: 
    update
        users 
    set
        avatar_url=?,
        created_at=?,
        email=?,
        full_name=?,
        is_active=?,
        last_login_at=?,
        last_logout_at=?,
        password_hash=?,
        updated_at=? 
    where
        user_id=?
Hibernate: 
    select
        ur1_0.user_role_id,
        ur1_0.assigned_at,
        ur1_0.is_active,
        ur1_0.permission_json,
        ur1_0.role_name,
        ur1_0.user_id 
    from
        user_roles ur1_0 
    where
        ur1_0.user_id=? 
        and ur1_0.is_active=1
Hibernate: 
    select
        cw1_0.workspace_id,
        cw1_0.course_id,
        cw1_0.created_at,
        cw1_0.description,
        cw1_0.is_active,
        cw1_0.owner_user_id,
        cw1_0.updated_at,
        cw1_0.visibility,
        cw1_0.workspace_title 
    from
        course_workspaces cw1_0 
    where
        cw1_0.is_active=1 
    order by
        cw1_0.created_at desc
Hibernate: 
    select
        em1_0.embedding_model_id,
        em1_0.config_json,
        em1_0.created_at,
        em1_0.description,
        em1_0.dimension,
        em1_0.is_active,
        em1_0.is_local,
        em1_0.model_name,
        em1_0.provider 
    from
        embedding_models em1_0
Hibernate: 
    select
        cd1_0.document_id,
        cd1_0.chapter_id,
        cd1_0.course_id,
        cd1_0.document_title,
        cd1_0.error_message,
        cd1_0.file_path,
        cd1_0.file_size_bytes,
        cd1_0.file_type,
        cd1_0.language,
        cd1_0.mime_type,
        cd1_0.original_filename,
        cd1_0.processing_status,
        cd1_0.total_pages,
        cd1_0.updated_at,
        cd1_0.uploaded_at,
        cd1_0.uploaded_by,
        cd1_0.workspace_id 
    from
        course_documents cd1_0 
    where
        cd1_0.workspace_id=? 
    order by
        cd1_0.uploaded_at desc
Hibernate: 
    select
        em1_0.embedding_model_id,
        em1_0.config_json,
        em1_0.created_at,
        em1_0.description,
        em1_0.dimension,
        em1_0.is_active,
        em1_0.is_local,
        em1_0.model_name,
        em1_0.provider 
    from
        embedding_models em1_0 
    where
        em1_0.is_active=1 
    order by
        em1_0.created_at desc
Hibernate: 
    select
        dc1_0.chunk_id,
        dc1_0.chapter_id,
        dc1_0.char_count,
        dc1_0.chunk_index,
        dc1_0.chunk_overlap,
        dc1_0.chunk_size,
        dc1_0.chunk_strategy,
        dc1_0.content,
        dc1_0.course_id,
        dc1_0.created_at,
        dc1_0.document_id,
        dc1_0.page_end,
        dc1_0.page_start,
        dc1_0.token_count,
        dc1_0.word_count,
        dc1_0.workspace_id 
    from
        document_chunks dc1_0 
    where
        dc1_0.workspace_id=? 
    order by
        dc1_0.created_at
Hibernate: 
    select
        em1_0.embedding_model_id,
        em1_0.config_json,
        em1_0.created_at,
        em1_0.description,
        em1_0.dimension,
        em1_0.is_active,
        em1_0.is_local,
        em1_0.model_name,
        em1_0.provider 
    from
        embedding_models em1_0 
    where
        em1_0.is_active=1 
    order by
        em1_0.created_at desc
Hibernate: 
    select
        dc1_0.chunk_id,
        dc1_0.chapter_id,
        dc1_0.char_count,
        dc1_0.chunk_index,
        dc1_0.chunk_overlap,
        dc1_0.chunk_size,
        dc1_0.chunk_strategy,
        dc1_0.content,
        dc1_0.course_id,
        dc1_0.created_at,
        dc1_0.document_id,
        dc1_0.page_end,
        dc1_0.page_start,
        dc1_0.token_count,
        dc1_0.word_count,
        dc1_0.workspace_id 
    from
        document_chunks dc1_0 
    where
        dc1_0.workspace_id=? 
    order by
        dc1_0.created_at
Hibernate: 
    select
        cw1_0.workspace_id,
        cw1_0.course_id,
        cw1_0.created_at,
        cw1_0.description,
        cw1_0.is_active,
        cw1_0.owner_user_id,
        cw1_0.updated_at,
        cw1_0.visibility,
        cw1_0.workspace_title 
    from
        course_workspaces cw1_0 
    where
        cw1_0.is_active=1 
    order by
        cw1_0.created_at desc
Hibernate: 
    select
        cw1_0.workspace_id,
        cw1_0.course_id,
        cw1_0.created_at,
        cw1_0.description,
        cw1_0.is_active,
        cw1_0.owner_user_id,
        cw1_0.updated_at,
        cw1_0.visibility,
        cw1_0.workspace_title 
    from
        course_workspaces cw1_0 
    where
        cw1_0.is_active=1 
    order by
        cw1_0.created_at desc
Hibernate: 
    select
        cw1_0.workspace_id,
        cw1_0.course_id,
        cw1_0.created_at,
        cw1_0.description,
        cw1_0.is_active,
        cw1_0.owner_user_id,
        cw1_0.updated_at,
        cw1_0.visibility,
        cw1_0.workspace_title 
    from
        course_workspaces cw1_0 
    where
        cw1_0.is_active=1 
    order by
        cw1_0.created_at desc
Hibernate: 
    select
        cd1_0.document_id,
        cd1_0.chapter_id,
        cd1_0.course_id,
        cd1_0.document_title,
        cd1_0.error_message,
        cd1_0.file_path,
        cd1_0.file_size_bytes,
        cd1_0.file_type,
        cd1_0.language,
        cd1_0.mime_type,
        cd1_0.original_filename,
        cd1_0.processing_status,
        cd1_0.total_pages,
        cd1_0.updated_at,
        cd1_0.uploaded_at,
        cd1_0.uploaded_by,
        cd1_0.workspace_id 
    from
        course_documents cd1_0 
    where
        cd1_0.workspace_id=? 
    order by
        cd1_0.uploaded_at desc
Hibernate: 
    select
        cd1_0.document_id,
        cd1_0.chapter_id,
        cd1_0.course_id,
        cd1_0.document_title,
        cd1_0.error_message,
        cd1_0.file_path,
        cd1_0.file_size_bytes,
        cd1_0.file_type,
        cd1_0.language,
        cd1_0.mime_type,
        cd1_0.original_filename,
        cd1_0.processing_status,
        cd1_0.total_pages,
        cd1_0.updated_at,
        cd1_0.uploaded_at,
        cd1_0.uploaded_by,
        cd1_0.workspace_id 
    from
        course_documents cd1_0 
    where
        cd1_0.workspace_id=? 
    order by
        cd1_0.uploaded_at desc
Hibernate: 
    select
        count_big(*) 
    from
        course_documents cd1_0 
    where
        cd1_0.document_id=?
Hibernate: 
    select
        count_big(*) 
    from
        course_documents cd1_0 
    where
        cd1_0.document_id=?
Hibernate: 
    select
        dc1_0.chunk_id,
        dc1_0.chapter_id,
        dc1_0.char_count,
        dc1_0.chunk_index,
        dc1_0.chunk_overlap,
        dc1_0.chunk_size,
        dc1_0.chunk_strategy,
        dc1_0.content,
        dc1_0.course_id,
        dc1_0.created_at,
        dc1_0.document_id,
        dc1_0.page_end,
        dc1_0.page_start,
        dc1_0.token_count,
        dc1_0.word_count,
        dc1_0.workspace_id 
    from
        document_chunks dc1_0 
    where
        dc1_0.document_id=? 
    order by
        dc1_0.chunk_index
Hibernate: 
    select
        dc1_0.chunk_id,
        dc1_0.chapter_id,
        dc1_0.char_count,
        dc1_0.chunk_index,
        dc1_0.chunk_overlap,
        dc1_0.chunk_size,
        dc1_0.chunk_strategy,
        dc1_0.content,
        dc1_0.course_id,
        dc1_0.created_at,
        dc1_0.document_id,
        dc1_0.page_end,
        dc1_0.page_start,
        dc1_0.token_count,
        dc1_0.word_count,
        dc1_0.workspace_id 
    from
        document_chunks dc1_0 
    where
        dc1_0.document_id=? 
    order by
        dc1_0.chunk_index
Hibernate: 
    select
        count_big(*) 
    from
        course_documents cd1_0 
    where
        cd1_0.document_id=?
Hibernate: 
    select
        count_big(*) 
    from
        course_documents cd1_0 
    where
        cd1_0.document_id=?
Hibernate: 
    select
        dc1_0.chunk_id,
        dc1_0.chapter_id,
        dc1_0.char_count,
        dc1_0.chunk_index,
        dc1_0.chunk_overlap,
        dc1_0.chunk_size,
        dc1_0.chunk_strategy,
        dc1_0.content,
        dc1_0.course_id,
        dc1_0.created_at,
        dc1_0.document_id,
        dc1_0.page_end,
        dc1_0.page_start,
        dc1_0.token_count,
        dc1_0.word_count,
        dc1_0.workspace_id 
    from
        document_chunks dc1_0 
    where
        dc1_0.document_id=? 
    order by
        dc1_0.chunk_index
Hibernate: 
    select
        dc1_0.chunk_id,
        dc1_0.chapter_id,
        dc1_0.char_count,
        dc1_0.chunk_index,
        dc1_0.chunk_overlap,
        dc1_0.chunk_size,
        dc1_0.chunk_strategy,
        dc1_0.content,
        dc1_0.course_id,
        dc1_0.created_at,
        dc1_0.document_id,
        dc1_0.page_end,
        dc1_0.page_start,
        dc1_0.token_count,
        dc1_0.word_count,
        dc1_0.workspace_id 
    from
        document_chunks dc1_0 
    where
        dc1_0.document_id=? 
    order by
        dc1_0.chunk_index
Hibernate: 
    select
        count_big(*) 
    from
        course_documents cd1_0 
    where
        cd1_0.document_id=?
Hibernate: 
    select
        dc1_0.chunk_id,
        dc1_0.chapter_id,
        dc1_0.char_count,
        dc1_0.chunk_index,
        dc1_0.chunk_overlap,
        dc1_0.chunk_size,
        dc1_0.chunk_strategy,
        dc1_0.content,
        dc1_0.course_id,
        dc1_0.created_at,
        dc1_0.document_id,
        dc1_0.page_end,
        dc1_0.page_start,
        dc1_0.token_count,
        dc1_0.word_count,
        dc1_0.workspace_id 
    from
        document_chunks dc1_0 
    where
        dc1_0.document_id=? 
    order by
        dc1_0.chunk_index
Hibernate: 
    select
        count_big(*) 
    from
        course_documents cd1_0 
    where
        cd1_0.document_id=?
Hibernate: 
    select
        dc1_0.chunk_id,
        dc1_0.chapter_id,
        dc1_0.char_count,
        dc1_0.chunk_index,
        dc1_0.chunk_overlap,
        dc1_0.chunk_size,
        dc1_0.chunk_strategy,
        dc1_0.content,
        dc1_0.course_id,
        dc1_0.created_at,
        dc1_0.document_id,
        dc1_0.page_end,
        dc1_0.page_start,
        dc1_0.token_count,
        dc1_0.word_count,
        dc1_0.workspace_id 
    from
        document_chunks dc1_0 
    where
        dc1_0.document_id=? 
    order by
        dc1_0.chunk_index
Hibernate: 
    select
        cw1_0.workspace_id,
        cw1_0.course_id,
        cw1_0.created_at,
        cw1_0.description,
        cw1_0.is_active,
        cw1_0.owner_user_id,
        cw1_0.updated_at,
        cw1_0.visibility,
        cw1_0.workspace_title 
    from
        course_workspaces cw1_0 
    where
        cw1_0.is_active=1 
    order by
        cw1_0.created_at desc
Hibernate: 
    select
        cw1_0.workspace_id,
        cw1_0.course_id,
        cw1_0.created_at,
        cw1_0.description,
        cw1_0.is_active,
        cw1_0.owner_user_id,
        cw1_0.updated_at,
        cw1_0.visibility,
        cw1_0.workspace_title 
    from
        course_workspaces cw1_0 
    where
        cw1_0.is_active=1 
    order by
        cw1_0.created_at desc
Hibernate: 
    select
        cw1_0.workspace_id,
        cw1_0.course_id,
        cw1_0.created_at,
        cw1_0.description,
        cw1_0.is_active,
        cw1_0.owner_user_id,
        cw1_0.updated_at,
        cw1_0.visibility,
        cw1_0.workspace_title 
    from
        course_workspaces cw1_0 
    where
        cw1_0.is_active=1 
    order by
        cw1_0.created_at desc
Hibernate: 
    select
        cd1_0.document_id,
        cd1_0.chapter_id,
        cd1_0.course_id,
        cd1_0.document_title,
        cd1_0.error_message,
        cd1_0.file_path,
        cd1_0.file_size_bytes,
        cd1_0.file_type,
        cd1_0.language,
        cd1_0.mime_type,
        cd1_0.original_filename,
        cd1_0.processing_status,
        cd1_0.total_pages,
        cd1_0.updated_at,
        cd1_0.uploaded_at,
        cd1_0.uploaded_by,
        cd1_0.workspace_id 
    from
        course_documents cd1_0 
    where
        cd1_0.workspace_id=? 
    order by
        cd1_0.uploaded_at desc
Hibernate: 
    select
        count_big(*) 
    from
        course_documents cd1_0 
    where
        cd1_0.document_id=?
Hibernate: 
    select
        count_big(*) 
    from
        course_documents cd1_0 
    where
        cd1_0.document_id=?
Hibernate: 
    select
        cd1_0.document_id,
        cd1_0.chapter_id,
        cd1_0.course_id,
        cd1_0.document_title,
        cd1_0.error_message,
        cd1_0.file_path,
        cd1_0.file_size_bytes,
        cd1_0.file_type,
        cd1_0.language,
        cd1_0.mime_type,
        cd1_0.original_filename,
        cd1_0.processing_status,
        cd1_0.total_pages,
        cd1_0.updated_at,
        cd1_0.uploaded_at,
        cd1_0.uploaded_by,
        cd1_0.workspace_id 
    from
        course_documents cd1_0 
    where
        cd1_0.workspace_id=? 
    order by
        cd1_0.uploaded_at desc
Hibernate: 
    select
        dc1_0.chunk_id,
        dc1_0.chapter_id,
        dc1_0.char_count,
        dc1_0.chunk_index,
        dc1_0.chunk_overlap,
        dc1_0.chunk_size,
        dc1_0.chunk_strategy,
        dc1_0.content,
        dc1_0.course_id,
        dc1_0.created_at,
        dc1_0.document_id,
        dc1_0.page_end,
        dc1_0.page_start,
        dc1_0.token_count,
        dc1_0.word_count,
        dc1_0.workspace_id 
    from
        document_chunks dc1_0 
    where
        dc1_0.document_id=? 
    order by
        dc1_0.chunk_index
Hibernate: 
    select
        dc1_0.chunk_id,
        dc1_0.chapter_id,
        dc1_0.char_count,
        dc1_0.chunk_index,
        dc1_0.chunk_overlap,
        dc1_0.chunk_size,
        dc1_0.chunk_strategy,
        dc1_0.content,
        dc1_0.course_id,
        dc1_0.created_at,
        dc1_0.document_id,
        dc1_0.page_end,
        dc1_0.page_start,
        dc1_0.token_count,
        dc1_0.word_count,
        dc1_0.workspace_id 
    from
        document_chunks dc1_0 
    where
        dc1_0.document_id=? 
    order by
        dc1_0.chunk_index
Hibernate: 
    select
        count_big(*) 
    from
        course_documents cd1_0 
    where
        cd1_0.document_id=?
Hibernate: 
    select
        dc1_0.chunk_id,
        dc1_0.chapter_id,
        dc1_0.char_count,
        dc1_0.chunk_index,
        dc1_0.chunk_overlap,
        dc1_0.chunk_size,
        dc1_0.chunk_strategy,
        dc1_0.content,
        dc1_0.course_id,
        dc1_0.created_at,
        dc1_0.document_id,
        dc1_0.page_end,
        dc1_0.page_start,
        dc1_0.token_count,
        dc1_0.word_count,
        dc1_0.workspace_id 
    from
        document_chunks dc1_0 
    where
        dc1_0.document_id=? 
    order by
        dc1_0.chunk_index
Hibernate: 
    select
        count_big(*) 
    from
        course_documents cd1_0 
    where
        cd1_0.document_id=?
Hibernate: 
    select
        dc1_0.chunk_id,
        dc1_0.chapter_id,
        dc1_0.char_count,
        dc1_0.chunk_index,
        dc1_0.chunk_overlap,
        dc1_0.chunk_size,
        dc1_0.chunk_strategy,
        dc1_0.content,
        dc1_0.course_id,
        dc1_0.created_at,
        dc1_0.document_id,
        dc1_0.page_end,
        dc1_0.page_start,
        dc1_0.token_count,
        dc1_0.word_count,
        dc1_0.workspace_id 
    from
        document_chunks dc1_0 
    where
        dc1_0.document_id=? 
    order by
        dc1_0.chunk_index
2026-06-07T22:13:15.402+07:00  INFO 10012 --- [courseqa-springboot-mvc2-skeleton] [   File Watcher] rtingClassPathChangeChangedEventListener : Restarting due to 109 class path changes (0 additions, 109 deletions, 0 modifications)
2026-06-07T22:13:15.536+07:00  INFO 10012 --- [courseqa-springboot-mvc2-skeleton] [       Thread-5] j.LocalContainerEntityManagerFactoryBean : Closing JPA EntityManagerFactory for persistence unit 'default'
2026-06-07T22:13:15.584+07:00  INFO 10012 --- [courseqa-springboot-mvc2-skeleton] [       Thread-5] com.zaxxer.hikari.HikariDataSource       : HikariPool-1 - Shutdown initiated...
2026-06-07T22:13:15.605+07:00  INFO 10012 --- [courseqa-springboot-mvc2-skeleton] [       Thread-5] com.zaxxer.hikari.HikariDataSource       : HikariPool-1 - Shutdown completed.
Standard Commons Logging discovery in action with spring-jcl: please remove commons-logging.jar from classpath in order to avoid potential conflicts

  .   ____          _            __ _ _
 /\\ / ___'_ __ _ _(_)_ __  __ _ \ \ \ \
( ( )\___ | '_ | '_| | '_ \/ _` | \ \ \ \
 \\/  ___)| |_)| | | | | || (_| |  ) ) ) )
  '  |____| .__|_| |_|_| |_\__, | / / / /
 =========|_|==============|___/=/_/_/_/

 :: Spring Boot ::                (v3.3.5)

2026-06-07T22:13:15.920+07:00  INFO 10012 --- [courseqa-springboot-mvc2-skeleton] [  restartedMain] com.courseqa.CourseQaApplication         : Starting CourseQaApplication using Java 26.0.1 with PID 10012 (C:\Users\dinhd\Documents\GitHub\BACKEND\courseqa-springboot-mvc2-skeleton\BACKEND\target\classes started by dinhd in C:\Users\dinhd\Documents\GitHub\BACKEND\courseqa-springboot-mvc2-skeleton\BACKEND)
2026-06-07T22:13:15.921+07:00  INFO 10012 --- [courseqa-springboot-mvc2-skeleton] [  restartedMain] com.courseqa.CourseQaApplication         : No active profile set, falling back to 1 default profile: "default"
2026-06-07T22:13:16.750+07:00  INFO 10012 --- [courseqa-springboot-mvc2-skeleton] [  restartedMain] .s.d.r.c.RepositoryConfigurationDelegate : Bootstrapping Spring Data JPA repositories in DEFAULT mode.
2026-06-07T22:13:16.767+07:00  INFO 10012 --- [courseqa-springboot-mvc2-skeleton] [  restartedMain] .s.d.r.c.RepositoryConfigurationDelegate : Finished Spring Data repository scanning in 15 ms. Found 0 JPA repository interfaces.
2026-06-07T22:13:17.356+07:00  INFO 10012 --- [courseqa-springboot-mvc2-skeleton] [  restartedMain] o.s.b.w.embedded.tomcat.TomcatWebServer  : Tomcat initialized with port 8080 (http)
2026-06-07T22:13:17.363+07:00  INFO 10012 --- [courseqa-springboot-mvc2-skeleton] [  restartedMain] o.apache.catalina.core.StandardService   : Starting service [Tomcat]
2026-06-07T22:13:17.364+07:00  INFO 10012 --- [courseqa-springboot-mvc2-skeleton] [  restartedMain] o.apache.catalina.core.StandardEngine    : Starting Servlet engine: [Apache Tomcat/10.1.31]
2026-06-07T22:13:17.495+07:00  INFO 10012 --- [courseqa-springboot-mvc2-skeleton] [  restartedMain] o.a.c.c.C.[Tomcat].[localhost].[/]       : Initializing Spring embedded WebApplicationContext
2026-06-07T22:13:17.496+07:00  INFO 10012 --- [courseqa-springboot-mvc2-skeleton] [  restartedMain] w.s.c.ServletWebServerApplicationContext : Root WebApplicationContext: initialization completed in 1570 ms
Standard Commons Logging discovery in action with spring-jcl: please remove commons-logging.jar from classpath in order to avoid potential conflicts
2026-06-07T22:13:17.695+07:00  INFO 10012 --- [courseqa-springboot-mvc2-skeleton] [  restartedMain] o.hibernate.jpa.internal.util.LogHelper  : HHH000204: Processing PersistenceUnitInfo [name: default]
2026-06-07T22:13:17.705+07:00  INFO 10012 --- [courseqa-springboot-mvc2-skeleton] [  restartedMain] o.h.c.internal.RegionFactoryInitiator    : HHH000026: Second-level cache disabled
2026-06-07T22:13:17.745+07:00  INFO 10012 --- [courseqa-springboot-mvc2-skeleton] [  restartedMain] o.s.o.j.p.SpringPersistenceUnitInfo      : No LoadTimeWeaver setup: ignoring JPA class transformer
2026-06-07T22:13:17.748+07:00  INFO 10012 --- [courseqa-springboot-mvc2-skeleton] [  restartedMain] com.zaxxer.hikari.HikariDataSource       : HikariPool-2 - Starting...
2026-06-07T22:13:17.806+07:00  INFO 10012 --- [courseqa-springboot-mvc2-skeleton] [  restartedMain] com.zaxxer.hikari.pool.HikariPool        : HikariPool-2 - Added connection ConnectionID:41 ClientConnectionId: 1afb61d3-6fce-4d4c-93cd-747accda5697
2026-06-07T22:13:17.807+07:00  INFO 10012 --- [courseqa-springboot-mvc2-skeleton] [  restartedMain] com.zaxxer.hikari.HikariDataSource       : HikariPool-2 - Start completed.
2026-06-07T22:13:17.810+07:00  WARN 10012 --- [courseqa-springboot-mvc2-skeleton] [  restartedMain] org.hibernate.orm.deprecation            : HHH90000025: SQLServerDialect does not need to be specified explicitly using 'hibernate.dialect' (remove the property setting and it will be selected by default)
2026-06-07T22:13:17.931+07:00  INFO 10012 --- [courseqa-springboot-mvc2-skeleton] [  restartedMain] o.h.e.t.j.p.i.JtaPlatformInitiator       : HHH000489: No JTA platform available (set 'hibernate.transaction.jta.platform' to enable JTA platform integration)
2026-06-07T22:13:17.932+07:00  INFO 10012 --- [courseqa-springboot-mvc2-skeleton] [  restartedMain] j.LocalContainerEntityManagerFactoryBean : Initialized JPA EntityManagerFactory for persistence unit 'default'
2026-06-07T22:13:18.127+07:00  WARN 10012 --- [courseqa-springboot-mvc2-skeleton] [  restartedMain] JpaBaseConfiguration$JpaWebConfiguration : spring.jpa.open-in-view is enabled by default. Therefore, database queries may be performed during view rendering. Explicitly configure spring.jpa.open-in-view to disable this warning
2026-06-07T22:13:18.677+07:00  INFO 10012 --- [courseqa-springboot-mvc2-skeleton] [  restartedMain] o.s.b.d.a.OptionalLiveReloadServer       : LiveReload server is running on port 35729
2026-06-07T22:13:18.716+07:00  INFO 10012 --- [courseqa-springboot-mvc2-skeleton] [  restartedMain] o.s.b.w.embedded.tomcat.TomcatWebServer  : Tomcat started on port 8080 (http) with context path '/'
2026-06-07T22:13:18.729+07:00  INFO 10012 --- [courseqa-springboot-mvc2-skeleton] [  restartedMain] com.courseqa.CourseQaApplication         : Started CourseQaApplication in 2.872 seconds (process running for 6062.478)
2026-06-07T22:13:18.733+07:00  INFO 10012 --- [courseqa-springboot-mvc2-skeleton] [  restartedMain] .ConditionEvaluationDeltaLoggingListener : Condition evaluation unchanged
2026-06-07T22:13:22.064+07:00  INFO 10012 --- [courseqa-springboot-mvc2-skeleton] [   File Watcher] rtingClassPathChangeChangedEventListener : Restarting due to 109 class path changes (109 additions, 0 deletions, 0 modifications)
2026-06-07T22:13:22.105+07:00  INFO 10012 --- [courseqa-springboot-mvc2-skeleton] [       Thread-7] j.LocalContainerEntityManagerFactoryBean : Closing JPA EntityManagerFactory for persistence unit 'default'
2026-06-07T22:13:22.107+07:00  INFO 10012 --- [courseqa-springboot-mvc2-skeleton] [       Thread-7] com.zaxxer.hikari.HikariDataSource       : HikariPool-2 - Shutdown initiated...
2026-06-07T22:13:22.114+07:00  INFO 10012 --- [courseqa-springboot-mvc2-skeleton] [       Thread-7] com.zaxxer.hikari.HikariDataSource       : HikariPool-2 - Shutdown completed.
Standard Commons Logging discovery in action with spring-jcl: please remove commons-logging.jar from classpath in order to avoid potential conflicts

  .   ____          _            __ _ _
 /\\ / ___'_ __ _ _(_)_ __  __ _ \ \ \ \
( ( )\___ | '_ | '_| | '_ \/ _` | \ \ \ \
 \\/  ___)| |_)| | | | | || (_| |  ) ) ) )
  '  |____| .__|_| |_|_| |_\__, | / / / /
 =========|_|==============|___/=/_/_/_/

 :: Spring Boot ::                (v3.3.5)

2026-06-07T22:13:22.294+07:00  INFO 10012 --- [courseqa-springboot-mvc2-skeleton] [  restartedMain] com.courseqa.CourseQaApplication         : Starting CourseQaApplication using Java 26.0.1 with PID 10012 (C:\Users\dinhd\Documents\GitHub\BACKEND\courseqa-springboot-mvc2-skeleton\BACKEND\target\classes started by dinhd in C:\Users\dinhd\Documents\GitHub\BACKEND\courseqa-springboot-mvc2-skeleton\BACKEND)
2026-06-07T22:13:22.295+07:00  INFO 10012 --- [courseqa-springboot-mvc2-skeleton] [  restartedMain] com.courseqa.CourseQaApplication         : No active profile set, falling back to 1 default profile: "default"
2026-06-07T22:13:23.443+07:00  INFO 10012 --- [courseqa-springboot-mvc2-skeleton] [  restartedMain] .s.d.r.c.RepositoryConfigurationDelegate : Bootstrapping Spring Data JPA repositories in DEFAULT mode.
2026-06-07T22:13:23.772+07:00  INFO 10012 --- [courseqa-springboot-mvc2-skeleton] [  restartedMain] .s.d.r.c.RepositoryConfigurationDelegate : Finished Spring Data repository scanning in 328 ms. Found 12 JPA repository interfaces.
2026-06-07T22:13:23.910+07:00  INFO 10012 --- [courseqa-springboot-mvc2-skeleton] [  restartedMain] o.s.b.w.embedded.tomcat.TomcatWebServer  : Tomcat initialized with port 8080 (http)
2026-06-07T22:13:23.912+07:00  INFO 10012 --- [courseqa-springboot-mvc2-skeleton] [  restartedMain] o.apache.catalina.core.StandardService   : Starting service [Tomcat]
2026-06-07T22:13:23.912+07:00  INFO 10012 --- [courseqa-springboot-mvc2-skeleton] [  restartedMain] o.apache.catalina.core.StandardEngine    : Starting Servlet engine: [Apache Tomcat/10.1.31]
2026-06-07T22:13:23.938+07:00  INFO 10012 --- [courseqa-springboot-mvc2-skeleton] [  restartedMain] o.a.c.c.C.[Tomcat].[localhost].[/]       : Initializing Spring embedded WebApplicationContext
2026-06-07T22:13:23.938+07:00  INFO 10012 --- [courseqa-springboot-mvc2-skeleton] [  restartedMain] w.s.c.ServletWebServerApplicationContext : Root WebApplicationContext: initialization completed in 1639 ms
Standard Commons Logging discovery in action with spring-jcl: please remove commons-logging.jar from classpath in order to avoid potential conflicts
2026-06-07T22:13:23.983+07:00  INFO 10012 --- [courseqa-springboot-mvc2-skeleton] [  restartedMain] o.hibernate.jpa.internal.util.LogHelper  : HHH000204: Processing PersistenceUnitInfo [name: default]
2026-06-07T22:13:23.985+07:00  INFO 10012 --- [courseqa-springboot-mvc2-skeleton] [  restartedMain] o.h.c.internal.RegionFactoryInitiator    : HHH000026: Second-level cache disabled
2026-06-07T22:13:23.995+07:00  INFO 10012 --- [courseqa-springboot-mvc2-skeleton] [  restartedMain] o.s.o.j.p.SpringPersistenceUnitInfo      : No LoadTimeWeaver setup: ignoring JPA class transformer
2026-06-07T22:13:23.996+07:00  INFO 10012 --- [courseqa-springboot-mvc2-skeleton] [  restartedMain] com.zaxxer.hikari.HikariDataSource       : HikariPool-3 - Starting...
2026-06-07T22:13:24.015+07:00  INFO 10012 --- [courseqa-springboot-mvc2-skeleton] [  restartedMain] com.zaxxer.hikari.pool.HikariPool        : HikariPool-3 - Added connection ConnectionID:51 ClientConnectionId: 8b1c1bd8-ba11-4699-985f-feb7f3cc6cfd
2026-06-07T22:13:24.016+07:00  INFO 10012 --- [courseqa-springboot-mvc2-skeleton] [  restartedMain] com.zaxxer.hikari.HikariDataSource       : HikariPool-3 - Start completed.
2026-06-07T22:13:24.016+07:00  WARN 10012 --- [courseqa-springboot-mvc2-skeleton] [  restartedMain] org.hibernate.orm.deprecation            : HHH90000025: SQLServerDialect does not need to be specified explicitly using 'hibernate.dialect' (remove the property setting and it will be selected by default)
2026-06-07T22:13:24.331+07:00  INFO 10012 --- [courseqa-springboot-mvc2-skeleton] [  restartedMain] o.h.e.t.j.p.i.JtaPlatformInitiator       : HHH000489: No JTA platform available (set 'hibernate.transaction.jta.platform' to enable JTA platform integration)
2026-06-07T22:13:24.332+07:00  INFO 10012 --- [courseqa-springboot-mvc2-skeleton] [  restartedMain] j.LocalContainerEntityManagerFactoryBean : Initialized JPA EntityManagerFactory for persistence unit 'default'
2026-06-07T22:13:24.614+07:00  WARN 10012 --- [courseqa-springboot-mvc2-skeleton] [  restartedMain] JpaBaseConfiguration$JpaWebConfiguration : spring.jpa.open-in-view is enabled by default. Therefore, database queries may be performed during view rendering. Explicitly configure spring.jpa.open-in-view to disable this warning
2026-06-07T22:13:24.793+07:00  INFO 10012 --- [courseqa-springboot-mvc2-skeleton] [  restartedMain] o.s.b.d.a.OptionalLiveReloadServer       : LiveReload server is running on port 35729
2026-06-07T22:13:24.802+07:00  INFO 10012 --- [courseqa-springboot-mvc2-skeleton] [  restartedMain] o.s.b.w.embedded.tomcat.TomcatWebServer  : Tomcat started on port 8080 (http) with context path '/'
2026-06-07T22:13:24.806+07:00  INFO 10012 --- [courseqa-springboot-mvc2-skeleton] [  restartedMain] com.courseqa.CourseQaApplication         : Started CourseQaApplication in 2.592 seconds (process running for 6068.555)
2026-06-07T22:13:24.807+07:00  INFO 10012 --- [courseqa-springboot-mvc2-skeleton] [  restartedMain] .ConditionEvaluationDeltaLoggingListener : Condition evaluation unchanged
2026-06-07T22:14:43.066+07:00  INFO 10012 --- [courseqa-springboot-mvc2-skeleton] [nio-8080-exec-1] o.a.c.c.C.[Tomcat].[localhost].[/]       : Initializing Spring DispatcherServlet 'dispatcherServlet'
2026-06-07T22:14:43.067+07:00  INFO 10012 --- [courseqa-springboot-mvc2-skeleton] [nio-8080-exec-1] o.s.web.servlet.DispatcherServlet        : Initializing Servlet 'dispatcherServlet'
2026-06-07T22:14:43.070+07:00  INFO 10012 --- [courseqa-springboot-mvc2-skeleton] [nio-8080-exec-1] o.s.web.servlet.DispatcherServlet        : Completed initialization in 3 ms
Hibernate: 
    select
        cw1_0.workspace_id,
        cw1_0.course_id,
        cw1_0.created_at,
        cw1_0.description,
        cw1_0.is_active,
        cw1_0.owner_user_id,
        cw1_0.updated_at,
        cw1_0.visibility,
        cw1_0.workspace_title 
    from
        course_workspaces cw1_0 
    where
        cw1_0.is_active=1 
    order by
        cw1_0.created_at desc
Hibernate: 
    select
        cw1_0.workspace_id,
        cw1_0.course_id,
        cw1_0.created_at,
        cw1_0.description,
        cw1_0.is_active,
        cw1_0.owner_user_id,
        cw1_0.updated_at,
        cw1_0.visibility,
        cw1_0.workspace_title 
    from
        course_workspaces cw1_0 
    where
        cw1_0.is_active=1 
    order by
        cw1_0.created_at desc
Hibernate: 
    select
        cd1_0.document_id,
        cd1_0.chapter_id,
        cd1_0.course_id,
        cd1_0.document_title,
        cd1_0.error_message,
        cd1_0.file_path,
        cd1_0.file_size_bytes,
        cd1_0.file_type,
        cd1_0.language,
        cd1_0.mime_type,
        cd1_0.original_filename,
        cd1_0.processing_status,
        cd1_0.total_pages,
        cd1_0.updated_at,
        cd1_0.uploaded_at,
        cd1_0.uploaded_by,
        cd1_0.workspace_id 
    from
        course_documents cd1_0 
    where
        cd1_0.workspace_id=? 
    order by
        cd1_0.uploaded_at desc
Hibernate: 
    select
        cw1_0.workspace_id,
        cw1_0.course_id,
        cw1_0.created_at,
        cw1_0.description,
        cw1_0.is_active,
        cw1_0.owner_user_id,
        cw1_0.updated_at,
        cw1_0.visibility,
        cw1_0.workspace_title 
    from
        course_workspaces cw1_0 
    where
        cw1_0.is_active=1 
    order by
        cw1_0.created_at desc
Hibernate: 
    select
        cd1_0.document_id,
        cd1_0.chapter_id,
        cd1_0.course_id,
        cd1_0.document_title,
        cd1_0.error_message,
        cd1_0.file_path,
        cd1_0.file_size_bytes,
        cd1_0.file_type,
        cd1_0.language,
        cd1_0.mime_type,
        cd1_0.original_filename,
        cd1_0.processing_status,
        cd1_0.total_pages,
        cd1_0.updated_at,
        cd1_0.uploaded_at,
        cd1_0.uploaded_by,
        cd1_0.workspace_id 
    from
        course_documents cd1_0 
    where
        cd1_0.workspace_id=? 
    order by
        cd1_0.uploaded_at desc
Hibernate: 
    select
        count_big(*) 
    from
        course_documents cd1_0 
    where
        cd1_0.document_id=?
Hibernate: 
    select
        count_big(*) 
    from
        course_documents cd1_0 
    where
        cd1_0.document_id=?
Hibernate: 
    select
        dc1_0.chunk_id,
        dc1_0.chapter_id,
        dc1_0.char_count,
        dc1_0.chunk_index,
        dc1_0.chunk_overlap,
        dc1_0.chunk_size,
        dc1_0.chunk_strategy,
        dc1_0.content,
        dc1_0.course_id,
        dc1_0.created_at,
        dc1_0.document_id,
        dc1_0.page_end,
        dc1_0.page_start,
        dc1_0.token_count,
        dc1_0.word_count,
        dc1_0.workspace_id 
    from
        document_chunks dc1_0 
    where
        dc1_0.document_id=? 
    order by
        dc1_0.chunk_index
Hibernate: 
    select
        dc1_0.chunk_id,
        dc1_0.chapter_id,
        dc1_0.char_count,
        dc1_0.chunk_index,
        dc1_0.chunk_overlap,
        dc1_0.chunk_size,
        dc1_0.chunk_strategy,
        dc1_0.content,
        dc1_0.course_id,
        dc1_0.created_at,
        dc1_0.document_id,
        dc1_0.page_end,
        dc1_0.page_start,
        dc1_0.token_count,
        dc1_0.word_count,
        dc1_0.workspace_id 
    from
        document_chunks dc1_0 
    where
        dc1_0.document_id=? 
    order by
        dc1_0.chunk_index
Hibernate: 
    select
        count_big(*) 
    from
        course_documents cd1_0 
    where
        cd1_0.document_id=?
Hibernate: 
    select
        count_big(*) 
    from
        course_documents cd1_0 
    where
        cd1_0.document_id=?
Hibernate: 
    select
        dc1_0.chunk_id,
        dc1_0.chapter_id,
        dc1_0.char_count,
        dc1_0.chunk_index,
        dc1_0.chunk_overlap,
        dc1_0.chunk_size,
        dc1_0.chunk_strategy,
        dc1_0.content,
        dc1_0.course_id,
        dc1_0.created_at,
        dc1_0.document_id,
        dc1_0.page_end,
        dc1_0.page_start,
        dc1_0.token_count,
        dc1_0.word_count,
        dc1_0.workspace_id 
    from
        document_chunks dc1_0 
    where
        dc1_0.document_id=? 
    order by
        dc1_0.chunk_index
Hibernate: 
    select
        dc1_0.chunk_id,
        dc1_0.chapter_id,
        dc1_0.char_count,
        dc1_0.chunk_index,
        dc1_0.chunk_overlap,
        dc1_0.chunk_size,
        dc1_0.chunk_strategy,
        dc1_0.content,
        dc1_0.course_id,
        dc1_0.created_at,
        dc1_0.document_id,
        dc1_0.page_end,
        dc1_0.page_start,
        dc1_0.token_count,
        dc1_0.word_count,
        dc1_0.workspace_id 
    from
        document_chunks dc1_0 
    where
        dc1_0.document_id=? 
    order by
        dc1_0.chunk_index
Hibernate: 
    select
        count_big(*) 
    from
        course_documents cd1_0 
    where
        cd1_0.document_id=?
Hibernate: 
    select
        cd1_0.document_id,
        cd1_0.chapter_id,
        cd1_0.course_id,
        cd1_0.document_title,
        cd1_0.error_message,
        cd1_0.file_path,
        cd1_0.file_size_bytes,
        cd1_0.file_type,
        cd1_0.language,
        cd1_0.mime_type,
        cd1_0.original_filename,
        cd1_0.processing_status,
        cd1_0.total_pages,
        cd1_0.updated_at,
        cd1_0.uploaded_at,
        cd1_0.uploaded_by,
        cd1_0.workspace_id 
    from
        course_documents cd1_0 
    where
        cd1_0.document_id=?
Hibernate: 
    select
        dc1_0.chunk_id,
        dc1_0.chapter_id,
        dc1_0.char_count,
        dc1_0.chunk_index,
        dc1_0.chunk_overlap,
        dc1_0.chunk_size,
        dc1_0.chunk_strategy,
        dc1_0.content,
        dc1_0.course_id,
        dc1_0.created_at,
        dc1_0.document_id,
        dc1_0.page_end,
        dc1_0.page_start,
        dc1_0.token_count,
        dc1_0.word_count,
        dc1_0.workspace_id 
    from
        document_chunks dc1_0 
    where
        dc1_0.document_id=? 
    order by
        dc1_0.chunk_index
Hibernate: 
    select
        cd1_0.document_id,
        cd1_0.chapter_id,
        cd1_0.course_id,
        cd1_0.document_title,
        cd1_0.error_message,
        cd1_0.file_path,
        cd1_0.file_size_bytes,
        cd1_0.file_type,
        cd1_0.language,
        cd1_0.mime_type,
        cd1_0.original_filename,
        cd1_0.processing_status,
        cd1_0.total_pages,
        cd1_0.updated_at,
        cd1_0.uploaded_at,
        cd1_0.uploaded_by,
        cd1_0.workspace_id 
    from
        course_documents cd1_0 
    where
        cd1_0.document_id=?
Hibernate: 
    select
        count_big(*) 
    from
        course_documents cd1_0 
    where
        cd1_0.document_id=?
Hibernate: 
    select
        dc1_0.chunk_id,
        dc1_0.chapter_id,
        dc1_0.char_count,
        dc1_0.chunk_index,
        dc1_0.chunk_overlap,
        dc1_0.chunk_size,
        dc1_0.chunk_strategy,
        dc1_0.content,
        dc1_0.course_id,
        dc1_0.created_at,
        dc1_0.document_id,
        dc1_0.page_end,
        dc1_0.page_start,
        dc1_0.token_count,
        dc1_0.word_count,
        dc1_0.workspace_id 
    from
        document_chunks dc1_0 
    where
        dc1_0.document_id=? 
    order by
        dc1_0.chunk_index
Hibernate: 
    select
        cw1_0.workspace_id,
        cw1_0.course_id,
        cw1_0.created_at,
        cw1_0.description,
        cw1_0.is_active,
        cw1_0.owner_user_id,
        cw1_0.updated_at,
        cw1_0.visibility,
        cw1_0.workspace_title 
    from
        course_workspaces cw1_0 
    where
        cw1_0.is_active=1 
    order by
        cw1_0.created_at desc
Hibernate: 
    select
        cw1_0.workspace_id,
        cw1_0.course_id,
        cw1_0.created_at,
        cw1_0.description,
        cw1_0.is_active,
        cw1_0.owner_user_id,
        cw1_0.updated_at,
        cw1_0.visibility,
        cw1_0.workspace_title 
    from
        course_workspaces cw1_0 
    where
        cw1_0.is_active=1 
    order by
        cw1_0.created_at desc
Hibernate: 
    select
        cw1_0.workspace_id,
        cw1_0.course_id,
        cw1_0.created_at,
        cw1_0.description,
        cw1_0.is_active,
        cw1_0.owner_user_id,
        cw1_0.updated_at,
        cw1_0.visibility,
        cw1_0.workspace_title 
    from
        course_workspaces cw1_0 
    where
        cw1_0.is_active=1 
    order by
        cw1_0.created_at desc
Hibernate: 
    select
        cd1_0.document_id,
        cd1_0.chapter_id,
        cd1_0.course_id,
        cd1_0.document_title,
        cd1_0.error_message,
        cd1_0.file_path,
        cd1_0.file_size_bytes,
        cd1_0.file_type,
        cd1_0.language,
        cd1_0.mime_type,
        cd1_0.original_filename,
        cd1_0.processing_status,
        cd1_0.total_pages,
        cd1_0.updated_at,
        cd1_0.uploaded_at,
        cd1_0.uploaded_by,
        cd1_0.workspace_id 
    from
        course_documents cd1_0 
    where
        cd1_0.workspace_id=? 
    order by
        cd1_0.uploaded_at desc
Hibernate: 
    select
        cd1_0.document_id,
        cd1_0.chapter_id,
        cd1_0.course_id,
        cd1_0.document_title,
        cd1_0.error_message,
        cd1_0.file_path,
        cd1_0.file_size_bytes,
        cd1_0.file_type,
        cd1_0.language,
        cd1_0.mime_type,
        cd1_0.original_filename,
        cd1_0.processing_status,
        cd1_0.total_pages,
        cd1_0.updated_at,
        cd1_0.uploaded_at,
        cd1_0.uploaded_by,
        cd1_0.workspace_id 
    from
        course_documents cd1_0 
    where
        cd1_0.workspace_id=? 
    order by
        cd1_0.uploaded_at desc
Hibernate: 
    select
        count_big(*) 
    from
        course_documents cd1_0 
    where
        cd1_0.document_id=?
Hibernate: 
    select
        count_big(*) 
    from
        course_documents cd1_0 
    where
        cd1_0.document_id=?
Hibernate: 
    select
        dc1_0.chunk_id,
        dc1_0.chapter_id,
        dc1_0.char_count,
        dc1_0.chunk_index,
        dc1_0.chunk_overlap,
        dc1_0.chunk_size,
        dc1_0.chunk_strategy,
        dc1_0.content,
        dc1_0.course_id,
        dc1_0.created_at,
        dc1_0.document_id,
        dc1_0.page_end,
        dc1_0.page_start,
        dc1_0.token_count,
        dc1_0.word_count,
        dc1_0.workspace_id 
    from
        document_chunks dc1_0 
    where
        dc1_0.document_id=? 
    order by
        dc1_0.chunk_index
Hibernate: 
    select
        dc1_0.chunk_id,
        dc1_0.chapter_id,
        dc1_0.char_count,
        dc1_0.chunk_index,
        dc1_0.chunk_overlap,
        dc1_0.chunk_size,
        dc1_0.chunk_strategy,
        dc1_0.content,
        dc1_0.course_id,
        dc1_0.created_at,
        dc1_0.document_id,
        dc1_0.page_end,
        dc1_0.page_start,
        dc1_0.token_count,
        dc1_0.word_count,
        dc1_0.workspace_id 
    from
        document_chunks dc1_0 
    where
        dc1_0.document_id=? 
    order by
        dc1_0.chunk_index
Hibernate: 
    select
        count_big(*) 
    from
        course_documents cd1_0 
    where
        cd1_0.document_id=?
Hibernate: 
    select
        count_big(*) 
    from
        course_documents cd1_0 
    where
        cd1_0.document_id=?
Hibernate: 
    select
        dc1_0.chunk_id,
        dc1_0.chapter_id,
        dc1_0.char_count,
        dc1_0.chunk_index,
        dc1_0.chunk_overlap,
        dc1_0.chunk_size,
        dc1_0.chunk_strategy,
        dc1_0.content,
        dc1_0.course_id,
        dc1_0.created_at,
        dc1_0.document_id,
        dc1_0.page_end,
        dc1_0.page_start,
        dc1_0.token_count,
        dc1_0.word_count,
        dc1_0.workspace_id 
    from
        document_chunks dc1_0 
    where
        dc1_0.document_id=? 
    order by
        dc1_0.chunk_index
Hibernate: 
    select
        dc1_0.chunk_id,
        dc1_0.chapter_id,
        dc1_0.char_count,
        dc1_0.chunk_index,
        dc1_0.chunk_overlap,
        dc1_0.chunk_size,
        dc1_0.chunk_strategy,
        dc1_0.content,
        dc1_0.course_id,
        dc1_0.created_at,
        dc1_0.document_id,
        dc1_0.page_end,
        dc1_0.page_start,
        dc1_0.token_count,
        dc1_0.word_count,
        dc1_0.workspace_id 
    from
        document_chunks dc1_0 
    where
        dc1_0.document_id=? 
    order by
        dc1_0.chunk_index
Hibernate: 
    select
        cw1_0.workspace_id,
        cw1_0.course_id,
        cw1_0.created_at,
        cw1_0.description,
        cw1_0.is_active,
        cw1_0.owner_user_id,
        cw1_0.updated_at,
        cw1_0.visibility,
        cw1_0.workspace_title 
    from
        course_workspaces cw1_0 
    where
        cw1_0.is_active=1 
    order by
        cw1_0.created_at desc
Hibernate: 
    select
        cw1_0.workspace_id,
        cw1_0.course_id,
        cw1_0.created_at,
        cw1_0.description,
        cw1_0.is_active,
        cw1_0.owner_user_id,
        cw1_0.updated_at,
        cw1_0.visibility,
        cw1_0.workspace_title 
    from
        course_workspaces cw1_0 
    where
        cw1_0.is_active=1 
    order by
        cw1_0.created_at desc
Hibernate: 
    select
        cd1_0.document_id,
        cd1_0.chapter_id,
        cd1_0.course_id,
        cd1_0.document_title,
        cd1_0.error_message,
        cd1_0.file_path,
        cd1_0.file_size_bytes,
        cd1_0.file_type,
        cd1_0.language,
        cd1_0.mime_type,
        cd1_0.original_filename,
        cd1_0.processing_status,
        cd1_0.total_pages,
        cd1_0.updated_at,
        cd1_0.uploaded_at,
        cd1_0.uploaded_by,
        cd1_0.workspace_id 
    from
        course_documents cd1_0 
    where
        cd1_0.workspace_id=? 
    order by
        cd1_0.uploaded_at desc
Hibernate: 
    select
        cw1_0.workspace_id,
        cw1_0.course_id,
        cw1_0.created_at,
        cw1_0.description,
        cw1_0.is_active,
        cw1_0.owner_user_id,
        cw1_0.updated_at,
        cw1_0.visibility,
        cw1_0.workspace_title 
    from
        course_workspaces cw1_0 
    where
        cw1_0.is_active=1 
    order by
        cw1_0.created_at desc
Hibernate: 
    select
        count_big(*) 
    from
        course_documents cd1_0 
    where
        cd1_0.document_id=?
Hibernate: 
    select
        count_big(*) 
    from
        course_documents cd1_0 
    where
        cd1_0.document_id=?
Hibernate: 
    select
        cd1_0.document_id,
        cd1_0.chapter_id,
        cd1_0.course_id,
        cd1_0.document_title,
        cd1_0.error_message,
        cd1_0.file_path,
        cd1_0.file_size_bytes,
        cd1_0.file_type,
        cd1_0.language,
        cd1_0.mime_type,
        cd1_0.original_filename,
        cd1_0.processing_status,
        cd1_0.total_pages,
        cd1_0.updated_at,
        cd1_0.uploaded_at,
        cd1_0.uploaded_by,
        cd1_0.workspace_id 
    from
        course_documents cd1_0 
    where
        cd1_0.workspace_id=? 
    order by
        cd1_0.uploaded_at desc
Hibernate: 
    select
        dc1_0.chunk_id,
        dc1_0.chapter_id,
        dc1_0.char_count,
        dc1_0.chunk_index,
        dc1_0.chunk_overlap,
        dc1_0.chunk_size,
        dc1_0.chunk_strategy,
        dc1_0.content,
        dc1_0.course_id,
        dc1_0.created_at,
        dc1_0.document_id,
        dc1_0.page_end,
        dc1_0.page_start,
        dc1_0.token_count,
        dc1_0.word_count,
        dc1_0.workspace_id 
    from
        document_chunks dc1_0 
    where
        dc1_0.document_id=? 
    order by
        dc1_0.chunk_index
Hibernate: 
    select
        dc1_0.chunk_id,
        dc1_0.chapter_id,
        dc1_0.char_count,
        dc1_0.chunk_index,
        dc1_0.chunk_overlap,
        dc1_0.chunk_size,
        dc1_0.chunk_strategy,
        dc1_0.content,
        dc1_0.course_id,
        dc1_0.created_at,
        dc1_0.document_id,
        dc1_0.page_end,
        dc1_0.page_start,
        dc1_0.token_count,
        dc1_0.word_count,
        dc1_0.workspace_id 
    from
        document_chunks dc1_0 
    where
        dc1_0.document_id=? 
    order by
        dc1_0.chunk_index
Hibernate: 
    select
        count_big(*) 
    from
        course_documents cd1_0 
    where
        cd1_0.document_id=?
Hibernate: 
    select
        count_big(*) 
    from
        course_documents cd1_0 
    where
        cd1_0.document_id=?
Hibernate: 
    select
        dc1_0.chunk_id,
        dc1_0.chapter_id,
        dc1_0.char_count,
        dc1_0.chunk_index,
        dc1_0.chunk_overlap,
        dc1_0.chunk_size,
        dc1_0.chunk_strategy,
        dc1_0.content,
        dc1_0.course_id,
        dc1_0.created_at,
        dc1_0.document_id,
        dc1_0.page_end,
        dc1_0.page_start,
        dc1_0.token_count,
        dc1_0.word_count,
        dc1_0.workspace_id 
    from
        document_chunks dc1_0 
    where
        dc1_0.document_id=? 
    order by
        dc1_0.chunk_index
Hibernate: 
    select
        dc1_0.chunk_id,
        dc1_0.chapter_id,
        dc1_0.char_count,
        dc1_0.chunk_index,
        dc1_0.chunk_overlap,
        dc1_0.chunk_size,
        dc1_0.chunk_strategy,
        dc1_0.content,
        dc1_0.course_id,
        dc1_0.created_at,
        dc1_0.document_id,
        dc1_0.page_end,
        dc1_0.page_start,
        dc1_0.token_count,
        dc1_0.word_count,
        dc1_0.workspace_id 
    from
        document_chunks dc1_0 
    where
        dc1_0.document_id=? 
    order by
        dc1_0.chunk_index
Hibernate: 
    select
        cd1_0.document_id,
        cd1_0.chapter_id,
        cd1_0.course_id,
        cd1_0.document_title,
        cd1_0.error_message,
        cd1_0.file_path,
        cd1_0.file_size_bytes,
        cd1_0.file_type,
        cd1_0.language,
        cd1_0.mime_type,
        cd1_0.original_filename,
        cd1_0.processing_status,
        cd1_0.total_pages,
        cd1_0.updated_at,
        cd1_0.uploaded_at,
        cd1_0.uploaded_by,
        cd1_0.workspace_id 
    from
        course_documents cd1_0 
    where
        cd1_0.document_id=?
Hibernate: 
    select
        count_big(*) 
    from
        course_documents cd1_0 
    where
        cd1_0.document_id=?
Hibernate: 
    select
        dc1_0.chunk_id,
        dc1_0.chapter_id,
        dc1_0.char_count,
        dc1_0.chunk_index,
        dc1_0.chunk_overlap,
        dc1_0.chunk_size,
        dc1_0.chunk_strategy,
        dc1_0.content,
        dc1_0.course_id,
        dc1_0.created_at,
        dc1_0.document_id,
        dc1_0.page_end,
        dc1_0.page_start,
        dc1_0.token_count,
        dc1_0.word_count,
        dc1_0.workspace_id 
    from
        document_chunks dc1_0 
    where
        dc1_0.document_id=? 
    order by
        dc1_0.chunk_index
Hibernate: 
    select
        cd1_0.document_id,
        cd1_0.chapter_id,
        cd1_0.course_id,
        cd1_0.document_title,
        cd1_0.error_message,
        cd1_0.file_path,
        cd1_0.file_size_bytes,
        cd1_0.file_type,
        cd1_0.language,
        cd1_0.mime_type,
        cd1_0.original_filename,
        cd1_0.processing_status,
        cd1_0.total_pages,
        cd1_0.updated_at,
        cd1_0.uploaded_at,
        cd1_0.uploaded_by,
        cd1_0.workspace_id 
    from
        course_documents cd1_0 
    where
        cd1_0.document_id=?
Hibernate: 
    select
        count_big(*) 
    from
        course_documents cd1_0 
    where
        cd1_0.document_id=?
Hibernate: 
    select
        dc1_0.chunk_id,
        dc1_0.chapter_id,
        dc1_0.char_count,
        dc1_0.chunk_index,
        dc1_0.chunk_overlap,
        dc1_0.chunk_size,
        dc1_0.chunk_strategy,
        dc1_0.content,
        dc1_0.course_id,
        dc1_0.created_at,
        dc1_0.document_id,
        dc1_0.page_end,
        dc1_0.page_start,
        dc1_0.token_count,
        dc1_0.word_count,
        dc1_0.workspace_id 
    from
        document_chunks dc1_0 
    where
        dc1_0.document_id=? 
    order by
        dc1_0.chunk_index
Hibernate: 
    select
        cw1_0.workspace_id,
        cw1_0.course_id,
        cw1_0.created_at,
        cw1_0.description,
        cw1_0.is_active,
        cw1_0.owner_user_id,
        cw1_0.updated_at,
        cw1_0.visibility,
        cw1_0.workspace_title 
    from
        course_workspaces cw1_0 
    where
        cw1_0.is_active=1 
    order by
        cw1_0.created_at desc
Hibernate: 
    select
        cw1_0.workspace_id,
        cw1_0.course_id,
        cw1_0.created_at,
        cw1_0.description,
        cw1_0.is_active,
        cw1_0.owner_user_id,
        cw1_0.updated_at,
        cw1_0.visibility,
        cw1_0.workspace_title 
    from
        course_workspaces cw1_0 
    where
        cw1_0.is_active=1 
    order by
        cw1_0.created_at desc
Hibernate: 
    select
        cd1_0.document_id,
        cd1_0.chapter_id,
        cd1_0.course_id,
        cd1_0.document_title,
        cd1_0.error_message,
        cd1_0.file_path,
        cd1_0.file_size_bytes,
        cd1_0.file_type,
        cd1_0.language,
        cd1_0.mime_type,
        cd1_0.original_filename,
        cd1_0.processing_status,
        cd1_0.total_pages,
        cd1_0.updated_at,
        cd1_0.uploaded_at,
        cd1_0.uploaded_by,
        cd1_0.workspace_id 
    from
        course_documents cd1_0 
    where
        cd1_0.workspace_id=? 
    order by
        cd1_0.uploaded_at desc
Hibernate: 
    select
        cw1_0.workspace_id,
        cw1_0.course_id,
        cw1_0.created_at,
        cw1_0.description,
        cw1_0.is_active,
        cw1_0.owner_user_id,
        cw1_0.updated_at,
        cw1_0.visibility,
        cw1_0.workspace_title 
    from
        course_workspaces cw1_0 
    where
        cw1_0.is_active=1 
    order by
        cw1_0.created_at desc
Hibernate: 
    select
        count_big(*) 
    from
        course_documents cd1_0 
    where
        cd1_0.document_id=?
Hibernate: 
    select
        count_big(*) 
    from
        course_documents cd1_0 
    where
        cd1_0.document_id=?
Hibernate: 
    select
        cd1_0.document_id,
        cd1_0.chapter_id,
        cd1_0.course_id,
        cd1_0.document_title,
        cd1_0.error_message,
        cd1_0.file_path,
        cd1_0.file_size_bytes,
        cd1_0.file_type,
        cd1_0.language,
        cd1_0.mime_type,
        cd1_0.original_filename,
        cd1_0.processing_status,
        cd1_0.total_pages,
        cd1_0.updated_at,
        cd1_0.uploaded_at,
        cd1_0.uploaded_by,
        cd1_0.workspace_id 
    from
        course_documents cd1_0 
    where
        cd1_0.workspace_id=? 
    order by
        cd1_0.uploaded_at desc
Hibernate: 
    select
        dc1_0.chunk_id,
        dc1_0.chapter_id,
        dc1_0.char_count,
        dc1_0.chunk_index,
        dc1_0.chunk_overlap,
        dc1_0.chunk_size,
        dc1_0.chunk_strategy,
        dc1_0.content,
        dc1_0.course_id,
        dc1_0.created_at,
        dc1_0.document_id,
        dc1_0.page_end,
        dc1_0.page_start,
        dc1_0.token_count,
        dc1_0.word_count,
        dc1_0.workspace_id 
    from
        document_chunks dc1_0 
    where
        dc1_0.document_id=? 
    order by
        dc1_0.chunk_index
Hibernate: 
    select
        dc1_0.chunk_id,
        dc1_0.chapter_id,
        dc1_0.char_count,
        dc1_0.chunk_index,
        dc1_0.chunk_overlap,
        dc1_0.chunk_size,
        dc1_0.chunk_strategy,
        dc1_0.content,
        dc1_0.course_id,
        dc1_0.created_at,
        dc1_0.document_id,
        dc1_0.page_end,
        dc1_0.page_start,
        dc1_0.token_count,
        dc1_0.word_count,
        dc1_0.workspace_id 
    from
        document_chunks dc1_0 
    where
        dc1_0.document_id=? 
    order by
        dc1_0.chunk_index
Hibernate: 
    select
        count_big(*) 
    from
        course_documents cd1_0 
    where
        cd1_0.document_id=?
Hibernate: 
    select
        count_big(*) 
    from
        course_documents cd1_0 
    where
        cd1_0.document_id=?
Hibernate: 
    select
        dc1_0.chunk_id,
        dc1_0.chapter_id,
        dc1_0.char_count,
        dc1_0.chunk_index,
        dc1_0.chunk_overlap,
        dc1_0.chunk_size,
        dc1_0.chunk_strategy,
        dc1_0.content,
        dc1_0.course_id,
        dc1_0.created_at,
        dc1_0.document_id,
        dc1_0.page_end,
        dc1_0.page_start,
        dc1_0.token_count,
        dc1_0.word_count,
        dc1_0.workspace_id 
    from
        document_chunks dc1_0 
    where
        dc1_0.document_id=? 
    order by
        dc1_0.chunk_index
Hibernate: 
    select
        dc1_0.chunk_id,
        dc1_0.chapter_id,
        dc1_0.char_count,
        dc1_0.chunk_index,
        dc1_0.chunk_overlap,
        dc1_0.chunk_size,
        dc1_0.chunk_strategy,
        dc1_0.content,
        dc1_0.course_id,
        dc1_0.created_at,
        dc1_0.document_id,
        dc1_0.page_end,
        dc1_0.page_start,
        dc1_0.token_count,
        dc1_0.word_count,
        dc1_0.workspace_id 
    from
        document_chunks dc1_0 
    where
        dc1_0.document_id=? 
    order by
        dc1_0.chunk_index
Hibernate: 
    insert 
    into
        course_documents
        (chapter_id, course_id, document_title, error_message, file_path, file_size_bytes, file_type, language, mime_type, original_filename, processing_status, total_pages, updated_at, uploaded_at, uploaded_by, workspace_id, document_id) 
    values
        (?, ?, ?, ?, ?, ?, ?, ?, ?, ?, ?, ?, ?, ?, ?, ?, ?)
Hibernate: 
    insert 
    into
        document_pages
        (char_count, cleaned_text, document_id, error_message, extracted_at, extraction_status, page_number, raw_text, word_count, page_id) 
    values
        (?, ?, ?, ?, ?, ?, ?, ?, ?, ?)
Hibernate: 
    insert 
    into
        document_chunks
        (chapter_id, char_count, chunk_index, chunk_overlap, chunk_size, chunk_strategy, content, course_id, created_at, document_id, page_end, page_start, token_count, word_count, workspace_id, chunk_id) 
    values
        (?, ?, ?, ?, ?, ?, ?, ?, ?, ?, ?, ?, ?, ?, ?, ?)
Hibernate: 
    update
        course_documents 
    set
        chapter_id=?,
        course_id=?,
        document_title=?,
        error_message=?,
        file_path=?,
        file_size_bytes=?,
        file_type=?,
        language=?,
        mime_type=?,
        original_filename=?,
        processing_status=?,
        total_pages=?,
        updated_at=?,
        uploaded_at=?,
        uploaded_by=?,
        workspace_id=? 
    where
        document_id=?
Hibernate: 
    select
        count_big(*) 
    from
        course_documents cd1_0 
    where
        cd1_0.document_id=?
Hibernate: 
    select
        dc1_0.chunk_id,
        dc1_0.chapter_id,
        dc1_0.char_count,
        dc1_0.chunk_index,
        dc1_0.chunk_overlap,
        dc1_0.chunk_size,
        dc1_0.chunk_strategy,
        dc1_0.content,
        dc1_0.course_id,
        dc1_0.created_at,
        dc1_0.document_id,
        dc1_0.page_end,
        dc1_0.page_start,
        dc1_0.token_count,
        dc1_0.word_count,
        dc1_0.workspace_id 
    from
        document_chunks dc1_0 
    where
        dc1_0.document_id=? 
    order by
        dc1_0.chunk_index
Hibernate: 
    select
        count_big(*) 
    from
        course_documents cd1_0 
    where
        cd1_0.document_id=?
Hibernate: 
    select
        cd1_0.document_id,
        cd1_0.chapter_id,
        cd1_0.course_id,
        cd1_0.document_title,
        cd1_0.error_message,
        cd1_0.file_path,
        cd1_0.file_size_bytes,
        cd1_0.file_type,
        cd1_0.language,
        cd1_0.mime_type,
        cd1_0.original_filename,
        cd1_0.processing_status,
        cd1_0.total_pages,
        cd1_0.updated_at,
        cd1_0.uploaded_at,
        cd1_0.uploaded_by,
        cd1_0.workspace_id 
    from
        course_documents cd1_0 
    where
        cd1_0.document_id=?
Hibernate: 
    select
        dc1_0.chunk_id,
        dc1_0.chapter_id,
        dc1_0.char_count,
        dc1_0.chunk_index,
        dc1_0.chunk_overlap,
        dc1_0.chunk_size,
        dc1_0.chunk_strategy,
        dc1_0.content,
        dc1_0.course_id,
        dc1_0.created_at,
        dc1_0.document_id,
        dc1_0.page_end,
        dc1_0.page_start,
        dc1_0.token_count,
        dc1_0.word_count,
        dc1_0.workspace_id 
    from
        document_chunks dc1_0 
    where
        dc1_0.document_id=? 
    order by
        dc1_0.chunk_index
Hibernate: 
    select
        cd1_0.document_id,
        cd1_0.chapter_id,
        cd1_0.course_id,
        cd1_0.document_title,
        cd1_0.error_message,
        cd1_0.file_path,
        cd1_0.file_size_bytes,
        cd1_0.file_type,
        cd1_0.language,
        cd1_0.mime_type,
        cd1_0.original_filename,
        cd1_0.processing_status,
        cd1_0.total_pages,
        cd1_0.updated_at,
        cd1_0.uploaded_at,
        cd1_0.uploaded_by,
        cd1_0.workspace_id 
    from
        course_documents cd1_0 
    where
        cd1_0.document_id=?
Hibernate: 
    select
        count_big(*) 
    from
        course_documents cd1_0 
    where
        cd1_0.document_id=?
Hibernate: 
    select
        dc1_0.chunk_id,
        dc1_0.chapter_id,
        dc1_0.char_count,
        dc1_0.chunk_index,
        dc1_0.chunk_overlap,
        dc1_0.chunk_size,
        dc1_0.chunk_strategy,
        dc1_0.content,
        dc1_0.course_id,
        dc1_0.created_at,
        dc1_0.document_id,
        dc1_0.page_end,
        dc1_0.page_start,
        dc1_0.token_count,
        dc1_0.word_count,
        dc1_0.workspace_id 
    from
        document_chunks dc1_0 
    where
        dc1_0.document_id=? 
    order by
        dc1_0.chunk_index
Hibernate: 
    select
        cd1_0.document_id,
        cd1_0.chapter_id,
        cd1_0.course_id,
        cd1_0.document_title,
        cd1_0.error_message,
        cd1_0.file_path,
        cd1_0.file_size_bytes,
        cd1_0.file_type,
        cd1_0.language,
        cd1_0.mime_type,
        cd1_0.original_filename,
        cd1_0.processing_status,
        cd1_0.total_pages,
        cd1_0.updated_at,
        cd1_0.uploaded_at,
        cd1_0.uploaded_by,
        cd1_0.workspace_id 
    from
        course_documents cd1_0 
    where
        cd1_0.document_id=?
Hibernate: 
    select
        count_big(*) 
    from
        course_documents cd1_0 
    where
        cd1_0.document_id=?
Hibernate: 
    select
        dc1_0.chunk_id,
        dc1_0.chapter_id,
        dc1_0.char_count,
        dc1_0.chunk_index,
        dc1_0.chunk_overlap,
        dc1_0.chunk_size,
        dc1_0.chunk_strategy,
        dc1_0.content,
        dc1_0.course_id,
        dc1_0.created_at,
        dc1_0.document_id,
        dc1_0.page_end,
        dc1_0.page_start,
        dc1_0.token_count,
        dc1_0.word_count,
        dc1_0.workspace_id 
    from
        document_chunks dc1_0 
    where
        dc1_0.document_id=? 
    order by
        dc1_0.chunk_index
Hibernate: 
    select
        cd1_0.document_id,
        cd1_0.chapter_id,
        cd1_0.course_id,
        cd1_0.document_title,
        cd1_0.error_message,
        cd1_0.file_path,
        cd1_0.file_size_bytes,
        cd1_0.file_type,
        cd1_0.language,
        cd1_0.mime_type,
        cd1_0.original_filename,
        cd1_0.processing_status,
        cd1_0.total_pages,
        cd1_0.updated_at,
        cd1_0.uploaded_at,
        cd1_0.uploaded_by,
        cd1_0.workspace_id 
    from
        course_documents cd1_0 
    where
        cd1_0.document_id=?
Hibernate: 
    select
        count_big(*) 
    from
        course_documents cd1_0 
    where
        cd1_0.document_id=?
Hibernate: 
    select
        dc1_0.chunk_id,
        dc1_0.chapter_id,
        dc1_0.char_count,
        dc1_0.chunk_index,
        dc1_0.chunk_overlap,
        dc1_0.chunk_size,
        dc1_0.chunk_strategy,
        dc1_0.content,
        dc1_0.course_id,
        dc1_0.created_at,
        dc1_0.document_id,
        dc1_0.page_end,
        dc1_0.page_start,
        dc1_0.token_count,
        dc1_0.word_count,
        dc1_0.workspace_id 
    from
        document_chunks dc1_0 
    where
        dc1_0.document_id=? 
    order by
        dc1_0.chunk_index
Hibernate: 
    select
        cd1_0.document_id,
        cd1_0.chapter_id,
        cd1_0.course_id,
        cd1_0.document_title,
        cd1_0.error_message,
        cd1_0.file_path,
        cd1_0.file_size_bytes,
        cd1_0.file_type,
        cd1_0.language,
        cd1_0.mime_type,
        cd1_0.original_filename,
        cd1_0.processing_status,
        cd1_0.total_pages,
        cd1_0.updated_at,
        cd1_0.uploaded_at,
        cd1_0.uploaded_by,
        cd1_0.workspace_id 
    from
        course_documents cd1_0 
    where
        cd1_0.document_id=?
Hibernate: 
    select
        cd1_0.document_id,
        cd1_0.chapter_id,
        cd1_0.course_id,
        cd1_0.document_title,
        cd1_0.error_message,
        cd1_0.file_path,
        cd1_0.file_size_bytes,
        cd1_0.file_type,
        cd1_0.language,
        cd1_0.mime_type,
        cd1_0.original_filename,
        cd1_0.processing_status,
        cd1_0.total_pages,
        cd1_0.updated_at,
        cd1_0.uploaded_at,
        cd1_0.uploaded_by,
        cd1_0.workspace_id 
    from
        course_documents cd1_0 
    where
        cd1_0.document_id=?
Hibernate: 
    select
        cd1_0.document_id,
        cd1_0.chapter_id,
        cd1_0.course_id,
        cd1_0.document_title,
        cd1_0.error_message,
        cd1_0.file_path,
        cd1_0.file_size_bytes,
        cd1_0.file_type,
        cd1_0.language,
        cd1_0.mime_type,
        cd1_0.original_filename,
        cd1_0.processing_status,
        cd1_0.total_pages,
        cd1_0.updated_at,
        cd1_0.uploaded_at,
        cd1_0.uploaded_by,
        cd1_0.workspace_id 
    from
        course_documents cd1_0 
    where
        cd1_0.document_id=?
Hibernate: 
    select
        count_big(*) 
    from
        course_documents cd1_0 
    where
        cd1_0.document_id=?
Hibernate: 
    select
        dc1_0.chunk_id,
        dc1_0.chapter_id,
        dc1_0.char_count,
        dc1_0.chunk_index,
        dc1_0.chunk_overlap,
        dc1_0.chunk_size,
        dc1_0.chunk_strategy,
        dc1_0.content,
        dc1_0.course_id,
        dc1_0.created_at,
        dc1_0.document_id,
        dc1_0.page_end,
        dc1_0.page_start,
        dc1_0.token_count,
        dc1_0.word_count,
        dc1_0.workspace_id 
    from
        document_chunks dc1_0 
    where
        dc1_0.document_id=? 
    order by
        dc1_0.chunk_index
Hibernate: 
    select
        cd1_0.document_id,
        cd1_0.chapter_id,
        cd1_0.course_id,
        cd1_0.document_title,
        cd1_0.error_message,
        cd1_0.file_path,
        cd1_0.file_size_bytes,
        cd1_0.file_type,
        cd1_0.language,
        cd1_0.mime_type,
        cd1_0.original_filename,
        cd1_0.processing_status,
        cd1_0.total_pages,
        cd1_0.updated_at,
        cd1_0.uploaded_at,
        cd1_0.uploaded_by,
        cd1_0.workspace_id 
    from
        course_documents cd1_0 
    where
        cd1_0.document_id=?
Hibernate: 
    select
        count_big(*) 
    from
        course_documents cd1_0 
    where
        cd1_0.document_id=?
Hibernate: 
    select
        dc1_0.chunk_id,
        dc1_0.chapter_id,
        dc1_0.char_count,
        dc1_0.chunk_index,
        dc1_0.chunk_overlap,
        dc1_0.chunk_size,
        dc1_0.chunk_strategy,
        dc1_0.content,
        dc1_0.course_id,
        dc1_0.created_at,
        dc1_0.document_id,
        dc1_0.page_end,
        dc1_0.page_start,
        dc1_0.token_count,
        dc1_0.word_count,
        dc1_0.workspace_id 
    from
        document_chunks dc1_0 
    where
        dc1_0.document_id=? 
    order by
        dc1_0.chunk_index
Hibernate: 
    select
        cw1_0.workspace_id,
        cw1_0.course_id,
        cw1_0.created_at,
        cw1_0.description,
        cw1_0.is_active,
        cw1_0.owner_user_id,
        cw1_0.updated_at,
        cw1_0.visibility,
        cw1_0.workspace_title 
    from
        course_workspaces cw1_0 
    where
        cw1_0.is_active=1 
    order by
        cw1_0.created_at desc
Hibernate: 
    select
        cw1_0.workspace_id,
        cw1_0.course_id,
        cw1_0.created_at,
        cw1_0.description,
        cw1_0.is_active,
        cw1_0.owner_user_id,
        cw1_0.updated_at,
        cw1_0.visibility,
        cw1_0.workspace_title 
    from
        course_workspaces cw1_0 
    where
        cw1_0.is_active=1 
    order by
        cw1_0.created_at desc
Hibernate: 
    select
        cw1_0.workspace_id,
        cw1_0.course_id,
        cw1_0.created_at,
        cw1_0.description,
        cw1_0.is_active,
        cw1_0.owner_user_id,
        cw1_0.updated_at,
        cw1_0.visibility,
        cw1_0.workspace_title 
    from
        course_workspaces cw1_0 
    where
        cw1_0.is_active=1 
    order by
        cw1_0.created_at desc
Hibernate: 
    select
        cd1_0.document_id,
        cd1_0.chapter_id,
        cd1_0.course_id,
        cd1_0.document_title,
        cd1_0.error_message,
        cd1_0.file_path,
        cd1_0.file_size_bytes,
        cd1_0.file_type,
        cd1_0.language,
        cd1_0.mime_type,
        cd1_0.original_filename,
        cd1_0.processing_status,
        cd1_0.total_pages,
        cd1_0.updated_at,
        cd1_0.uploaded_at,
        cd1_0.uploaded_by,
        cd1_0.workspace_id 
    from
        course_documents cd1_0 
    where
        cd1_0.workspace_id=? 
    order by
        cd1_0.uploaded_at desc
Hibernate: 
    select
        count_big(*) 
    from
        course_documents cd1_0 
    where
        cd1_0.document_id=?
Hibernate: 
    select
        cd1_0.document_id,
        cd1_0.chapter_id,
        cd1_0.course_id,
        cd1_0.document_title,
        cd1_0.error_message,
        cd1_0.file_path,
        cd1_0.file_size_bytes,
        cd1_0.file_type,
        cd1_0.language,
        cd1_0.mime_type,
        cd1_0.original_filename,
        cd1_0.processing_status,
        cd1_0.total_pages,
        cd1_0.updated_at,
        cd1_0.uploaded_at,
        cd1_0.uploaded_by,
        cd1_0.workspace_id 
    from
        course_documents cd1_0 
    where
        cd1_0.workspace_id=? 
    order by
        cd1_0.uploaded_at desc
Hibernate: 
    select
        count_big(*) 
    from
        course_documents cd1_0 
    where
        cd1_0.document_id=?
Hibernate: 
    select
        count_big(*) 
    from
        course_documents cd1_0 
    where
        cd1_0.document_id=?
Hibernate: 
    select
        dc1_0.chunk_id,
        dc1_0.chapter_id,
        dc1_0.char_count,
        dc1_0.chunk_index,
        dc1_0.chunk_overlap,
        dc1_0.chunk_size,
        dc1_0.chunk_strategy,
        dc1_0.content,
        dc1_0.course_id,
        dc1_0.created_at,
        dc1_0.document_id,
        dc1_0.page_end,
        dc1_0.page_start,
        dc1_0.token_count,
        dc1_0.word_count,
        dc1_0.workspace_id 
    from
        document_chunks dc1_0 
    where
        dc1_0.document_id=? 
    order by
        dc1_0.chunk_index
Hibernate: 
    select
        dc1_0.chunk_id,
        dc1_0.chapter_id,
        dc1_0.char_count,
        dc1_0.chunk_index,
        dc1_0.chunk_overlap,
        dc1_0.chunk_size,
        dc1_0.chunk_strategy,
        dc1_0.content,
        dc1_0.course_id,
        dc1_0.created_at,
        dc1_0.document_id,
        dc1_0.page_end,
        dc1_0.page_start,
        dc1_0.token_count,
        dc1_0.word_count,
        dc1_0.workspace_id 
    from
        document_chunks dc1_0 
    where
        dc1_0.document_id=? 
    order by
        dc1_0.chunk_index
Hibernate: 
    select
        dc1_0.chunk_id,
        dc1_0.chapter_id,
        dc1_0.char_count,
        dc1_0.chunk_index,
        dc1_0.chunk_overlap,
        dc1_0.chunk_size,
        dc1_0.chunk_strategy,
        dc1_0.content,
        dc1_0.course_id,
        dc1_0.created_at,
        dc1_0.document_id,
        dc1_0.page_end,
        dc1_0.page_start,
        dc1_0.token_count,
        dc1_0.word_count,
        dc1_0.workspace_id 
    from
        document_chunks dc1_0 
    where
        dc1_0.document_id=? 
    order by
        dc1_0.chunk_index
Hibernate: 
    select
        count_big(*) 
    from
        course_documents cd1_0 
    where
        cd1_0.document_id=?
Hibernate: 
    select
        count_big(*) 
    from
        course_documents cd1_0 
    where
        cd1_0.document_id=?
Hibernate: 
    select
        count_big(*) 
    from
        course_documents cd1_0 
    where
        cd1_0.document_id=?
Hibernate: 
    select
        dc1_0.chunk_id,
        dc1_0.chapter_id,
        dc1_0.char_count,
        dc1_0.chunk_index,
        dc1_0.chunk_overlap,
        dc1_0.chunk_size,
        dc1_0.chunk_strategy,
        dc1_0.content,
        dc1_0.course_id,
        dc1_0.created_at,
        dc1_0.document_id,
        dc1_0.page_end,
        dc1_0.page_start,
        dc1_0.token_count,
        dc1_0.word_count,
        dc1_0.workspace_id 
    from
        document_chunks dc1_0 
    where
        dc1_0.document_id=? 
    order by
        dc1_0.chunk_index
Hibernate: 
    select
        dc1_0.chunk_id,
        dc1_0.chapter_id,
        dc1_0.char_count,
        dc1_0.chunk_index,
        dc1_0.chunk_overlap,
        dc1_0.chunk_size,
        dc1_0.chunk_strategy,
        dc1_0.content,
        dc1_0.course_id,
        dc1_0.created_at,
        dc1_0.document_id,
        dc1_0.page_end,
        dc1_0.page_start,
        dc1_0.token_count,
        dc1_0.word_count,
        dc1_0.workspace_id 
    from
        document_chunks dc1_0 
    where
        dc1_0.document_id=? 
    order by
        dc1_0.chunk_index
Hibernate: 
    select
        dc1_0.chunk_id,
        dc1_0.chapter_id,
        dc1_0.char_count,
        dc1_0.chunk_index,
        dc1_0.chunk_overlap,
        dc1_0.chunk_size,
        dc1_0.chunk_strategy,
        dc1_0.content,
        dc1_0.course_id,
        dc1_0.created_at,
        dc1_0.document_id,
        dc1_0.page_end,
        dc1_0.page_start,
        dc1_0.token_count,
        dc1_0.word_count,
        dc1_0.workspace_id 
    from
        document_chunks dc1_0 
    where
        dc1_0.document_id=? 
    order by
        dc1_0.chunk_index
Hibernate: 
    select
        cw1_0.workspace_id,
        cw1_0.course_id,
        cw1_0.created_at,
        cw1_0.description,
        cw1_0.is_active,
        cw1_0.owner_user_id,
        cw1_0.updated_at,
        cw1_0.visibility,
        cw1_0.workspace_title 
    from
        course_workspaces cw1_0 
    where
        cw1_0.is_active=1 
    order by
        cw1_0.created_at desc
Hibernate: 
    select
        cw1_0.workspace_id,
        cw1_0.course_id,
        cw1_0.created_at,
        cw1_0.description,
        cw1_0.is_active,
        cw1_0.owner_user_id,
        cw1_0.updated_at,
        cw1_0.visibility,
        cw1_0.workspace_title 
    from
        course_workspaces cw1_0 
    where
        cw1_0.is_active=1 
    order by
        cw1_0.created_at desc
Hibernate: 
    select
        cd1_0.document_id,
        cd1_0.chapter_id,
        cd1_0.course_id,
        cd1_0.document_title,
        cd1_0.error_message,
        cd1_0.file_path,
        cd1_0.file_size_bytes,
        cd1_0.file_type,
        cd1_0.language,
        cd1_0.mime_type,
        cd1_0.original_filename,
        cd1_0.processing_status,
        cd1_0.total_pages,
        cd1_0.updated_at,
        cd1_0.uploaded_at,
        cd1_0.uploaded_by,
        cd1_0.workspace_id 
    from
        course_documents cd1_0 
    where
        cd1_0.workspace_id=? 
    order by
        cd1_0.uploaded_at desc
Hibernate: 
    select
        cw1_0.workspace_id,
        cw1_0.course_id,
        cw1_0.created_at,
        cw1_0.description,
        cw1_0.is_active,
        cw1_0.owner_user_id,
        cw1_0.updated_at,
        cw1_0.visibility,
        cw1_0.workspace_title 
    from
        course_workspaces cw1_0 
    where
        cw1_0.is_active=1 
    order by
        cw1_0.created_at desc
Hibernate: 
    select
        cd1_0.document_id,
        cd1_0.chapter_id,
        cd1_0.course_id,
        cd1_0.document_title,
        cd1_0.error_message,
        cd1_0.file_path,
        cd1_0.file_size_bytes,
        cd1_0.file_type,
        cd1_0.language,
        cd1_0.mime_type,
        cd1_0.original_filename,
        cd1_0.processing_status,
        cd1_0.total_pages,
        cd1_0.updated_at,
        cd1_0.uploaded_at,
        cd1_0.uploaded_by,
        cd1_0.workspace_id 
    from
        course_documents cd1_0 
    where
        cd1_0.workspace_id=? 
    order by
        cd1_0.uploaded_at desc
Hibernate: 
    select
        count_big(*) 
    from
        course_documents cd1_0 
    where
        cd1_0.document_id=?
Hibernate: 
    select
        count_big(*) 
    from
        course_documents cd1_0 
    where
        cd1_0.document_id=?
Hibernate: 
    select
        count_big(*) 
    from
        course_documents cd1_0 
    where
        cd1_0.document_id=?
Hibernate: 
    select
        dc1_0.chunk_id,
        dc1_0.chapter_id,
        dc1_0.char_count,
        dc1_0.chunk_index,
        dc1_0.chunk_overlap,
        dc1_0.chunk_size,
        dc1_0.chunk_strategy,
        dc1_0.content,
        dc1_0.course_id,
        dc1_0.created_at,
        dc1_0.document_id,
        dc1_0.page_end,
        dc1_0.page_start,
        dc1_0.token_count,
        dc1_0.word_count,
        dc1_0.workspace_id 
    from
        document_chunks dc1_0 
    where
        dc1_0.document_id=? 
    order by
        dc1_0.chunk_index
Hibernate: 
    select
        dc1_0.chunk_id,
        dc1_0.chapter_id,
        dc1_0.char_count,
        dc1_0.chunk_index,
        dc1_0.chunk_overlap,
        dc1_0.chunk_size,
        dc1_0.chunk_strategy,
        dc1_0.content,
        dc1_0.course_id,
        dc1_0.created_at,
        dc1_0.document_id,
        dc1_0.page_end,
        dc1_0.page_start,
        dc1_0.token_count,
        dc1_0.word_count,
        dc1_0.workspace_id 
    from
        document_chunks dc1_0 
    where
        dc1_0.document_id=? 
    order by
        dc1_0.chunk_index
Hibernate: 
    select
        dc1_0.chunk_id,
        dc1_0.chapter_id,
        dc1_0.char_count,
        dc1_0.chunk_index,
        dc1_0.chunk_overlap,
        dc1_0.chunk_size,
        dc1_0.chunk_strategy,
        dc1_0.content,
        dc1_0.course_id,
        dc1_0.created_at,
        dc1_0.document_id,
        dc1_0.page_end,
        dc1_0.page_start,
        dc1_0.token_count,
        dc1_0.word_count,
        dc1_0.workspace_id 
    from
        document_chunks dc1_0 
    where
        dc1_0.document_id=? 
    order by
        dc1_0.chunk_index
Hibernate: 
    select
        count_big(*) 
    from
        course_documents cd1_0 
    where
        cd1_0.document_id=?
Hibernate: 
    select
        count_big(*) 
    from
        course_documents cd1_0 
    where
        cd1_0.document_id=?
Hibernate: 
    select
        count_big(*) 
    from
        course_documents cd1_0 
    where
        cd1_0.document_id=?
Hibernate: 
    select
        dc1_0.chunk_id,
        dc1_0.chapter_id,
        dc1_0.char_count,
        dc1_0.chunk_index,
        dc1_0.chunk_overlap,
        dc1_0.chunk_size,
        dc1_0.chunk_strategy,
        dc1_0.content,
        dc1_0.course_id,
        dc1_0.created_at,
        dc1_0.document_id,
        dc1_0.page_end,
        dc1_0.page_start,
        dc1_0.token_count,
        dc1_0.word_count,
        dc1_0.workspace_id 
    from
        document_chunks dc1_0 
    where
        dc1_0.document_id=? 
    order by
        dc1_0.chunk_index
Hibernate: 
    select
        dc1_0.chunk_id,
        dc1_0.chapter_id,
        dc1_0.char_count,
        dc1_0.chunk_index,
        dc1_0.chunk_overlap,
        dc1_0.chunk_size,
        dc1_0.chunk_strategy,
        dc1_0.content,
        dc1_0.course_id,
        dc1_0.created_at,
        dc1_0.document_id,
        dc1_0.page_end,
        dc1_0.page_start,
        dc1_0.token_count,
        dc1_0.word_count,
        dc1_0.workspace_id 
    from
        document_chunks dc1_0 
    where
        dc1_0.document_id=? 
    order by
        dc1_0.chunk_index
Hibernate: 
    select
        dc1_0.chunk_id,
        dc1_0.chapter_id,
        dc1_0.char_count,
        dc1_0.chunk_index,
        dc1_0.chunk_overlap,
        dc1_0.chunk_size,
        dc1_0.chunk_strategy,
        dc1_0.content,
        dc1_0.course_id,
        dc1_0.created_at,
        dc1_0.document_id,
        dc1_0.page_end,
        dc1_0.page_start,
        dc1_0.token_count,
        dc1_0.word_count,
        dc1_0.workspace_id 
    from
        document_chunks dc1_0 
    where
        dc1_0.document_id=? 
    order by
        dc1_0.chunk_index
Hibernate: 
    select
        count_big(*) 
    from
        course_documents cd1_0 
    where
        cd1_0.document_id=?
Hibernate: 
    select
        cd1_0.document_id,
        cd1_0.chapter_id,
        cd1_0.course_id,
        cd1_0.document_title,
        cd1_0.error_message,
        cd1_0.file_path,
        cd1_0.file_size_bytes,
        cd1_0.file_type,
        cd1_0.language,
        cd1_0.mime_type,
        cd1_0.original_filename,
        cd1_0.processing_status,
        cd1_0.total_pages,
        cd1_0.updated_at,
        cd1_0.uploaded_at,
        cd1_0.uploaded_by,
        cd1_0.workspace_id 
    from
        course_documents cd1_0 
    where
        cd1_0.document_id=?
Hibernate: 
    select
        dc1_0.chunk_id,
        dc1_0.chapter_id,
        dc1_0.char_count,
        dc1_0.chunk_index,
        dc1_0.chunk_overlap,
        dc1_0.chunk_size,
        dc1_0.chunk_strategy,
        dc1_0.content,
        dc1_0.course_id,
        dc1_0.created_at,
        dc1_0.document_id,
        dc1_0.page_end,
        dc1_0.page_start,
        dc1_0.token_count,
        dc1_0.word_count,
        dc1_0.workspace_id 
    from
        document_chunks dc1_0 
    where
        dc1_0.document_id=? 
    order by
        dc1_0.chunk_index
Hibernate: 
    select
        cd1_0.document_id,
        cd1_0.chapter_id,
        cd1_0.course_id,
        cd1_0.document_title,
        cd1_0.error_message,
        cd1_0.file_path,
        cd1_0.file_size_bytes,
        cd1_0.file_type,
        cd1_0.language,
        cd1_0.mime_type,
        cd1_0.original_filename,
        cd1_0.processing_status,
        cd1_0.total_pages,
        cd1_0.updated_at,
        cd1_0.uploaded_at,
        cd1_0.uploaded_by,
        cd1_0.workspace_id 
    from
        course_documents cd1_0 
    where
        cd1_0.document_id=?
Hibernate: 
    select
        count_big(*) 
    from
        course_documents cd1_0 
    where
        cd1_0.document_id=?
Hibernate: 
    select
        dc1_0.chunk_id,
        dc1_0.chapter_id,
        dc1_0.char_count,
        dc1_0.chunk_index,
        dc1_0.chunk_overlap,
        dc1_0.chunk_size,
        dc1_0.chunk_strategy,
        dc1_0.content,
        dc1_0.course_id,
        dc1_0.created_at,
        dc1_0.document_id,
        dc1_0.page_end,
        dc1_0.page_start,
        dc1_0.token_count,
        dc1_0.word_count,
        dc1_0.workspace_id 
    from
        document_chunks dc1_0 
    where
        dc1_0.document_id=? 
    order by
        dc1_0.chunk_index
2026-06-07T22:23:49.009+07:00  WARN 10012 --- [courseqa-springboot-mvc2-skeleton] [nio-8080-exec-2] .m.m.a.ExceptionHandlerExceptionResolver : Resolved [org.springframework.web.servlet.resource.NoResourceFoundException: No static resource api/documents/87b6d5e1-a351-4057-8b77-89d260c9a7d7/preview.]
Hibernate: 
    select
        cd1_0.document_id,
        cd1_0.chapter_id,
        cd1_0.course_id,
        cd1_0.document_title,
        cd1_0.error_message,
        cd1_0.file_path,
        cd1_0.file_size_bytes,
        cd1_0.file_type,
        cd1_0.language,
        cd1_0.mime_type,
        cd1_0.original_filename,
        cd1_0.processing_status,
        cd1_0.total_pages,
        cd1_0.updated_at,
        cd1_0.uploaded_at,
        cd1_0.uploaded_by,
        cd1_0.workspace_id 
    from
        course_documents cd1_0 
    where
        cd1_0.document_id=?
2026-06-07T22:23:57.859+07:00  WARN 10012 --- [courseqa-springboot-mvc2-skeleton] [nio-8080-exec-5] .m.m.a.ExceptionHandlerExceptionResolver : Resolved [org.springframework.web.server.ResponseStatusException: 404 NOT_FOUND "Stored file not found."]
2026-06-07T22:23:57.976+07:00  WARN 10012 --- [courseqa-springboot-mvc2-skeleton] [nio-8080-exec-3] .m.m.a.ExceptionHandlerExceptionResolver : Resolved [org.springframework.web.servlet.resource.NoResourceFoundException: No static resource favicon.ico.]
2026-06-07T22:24:17.228+07:00  INFO 10012 --- [courseqa-springboot-mvc2-skeleton] [   File Watcher] rtingClassPathChangeChangedEventListener : Restarting due to 109 class path changes (0 additions, 109 deletions, 0 modifications)
2026-06-07T22:24:17.303+07:00  INFO 10012 --- [courseqa-springboot-mvc2-skeleton] [      Thread-11] j.LocalContainerEntityManagerFactoryBean : Closing JPA EntityManagerFactory for persistence unit 'default'
2026-06-07T22:24:17.310+07:00  INFO 10012 --- [courseqa-springboot-mvc2-skeleton] [      Thread-11] com.zaxxer.hikari.HikariDataSource       : HikariPool-3 - Shutdown initiated...
2026-06-07T22:24:17.429+07:00  INFO 10012 --- [courseqa-springboot-mvc2-skeleton] [      Thread-11] com.zaxxer.hikari.HikariDataSource       : HikariPool-3 - Shutdown completed.
Standard Commons Logging discovery in action with spring-jcl: please remove commons-logging.jar from classpath in order to avoid potential conflicts

  .   ____          _            __ _ _
 /\\ / ___'_ __ _ _(_)_ __  __ _ \ \ \ \
( ( )\___ | '_ | '_| | '_ \/ _` | \ \ \ \
 \\/  ___)| |_)| | | | | || (_| |  ) ) ) )
  '  |____| .__|_| |_|_| |_\__, | / / / /
 =========|_|==============|___/=/_/_/_/

 :: Spring Boot ::                (v3.3.5)

2026-06-07T22:24:17.942+07:00  INFO 10012 --- [courseqa-springboot-mvc2-skeleton] [  restartedMain] com.courseqa.CourseQaApplication         : Starting CourseQaApplication using Java 26.0.1 with PID 10012 (C:\Users\dinhd\Documents\GitHub\BACKEND\courseqa-springboot-mvc2-skeleton\BACKEND\target\classes started by dinhd in C:\Users\dinhd\Documents\GitHub\BACKEND\courseqa-springboot-mvc2-skeleton\BACKEND)
2026-06-07T22:24:17.945+07:00  INFO 10012 --- [courseqa-springboot-mvc2-skeleton] [  restartedMain] com.courseqa.CourseQaApplication         : No active profile set, falling back to 1 default profile: "default"
2026-06-07T22:24:18.991+07:00  INFO 10012 --- [courseqa-springboot-mvc2-skeleton] [  restartedMain] .s.d.r.c.RepositoryConfigurationDelegate : Bootstrapping Spring Data JPA repositories in DEFAULT mode.
2026-06-07T22:24:18.999+07:00  INFO 10012 --- [courseqa-springboot-mvc2-skeleton] [  restartedMain] .s.d.r.c.RepositoryConfigurationDelegate : Finished Spring Data repository scanning in 5 ms. Found 0 JPA repository interfaces.
2026-06-07T22:24:19.750+07:00  INFO 10012 --- [courseqa-springboot-mvc2-skeleton] [  restartedMain] o.s.b.w.embedded.tomcat.TomcatWebServer  : Tomcat initialized with port 8080 (http)
2026-06-07T22:24:19.754+07:00  INFO 10012 --- [courseqa-springboot-mvc2-skeleton] [  restartedMain] o.apache.catalina.core.StandardService   : Starting service [Tomcat]
2026-06-07T22:24:19.754+07:00  INFO 10012 --- [courseqa-springboot-mvc2-skeleton] [  restartedMain] o.apache.catalina.core.StandardEngine    : Starting Servlet engine: [Apache Tomcat/10.1.31]
2026-06-07T22:24:19.803+07:00  INFO 10012 --- [courseqa-springboot-mvc2-skeleton] [  restartedMain] o.a.c.c.C.[Tomcat].[localhost].[/]       : Initializing Spring embedded WebApplicationContext
2026-06-07T22:24:19.804+07:00  INFO 10012 --- [courseqa-springboot-mvc2-skeleton] [  restartedMain] w.s.c.ServletWebServerApplicationContext : Root WebApplicationContext: initialization completed in 1854 ms
Standard Commons Logging discovery in action with spring-jcl: please remove commons-logging.jar from classpath in order to avoid potential conflicts
2026-06-07T22:24:19.933+07:00  INFO 10012 --- [courseqa-springboot-mvc2-skeleton] [  restartedMain] o.hibernate.jpa.internal.util.LogHelper  : HHH000204: Processing PersistenceUnitInfo [name: default]
2026-06-07T22:24:19.937+07:00  INFO 10012 --- [courseqa-springboot-mvc2-skeleton] [  restartedMain] o.h.c.internal.RegionFactoryInitiator    : HHH000026: Second-level cache disabled
2026-06-07T22:24:19.952+07:00  INFO 10012 --- [courseqa-springboot-mvc2-skeleton] [  restartedMain] o.s.o.j.p.SpringPersistenceUnitInfo      : No LoadTimeWeaver setup: ignoring JPA class transformer
2026-06-07T22:24:19.955+07:00  INFO 10012 --- [courseqa-springboot-mvc2-skeleton] [  restartedMain] com.zaxxer.hikari.HikariDataSource       : HikariPool-4 - Starting...
2026-06-07T22:24:22.697+07:00  INFO 10012 --- [courseqa-springboot-mvc2-skeleton] [  restartedMain] com.zaxxer.hikari.pool.HikariPool        : HikariPool-4 - Added connection ConnectionID:61 ClientConnectionId: d73cde88-539d-434c-b512-6047c66eb6e4
2026-06-07T22:24:22.699+07:00  INFO 10012 --- [courseqa-springboot-mvc2-skeleton] [  restartedMain] com.zaxxer.hikari.HikariDataSource       : HikariPool-4 - Start completed.
2026-06-07T22:24:22.702+07:00  WARN 10012 --- [courseqa-springboot-mvc2-skeleton] [  restartedMain] org.hibernate.orm.deprecation            : HHH90000025: SQLServerDialect does not need to be specified explicitly using 'hibernate.dialect' (remove the property setting and it will be selected by default)
2026-06-07T22:24:23.125+07:00  INFO 10012 --- [courseqa-springboot-mvc2-skeleton] [  restartedMain] o.h.e.t.j.p.i.JtaPlatformInitiator       : HHH000489: No JTA platform available (set 'hibernate.transaction.jta.platform' to enable JTA platform integration)
2026-06-07T22:24:23.130+07:00  INFO 10012 --- [courseqa-springboot-mvc2-skeleton] [  restartedMain] j.LocalContainerEntityManagerFactoryBean : Initialized JPA EntityManagerFactory for persistence unit 'default'
2026-06-07T22:24:23.627+07:00  WARN 10012 --- [courseqa-springboot-mvc2-skeleton] [  restartedMain] JpaBaseConfiguration$JpaWebConfiguration : spring.jpa.open-in-view is enabled by default. Therefore, database queries may be performed during view rendering. Explicitly configure spring.jpa.open-in-view to disable this warning
2026-06-07T22:24:24.907+07:00  INFO 10012 --- [courseqa-springboot-mvc2-skeleton] [  restartedMain] o.s.b.d.a.OptionalLiveReloadServer       : LiveReload server is running on port 35729
2026-06-07T22:24:24.919+07:00  INFO 10012 --- [courseqa-springboot-mvc2-skeleton] [  restartedMain] o.s.b.w.embedded.tomcat.TomcatWebServer  : Tomcat started on port 8080 (http) with context path '/'
2026-06-07T22:24:24.925+07:00  INFO 10012 --- [courseqa-springboot-mvc2-skeleton] [  restartedMain] com.courseqa.CourseQaApplication         : Started CourseQaApplication in 7.196 seconds (process running for 6728.675)
2026-06-07T22:24:24.927+07:00  INFO 10012 --- [courseqa-springboot-mvc2-skeleton] [  restartedMain] .ConditionEvaluationDeltaLoggingListener : Condition evaluation unchanged
2026-06-07T22:24:27.015+07:00  INFO 10012 --- [courseqa-springboot-mvc2-skeleton] [   File Watcher] rtingClassPathChangeChangedEventListener : Restarting due to 109 class path changes (109 additions, 0 deletions, 0 modifications)
2026-06-07T22:24:27.094+07:00  INFO 10012 --- [courseqa-springboot-mvc2-skeleton] [      Thread-15] j.LocalContainerEntityManagerFactoryBean : Closing JPA EntityManagerFactory for persistence unit 'default'
2026-06-07T22:24:27.096+07:00  INFO 10012 --- [courseqa-springboot-mvc2-skeleton] [      Thread-15] com.zaxxer.hikari.HikariDataSource       : HikariPool-4 - Shutdown initiated...
2026-06-07T22:24:27.112+07:00  INFO 10012 --- [courseqa-springboot-mvc2-skeleton] [      Thread-15] com.zaxxer.hikari.HikariDataSource       : HikariPool-4 - Shutdown completed.
Standard Commons Logging discovery in action with spring-jcl: please remove commons-logging.jar from classpath in order to avoid potential conflicts

  .   ____          _            __ _ _
 /\\ / ___'_ __ _ _(_)_ __  __ _ \ \ \ \
( ( )\___ | '_ | '_| | '_ \/ _` | \ \ \ \
 \\/  ___)| |_)| | | | | || (_| |  ) ) ) )
  '  |____| .__|_| |_|_| |_\__, | / / / /
 =========|_|==============|___/=/_/_/_/

 :: Spring Boot ::                (v3.3.5)

2026-06-07T22:24:27.333+07:00  INFO 10012 --- [courseqa-springboot-mvc2-skeleton] [  restartedMain] com.courseqa.CourseQaApplication         : Starting CourseQaApplication using Java 26.0.1 with PID 10012 (C:\Users\dinhd\Documents\GitHub\BACKEND\courseqa-springboot-mvc2-skeleton\BACKEND\target\classes started by dinhd in C:\Users\dinhd\Documents\GitHub\BACKEND\courseqa-springboot-mvc2-skeleton\BACKEND)
2026-06-07T22:24:27.334+07:00  INFO 10012 --- [courseqa-springboot-mvc2-skeleton] [  restartedMain] com.courseqa.CourseQaApplication         : No active profile set, falling back to 1 default profile: "default"
2026-06-07T22:24:28.276+07:00  INFO 10012 --- [courseqa-springboot-mvc2-skeleton] [  restartedMain] .s.d.r.c.RepositoryConfigurationDelegate : Bootstrapping Spring Data JPA repositories in DEFAULT mode.
2026-06-07T22:24:28.500+07:00  INFO 10012 --- [courseqa-springboot-mvc2-skeleton] [  restartedMain] .s.d.r.c.RepositoryConfigurationDelegate : Finished Spring Data repository scanning in 223 ms. Found 12 JPA repository interfaces.
2026-06-07T22:24:28.953+07:00  INFO 10012 --- [courseqa-springboot-mvc2-skeleton] [  restartedMain] o.s.b.w.embedded.tomcat.TomcatWebServer  : Tomcat initialized with port 8080 (http)
2026-06-07T22:24:28.955+07:00  INFO 10012 --- [courseqa-springboot-mvc2-skeleton] [  restartedMain] o.apache.catalina.core.StandardService   : Starting service [Tomcat]
2026-06-07T22:24:28.955+07:00  INFO 10012 --- [courseqa-springboot-mvc2-skeleton] [  restartedMain] o.apache.catalina.core.StandardEngine    : Starting Servlet engine: [Apache Tomcat/10.1.31]
2026-06-07T22:24:29.019+07:00  INFO 10012 --- [courseqa-springboot-mvc2-skeleton] [  restartedMain] o.a.c.c.C.[Tomcat].[localhost].[/]       : Initializing Spring embedded WebApplicationContext
2026-06-07T22:24:29.020+07:00  INFO 10012 --- [courseqa-springboot-mvc2-skeleton] [  restartedMain] w.s.c.ServletWebServerApplicationContext : Root WebApplicationContext: initialization completed in 1684 ms
Standard Commons Logging discovery in action with spring-jcl: please remove commons-logging.jar from classpath in order to avoid potential conflicts
2026-06-07T22:24:29.159+07:00  INFO 10012 --- [courseqa-springboot-mvc2-skeleton] [  restartedMain] o.hibernate.jpa.internal.util.LogHelper  : HHH000204: Processing PersistenceUnitInfo [name: default]
2026-06-07T22:24:29.170+07:00  INFO 10012 --- [courseqa-springboot-mvc2-skeleton] [  restartedMain] o.h.c.internal.RegionFactoryInitiator    : HHH000026: Second-level cache disabled
2026-06-07T22:24:29.211+07:00  INFO 10012 --- [courseqa-springboot-mvc2-skeleton] [  restartedMain] o.s.o.j.p.SpringPersistenceUnitInfo      : No LoadTimeWeaver setup: ignoring JPA class transformer
2026-06-07T22:24:29.212+07:00  INFO 10012 --- [courseqa-springboot-mvc2-skeleton] [  restartedMain] com.zaxxer.hikari.HikariDataSource       : HikariPool-5 - Starting...
2026-06-07T22:24:29.244+07:00  INFO 10012 --- [courseqa-springboot-mvc2-skeleton] [  restartedMain] com.zaxxer.hikari.pool.HikariPool        : HikariPool-5 - Added connection ConnectionID:71 ClientConnectionId: b515501b-463b-4687-916c-0058e020d95f
2026-06-07T22:24:29.245+07:00  INFO 10012 --- [courseqa-springboot-mvc2-skeleton] [  restartedMain] com.zaxxer.hikari.HikariDataSource       : HikariPool-5 - Start completed.
2026-06-07T22:24:29.247+07:00  WARN 10012 --- [courseqa-springboot-mvc2-skeleton] [  restartedMain] org.hibernate.orm.deprecation            : HHH90000025: SQLServerDialect does not need to be specified explicitly using 'hibernate.dialect' (remove the property setting and it will be selected by default)
2026-06-07T22:24:30.137+07:00  INFO 10012 --- [courseqa-springboot-mvc2-skeleton] [  restartedMain] o.h.e.t.j.p.i.JtaPlatformInitiator       : HHH000489: No JTA platform available (set 'hibernate.transaction.jta.platform' to enable JTA platform integration)
2026-06-07T22:24:30.139+07:00  INFO 10012 --- [courseqa-springboot-mvc2-skeleton] [  restartedMain] j.LocalContainerEntityManagerFactoryBean : Initialized JPA EntityManagerFactory for persistence unit 'default'
2026-06-07T22:24:30.737+07:00  WARN 10012 --- [courseqa-springboot-mvc2-skeleton] [  restartedMain] JpaBaseConfiguration$JpaWebConfiguration : spring.jpa.open-in-view is enabled by default. Therefore, database queries may be performed during view rendering. Explicitly configure spring.jpa.open-in-view to disable this warning
2026-06-07T22:24:31.070+07:00  INFO 10012 --- [courseqa-springboot-mvc2-skeleton] [  restartedMain] o.s.b.d.a.OptionalLiveReloadServer       : LiveReload server is running on port 35729
2026-06-07T22:24:31.092+07:00  INFO 10012 --- [courseqa-springboot-mvc2-skeleton] [  restartedMain] o.s.b.w.embedded.tomcat.TomcatWebServer  : Tomcat started on port 8080 (http) with context path '/'
2026-06-07T22:24:31.097+07:00  INFO 10012 --- [courseqa-springboot-mvc2-skeleton] [  restartedMain] com.courseqa.CourseQaApplication         : Started CourseQaApplication in 3.828 seconds (process running for 6734.847)
2026-06-07T22:24:31.099+07:00  INFO 10012 --- [courseqa-springboot-mvc2-skeleton] [  restartedMain] .ConditionEvaluationDeltaLoggingListener : Condition evaluation unchanged
2026-06-07T22:25:12.812+07:00  INFO 10012 --- [courseqa-springboot-mvc2-skeleton] [nio-8080-exec-3] o.a.c.c.C.[Tomcat].[localhost].[/]       : Initializing Spring DispatcherServlet 'dispatcherServlet'
2026-06-07T22:25:12.813+07:00  INFO 10012 --- [courseqa-springboot-mvc2-skeleton] [nio-8080-exec-3] o.s.web.servlet.DispatcherServlet        : Initializing Servlet 'dispatcherServlet'
2026-06-07T22:25:12.815+07:00  INFO 10012 --- [courseqa-springboot-mvc2-skeleton] [nio-8080-exec-3] o.s.web.servlet.DispatcherServlet        : Completed initialization in 2 ms
Hibernate: 
    select
        cd1_0.document_id,
        cd1_0.chapter_id,
        cd1_0.course_id,
        cd1_0.document_title,
        cd1_0.error_message,
        cd1_0.file_path,
        cd1_0.file_size_bytes,
        cd1_0.file_type,
        cd1_0.language,
        cd1_0.mime_type,
        cd1_0.original_filename,
        cd1_0.processing_status,
        cd1_0.total_pages,
        cd1_0.updated_at,
        cd1_0.uploaded_at,
        cd1_0.uploaded_by,
        cd1_0.workspace_id 
    from
        course_documents cd1_0 
    where
        cd1_0.document_id=?
Hibernate: 
    select
        count_big(*) 
    from
        course_documents cd1_0 
    where
        cd1_0.document_id=?
Hibernate: 
    select
        dc1_0.chunk_id,
        dc1_0.chapter_id,
        dc1_0.char_count,
        dc1_0.chunk_index,
        dc1_0.chunk_overlap,
        dc1_0.chunk_size,
        dc1_0.chunk_strategy,
        dc1_0.content,
        dc1_0.course_id,
        dc1_0.created_at,
        dc1_0.document_id,
        dc1_0.page_end,
        dc1_0.page_start,
        dc1_0.token_count,
        dc1_0.word_count,
        dc1_0.workspace_id 
    from
        document_chunks dc1_0 
    where
        dc1_0.document_id=? 
    order by
        dc1_0.chunk_index
Hibernate: 
    select
        cd1_0.document_id,
        cd1_0.chapter_id,
        cd1_0.course_id,
        cd1_0.document_title,
        cd1_0.error_message,
        cd1_0.file_path,
        cd1_0.file_size_bytes,
        cd1_0.file_type,
        cd1_0.language,
        cd1_0.mime_type,
        cd1_0.original_filename,
        cd1_0.processing_status,
        cd1_0.total_pages,
        cd1_0.updated_at,
        cd1_0.uploaded_at,
        cd1_0.uploaded_by,
        cd1_0.workspace_id 
    from
        course_documents cd1_0 
    where
        cd1_0.document_id=?
Hibernate: 
    select
        count_big(*) 
    from
        course_documents cd1_0 
    where
        cd1_0.document_id=?
Hibernate: 
    select
        dc1_0.chunk_id,
        dc1_0.chapter_id,
        dc1_0.char_count,
        dc1_0.chunk_index,
        dc1_0.chunk_overlap,
        dc1_0.chunk_size,
        dc1_0.chunk_strategy,
        dc1_0.content,
        dc1_0.course_id,
        dc1_0.created_at,
        dc1_0.document_id,
        dc1_0.page_end,
        dc1_0.page_start,
        dc1_0.token_count,
        dc1_0.word_count,
        dc1_0.workspace_id 
    from
        document_chunks dc1_0 
    where
        dc1_0.document_id=? 
    order by
        dc1_0.chunk_index
Hibernate: 
    select
        cw1_0.workspace_id,
        cw1_0.course_id,
        cw1_0.created_at,
        cw1_0.description,
        cw1_0.is_active,
        cw1_0.owner_user_id,
        cw1_0.updated_at,
        cw1_0.visibility,
        cw1_0.workspace_title 
    from
        course_workspaces cw1_0 
    where
        cw1_0.is_active=1 
    order by
        cw1_0.created_at desc
Hibernate: 
    select
        cw1_0.workspace_id,
        cw1_0.course_id,
        cw1_0.created_at,
        cw1_0.description,
        cw1_0.is_active,
        cw1_0.owner_user_id,
        cw1_0.updated_at,
        cw1_0.visibility,
        cw1_0.workspace_title 
    from
        course_workspaces cw1_0 
    where
        cw1_0.is_active=1 
    order by
        cw1_0.created_at desc
Hibernate: 
    select
        cd1_0.document_id,
        cd1_0.chapter_id,
        cd1_0.course_id,
        cd1_0.document_title,
        cd1_0.error_message,
        cd1_0.file_path,
        cd1_0.file_size_bytes,
        cd1_0.file_type,
        cd1_0.language,
        cd1_0.mime_type,
        cd1_0.original_filename,
        cd1_0.processing_status,
        cd1_0.total_pages,
        cd1_0.updated_at,
        cd1_0.uploaded_at,
        cd1_0.uploaded_by,
        cd1_0.workspace_id 
    from
        course_documents cd1_0 
    where
        cd1_0.workspace_id=? 
    order by
        cd1_0.uploaded_at desc
Hibernate: 
    select
        cw1_0.workspace_id,
        cw1_0.course_id,
        cw1_0.created_at,
        cw1_0.description,
        cw1_0.is_active,
        cw1_0.owner_user_id,
        cw1_0.updated_at,
        cw1_0.visibility,
        cw1_0.workspace_title 
    from
        course_workspaces cw1_0 
    where
        cw1_0.is_active=1 
    order by
        cw1_0.created_at desc
Hibernate: 
    select
        count_big(*) 
    from
        course_documents cd1_0 
    where
        cd1_0.document_id=?
Hibernate: 
    select
        dc1_0.chunk_id,
        dc1_0.chapter_id,
        dc1_0.char_count,
        dc1_0.chunk_index,
        dc1_0.chunk_overlap,
        dc1_0.chunk_size,
        dc1_0.chunk_strategy,
        dc1_0.content,
        dc1_0.course_id,
        dc1_0.created_at,
        dc1_0.document_id,
        dc1_0.page_end,
        dc1_0.page_start,
        dc1_0.token_count,
        dc1_0.word_count,
        dc1_0.workspace_id 
    from
        document_chunks dc1_0 
    where
        dc1_0.document_id=? 
    order by
        dc1_0.chunk_index
Hibernate: 
    select
        count_big(*) 
    from
        course_documents cd1_0 
    where
        cd1_0.document_id=?
Hibernate: 
    select
        count_big(*) 
    from
        course_documents cd1_0 
    where
        cd1_0.document_id=?
Hibernate: 
    select
        dc1_0.chunk_id,
        dc1_0.chapter_id,
        dc1_0.char_count,
        dc1_0.chunk_index,
        dc1_0.chunk_overlap,
        dc1_0.chunk_size,
        dc1_0.chunk_strategy,
        dc1_0.content,
        dc1_0.course_id,
        dc1_0.created_at,
        dc1_0.document_id,
        dc1_0.page_end,
        dc1_0.page_start,
        dc1_0.token_count,
        dc1_0.word_count,
        dc1_0.workspace_id 
    from
        document_chunks dc1_0 
    where
        dc1_0.document_id=? 
    order by
        dc1_0.chunk_index
Hibernate: 
    select
        dc1_0.chunk_id,
        dc1_0.chapter_id,
        dc1_0.char_count,
        dc1_0.chunk_index,
        dc1_0.chunk_overlap,
        dc1_0.chunk_size,
        dc1_0.chunk_strategy,
        dc1_0.content,
        dc1_0.course_id,
        dc1_0.created_at,
        dc1_0.document_id,
        dc1_0.page_end,
        dc1_0.page_start,
        dc1_0.token_count,
        dc1_0.word_count,
        dc1_0.workspace_id 
    from
        document_chunks dc1_0 
    where
        dc1_0.document_id=? 
    order by
        dc1_0.chunk_index
Hibernate: 
    select
        cd1_0.document_id,
        cd1_0.chapter_id,
        cd1_0.course_id,
        cd1_0.document_title,
        cd1_0.error_message,
        cd1_0.file_path,
        cd1_0.file_size_bytes,
        cd1_0.file_type,
        cd1_0.language,
        cd1_0.mime_type,
        cd1_0.original_filename,
        cd1_0.processing_status,
        cd1_0.total_pages,
        cd1_0.updated_at,
        cd1_0.uploaded_at,
        cd1_0.uploaded_by,
        cd1_0.workspace_id 
    from
        course_documents cd1_0 
    where
        cd1_0.workspace_id=? 
    order by
        cd1_0.uploaded_at desc
Hibernate: 
    select
        count_big(*) 
    from
        course_documents cd1_0 
    where
        cd1_0.document_id=?
Hibernate: 
    select
        count_big(*) 
    from
        course_documents cd1_0 
    where
        cd1_0.document_id=?
Hibernate: 
    select
        count_big(*) 
    from
        course_documents cd1_0 
    where
        cd1_0.document_id=?
Hibernate: 
    select
        dc1_0.chunk_id,
        dc1_0.chapter_id,
        dc1_0.char_count,
        dc1_0.chunk_index,
        dc1_0.chunk_overlap,
        dc1_0.chunk_size,
        dc1_0.chunk_strategy,
        dc1_0.content,
        dc1_0.course_id,
        dc1_0.created_at,
        dc1_0.document_id,
        dc1_0.page_end,
        dc1_0.page_start,
        dc1_0.token_count,
        dc1_0.word_count,
        dc1_0.workspace_id 
    from
        document_chunks dc1_0 
    where
        dc1_0.document_id=? 
    order by
        dc1_0.chunk_index
Hibernate: 
    select
        dc1_0.chunk_id,
        dc1_0.chapter_id,
        dc1_0.char_count,
        dc1_0.chunk_index,
        dc1_0.chunk_overlap,
        dc1_0.chunk_size,
        dc1_0.chunk_strategy,
        dc1_0.content,
        dc1_0.course_id,
        dc1_0.created_at,
        dc1_0.document_id,
        dc1_0.page_end,
        dc1_0.page_start,
        dc1_0.token_count,
        dc1_0.word_count,
        dc1_0.workspace_id 
    from
        document_chunks dc1_0 
    where
        dc1_0.document_id=? 
    order by
        dc1_0.chunk_index
Hibernate: 
    select
        dc1_0.chunk_id,
        dc1_0.chapter_id,
        dc1_0.char_count,
        dc1_0.chunk_index,
        dc1_0.chunk_overlap,
        dc1_0.chunk_size,
        dc1_0.chunk_strategy,
        dc1_0.content,
        dc1_0.course_id,
        dc1_0.created_at,
        dc1_0.document_id,
        dc1_0.page_end,
        dc1_0.page_start,
        dc1_0.token_count,
        dc1_0.word_count,
        dc1_0.workspace_id 
    from
        document_chunks dc1_0 
    where
        dc1_0.document_id=? 
    order by
        dc1_0.chunk_index
Hibernate: 
    select
        cd1_0.document_id,
        cd1_0.chapter_id,
        cd1_0.course_id,
        cd1_0.document_title,
        cd1_0.error_message,
        cd1_0.file_path,
        cd1_0.file_size_bytes,
        cd1_0.file_type,
        cd1_0.language,
        cd1_0.mime_type,
        cd1_0.original_filename,
        cd1_0.processing_status,
        cd1_0.total_pages,
        cd1_0.updated_at,
        cd1_0.uploaded_at,
        cd1_0.uploaded_by,
        cd1_0.workspace_id 
    from
        course_documents cd1_0 
    where
        cd1_0.document_id=?
Hibernate: 
    select
        count_big(*) 
    from
        course_documents cd1_0 
    where
        cd1_0.document_id=?
Hibernate: 
    select
        dc1_0.chunk_id,
        dc1_0.chapter_id,
        dc1_0.char_count,
        dc1_0.chunk_index,
        dc1_0.chunk_overlap,
        dc1_0.chunk_size,
        dc1_0.chunk_strategy,
        dc1_0.content,
        dc1_0.course_id,
        dc1_0.created_at,
        dc1_0.document_id,
        dc1_0.page_end,
        dc1_0.page_start,
        dc1_0.token_count,
        dc1_0.word_count,
        dc1_0.workspace_id 
    from
        document_chunks dc1_0 
    where
        dc1_0.document_id=? 
    order by
        dc1_0.chunk_index
Hibernate: 
    select
        cd1_0.document_id,
        cd1_0.chapter_id,
        cd1_0.course_id,
        cd1_0.document_title,
        cd1_0.error_message,
        cd1_0.file_path,
        cd1_0.file_size_bytes,
        cd1_0.file_type,
        cd1_0.language,
        cd1_0.mime_type,
        cd1_0.original_filename,
        cd1_0.processing_status,
        cd1_0.total_pages,
        cd1_0.updated_at,
        cd1_0.uploaded_at,
        cd1_0.uploaded_by,
        cd1_0.workspace_id 
    from
        course_documents cd1_0 
    where
        cd1_0.document_id=?
Hibernate: 
    select
        count_big(*) 
    from
        course_documents cd1_0 
    where
        cd1_0.document_id=?
Hibernate: 
    select
        dc1_0.chunk_id,
        dc1_0.chapter_id,
        dc1_0.char_count,
        dc1_0.chunk_index,
        dc1_0.chunk_overlap,
        dc1_0.chunk_size,
        dc1_0.chunk_strategy,
        dc1_0.content,
        dc1_0.course_id,
        dc1_0.created_at,
        dc1_0.document_id,
        dc1_0.page_end,
        dc1_0.page_start,
        dc1_0.token_count,
        dc1_0.word_count,
        dc1_0.workspace_id 
    from
        document_chunks dc1_0 
    where
        dc1_0.document_id=? 
    order by
        dc1_0.chunk_index
Hibernate: 
    select
        cw1_0.workspace_id,
        cw1_0.course_id,
        cw1_0.created_at,
        cw1_0.description,
        cw1_0.is_active,
        cw1_0.owner_user_id,
        cw1_0.updated_at,
        cw1_0.visibility,
        cw1_0.workspace_title 
    from
        course_workspaces cw1_0 
    where
        cw1_0.is_active=1 
    order by
        cw1_0.created_at desc
Hibernate: 
    select
        cw1_0.workspace_id,
        cw1_0.course_id,
        cw1_0.created_at,
        cw1_0.description,
        cw1_0.is_active,
        cw1_0.owner_user_id,
        cw1_0.updated_at,
        cw1_0.visibility,
        cw1_0.workspace_title 
    from
        course_workspaces cw1_0 
    where
        cw1_0.is_active=1 
    order by
        cw1_0.created_at desc
Hibernate: 
    select
        cd1_0.document_id,
        cd1_0.chapter_id,
        cd1_0.course_id,
        cd1_0.document_title,
        cd1_0.error_message,
        cd1_0.file_path,
        cd1_0.file_size_bytes,
        cd1_0.file_type,
        cd1_0.language,
        cd1_0.mime_type,
        cd1_0.original_filename,
        cd1_0.processing_status,
        cd1_0.total_pages,
        cd1_0.updated_at,
        cd1_0.uploaded_at,
        cd1_0.uploaded_by,
        cd1_0.workspace_id 
    from
        course_documents cd1_0 
    where
        cd1_0.workspace_id=? 
    order by
        cd1_0.uploaded_at desc
Hibernate: 
    select
        cw1_0.workspace_id,
        cw1_0.course_id,
        cw1_0.created_at,
        cw1_0.description,
        cw1_0.is_active,
        cw1_0.owner_user_id,
        cw1_0.updated_at,
        cw1_0.visibility,
        cw1_0.workspace_title 
    from
        course_workspaces cw1_0 
    where
        cw1_0.is_active=1 
    order by
        cw1_0.created_at desc
Hibernate: 
    select
        count_big(*) 
    from
        course_documents cd1_0 
    where
        cd1_0.document_id=?
Hibernate: 
    select
        count_big(*) 
    from
        course_documents cd1_0 
    where
        cd1_0.document_id=?
Hibernate: 
    select
        count_big(*) 
    from
        course_documents cd1_0 
    where
        cd1_0.document_id=?
Hibernate: 
    select
        dc1_0.chunk_id,
        dc1_0.chapter_id,
        dc1_0.char_count,
        dc1_0.chunk_index,
        dc1_0.chunk_overlap,
        dc1_0.chunk_size,
        dc1_0.chunk_strategy,
        dc1_0.content,
        dc1_0.course_id,
        dc1_0.created_at,
        dc1_0.document_id,
        dc1_0.page_end,
        dc1_0.page_start,
        dc1_0.token_count,
        dc1_0.word_count,
        dc1_0.workspace_id 
    from
        document_chunks dc1_0 
    where
        dc1_0.document_id=? 
    order by
        dc1_0.chunk_index
Hibernate: 
    select
        dc1_0.chunk_id,
        dc1_0.chapter_id,
        dc1_0.char_count,
        dc1_0.chunk_index,
        dc1_0.chunk_overlap,
        dc1_0.chunk_size,
        dc1_0.chunk_strategy,
        dc1_0.content,
        dc1_0.course_id,
        dc1_0.created_at,
        dc1_0.document_id,
        dc1_0.page_end,
        dc1_0.page_start,
        dc1_0.token_count,
        dc1_0.word_count,
        dc1_0.workspace_id 
    from
        document_chunks dc1_0 
    where
        dc1_0.document_id=? 
    order by
        dc1_0.chunk_index
Hibernate: 
    select
        cd1_0.document_id,
        cd1_0.chapter_id,
        cd1_0.course_id,
        cd1_0.document_title,
        cd1_0.error_message,
        cd1_0.file_path,
        cd1_0.file_size_bytes,
        cd1_0.file_type,
        cd1_0.language,
        cd1_0.mime_type,
        cd1_0.original_filename,
        cd1_0.processing_status,
        cd1_0.total_pages,
        cd1_0.updated_at,
        cd1_0.uploaded_at,
        cd1_0.uploaded_by,
        cd1_0.workspace_id 
    from
        course_documents cd1_0 
    where
        cd1_0.workspace_id=? 
    order by
        cd1_0.uploaded_at desc
Hibernate: 
    select
        dc1_0.chunk_id,
        dc1_0.chapter_id,
        dc1_0.char_count,
        dc1_0.chunk_index,
        dc1_0.chunk_overlap,
        dc1_0.chunk_size,
        dc1_0.chunk_strategy,
        dc1_0.content,
        dc1_0.course_id,
        dc1_0.created_at,
        dc1_0.document_id,
        dc1_0.page_end,
        dc1_0.page_start,
        dc1_0.token_count,
        dc1_0.word_count,
        dc1_0.workspace_id 
    from
        document_chunks dc1_0 
    where
        dc1_0.document_id=? 
    order by
        dc1_0.chunk_index
Hibernate: 
    select
        count_big(*) 
    from
        course_documents cd1_0 
    where
        cd1_0.document_id=?
Hibernate: 
    select
        count_big(*) 
    from
        course_documents cd1_0 
    where
        cd1_0.document_id=?
Hibernate: 
    select
        count_big(*) 
    from
        course_documents cd1_0 
    where
        cd1_0.document_id=?
Hibernate: 
    select
        dc1_0.chunk_id,
        dc1_0.chapter_id,
        dc1_0.char_count,
        dc1_0.chunk_index,
        dc1_0.chunk_overlap,
        dc1_0.chunk_size,
        dc1_0.chunk_strategy,
        dc1_0.content,
        dc1_0.course_id,
        dc1_0.created_at,
        dc1_0.document_id,
        dc1_0.page_end,
        dc1_0.page_start,
        dc1_0.token_count,
        dc1_0.word_count,
        dc1_0.workspace_id 
    from
        document_chunks dc1_0 
    where
        dc1_0.document_id=? 
    order by
        dc1_0.chunk_index
Hibernate: 
    select
        dc1_0.chunk_id,
        dc1_0.chapter_id,
        dc1_0.char_count,
        dc1_0.chunk_index,
        dc1_0.chunk_overlap,
        dc1_0.chunk_size,
        dc1_0.chunk_strategy,
        dc1_0.content,
        dc1_0.course_id,
        dc1_0.created_at,
        dc1_0.document_id,
        dc1_0.page_end,
        dc1_0.page_start,
        dc1_0.token_count,
        dc1_0.word_count,
        dc1_0.workspace_id 
    from
        document_chunks dc1_0 
    where
        dc1_0.document_id=? 
    order by
        dc1_0.chunk_index
Hibernate: 
    select
        dc1_0.chunk_id,
        dc1_0.chapter_id,
        dc1_0.char_count,
        dc1_0.chunk_index,
        dc1_0.chunk_overlap,
        dc1_0.chunk_size,
        dc1_0.chunk_strategy,
        dc1_0.content,
        dc1_0.course_id,
        dc1_0.created_at,
        dc1_0.document_id,
        dc1_0.page_end,
        dc1_0.page_start,
        dc1_0.token_count,
        dc1_0.word_count,
        dc1_0.workspace_id 
    from
        document_chunks dc1_0 
    where
        dc1_0.document_id=? 
    order by
        dc1_0.chunk_index
Hibernate: 
    select
        count_big(*) 
    from
        course_documents cd1_0 
    where
        cd1_0.document_id=?
Hibernate: 
    select
        cd1_0.document_id,
        cd1_0.chapter_id,
        cd1_0.course_id,
        cd1_0.document_title,
        cd1_0.error_message,
        cd1_0.file_path,
        cd1_0.file_size_bytes,
        cd1_0.file_type,
        cd1_0.language,
        cd1_0.mime_type,
        cd1_0.original_filename,
        cd1_0.processing_status,
        cd1_0.total_pages,
        cd1_0.updated_at,
        cd1_0.uploaded_at,
        cd1_0.uploaded_by,
        cd1_0.workspace_id 
    from
        course_documents cd1_0 
    where
        cd1_0.document_id=?
Hibernate: 
    select
        dc1_0.chunk_id,
        dc1_0.chapter_id,
        dc1_0.char_count,
        dc1_0.chunk_index,
        dc1_0.chunk_overlap,
        dc1_0.chunk_size,
        dc1_0.chunk_strategy,
        dc1_0.content,
        dc1_0.course_id,
        dc1_0.created_at,
        dc1_0.document_id,
        dc1_0.page_end,
        dc1_0.page_start,
        dc1_0.token_count,
        dc1_0.word_count,
        dc1_0.workspace_id 
    from
        document_chunks dc1_0 
    where
        dc1_0.document_id=? 
    order by
        dc1_0.chunk_index
Hibernate: 
    select
        cd1_0.document_id,
        cd1_0.chapter_id,
        cd1_0.course_id,
        cd1_0.document_title,
        cd1_0.error_message,
        cd1_0.file_path,
        cd1_0.file_size_bytes,
        cd1_0.file_type,
        cd1_0.language,
        cd1_0.mime_type,
        cd1_0.original_filename,
        cd1_0.processing_status,
        cd1_0.total_pages,
        cd1_0.updated_at,
        cd1_0.uploaded_at,
        cd1_0.uploaded_by,
        cd1_0.workspace_id 
    from
        course_documents cd1_0 
    where
        cd1_0.document_id=?
Hibernate: 
    select
        count_big(*) 
    from
        course_documents cd1_0 
    where
        cd1_0.document_id=?
Hibernate: 
    select
        dc1_0.chunk_id,
        dc1_0.chapter_id,
        dc1_0.char_count,
        dc1_0.chunk_index,
        dc1_0.chunk_overlap,
        dc1_0.chunk_size,
        dc1_0.chunk_strategy,
        dc1_0.content,
        dc1_0.course_id,
        dc1_0.created_at,
        dc1_0.document_id,
        dc1_0.page_end,
        dc1_0.page_start,
        dc1_0.token_count,
        dc1_0.word_count,
        dc1_0.workspace_id 
    from
        document_chunks dc1_0 
    where
        dc1_0.document_id=? 
    order by
        dc1_0.chunk_index
Hibernate: 
    select
        cw1_0.workspace_id,
        cw1_0.course_id,
        cw1_0.created_at,
        cw1_0.description,
        cw1_0.is_active,
        cw1_0.owner_user_id,
        cw1_0.updated_at,
        cw1_0.visibility,
        cw1_0.workspace_title 
    from
        course_workspaces cw1_0 
    where
        cw1_0.is_active=1 
    order by
        cw1_0.created_at desc
Hibernate: 
    select
        cw1_0.workspace_id,
        cw1_0.course_id,
        cw1_0.created_at,
        cw1_0.description,
        cw1_0.is_active,
        cw1_0.owner_user_id,
        cw1_0.updated_at,
        cw1_0.visibility,
        cw1_0.workspace_title 
    from
        course_workspaces cw1_0 
    where
        cw1_0.is_active=1 
    order by
        cw1_0.created_at desc
Hibernate: 
    select
        cd1_0.document_id,
        cd1_0.chapter_id,
        cd1_0.course_id,
        cd1_0.document_title,
        cd1_0.error_message,
        cd1_0.file_path,
        cd1_0.file_size_bytes,
        cd1_0.file_type,
        cd1_0.language,
        cd1_0.mime_type,
        cd1_0.original_filename,
        cd1_0.processing_status,
        cd1_0.total_pages,
        cd1_0.updated_at,
        cd1_0.uploaded_at,
        cd1_0.uploaded_by,
        cd1_0.workspace_id 
    from
        course_documents cd1_0 
    where
        cd1_0.workspace_id=? 
    order by
        cd1_0.uploaded_at desc
Hibernate: 
    select
        cw1_0.workspace_id,
        cw1_0.course_id,
        cw1_0.created_at,
        cw1_0.description,
        cw1_0.is_active,
        cw1_0.owner_user_id,
        cw1_0.updated_at,
        cw1_0.visibility,
        cw1_0.workspace_title 
    from
        course_workspaces cw1_0 
    where
        cw1_0.is_active=1 
    order by
        cw1_0.created_at desc
Hibernate: 
    select
        count_big(*) 
    from
        course_documents cd1_0 
    where
        cd1_0.document_id=?
Hibernate: 
    select
        count_big(*) 
    from
        course_documents cd1_0 
    where
        cd1_0.document_id=?
Hibernate: 
    select
        cd1_0.document_id,
        cd1_0.chapter_id,
        cd1_0.course_id,
        cd1_0.document_title,
        cd1_0.error_message,
        cd1_0.file_path,
        cd1_0.file_size_bytes,
        cd1_0.file_type,
        cd1_0.language,
        cd1_0.mime_type,
        cd1_0.original_filename,
        cd1_0.processing_status,
        cd1_0.total_pages,
        cd1_0.updated_at,
        cd1_0.uploaded_at,
        cd1_0.uploaded_by,
        cd1_0.workspace_id 
    from
        course_documents cd1_0 
    where
        cd1_0.workspace_id=? 
    order by
        cd1_0.uploaded_at desc
Hibernate: 
    select
        count_big(*) 
    from
        course_documents cd1_0 
    where
        cd1_0.document_id=?
Hibernate: 
    select
        dc1_0.chunk_id,
        dc1_0.chapter_id,
        dc1_0.char_count,
        dc1_0.chunk_index,
        dc1_0.chunk_overlap,
        dc1_0.chunk_size,
        dc1_0.chunk_strategy,
        dc1_0.content,
        dc1_0.course_id,
        dc1_0.created_at,
        dc1_0.document_id,
        dc1_0.page_end,
        dc1_0.page_start,
        dc1_0.token_count,
        dc1_0.word_count,
        dc1_0.workspace_id 
    from
        document_chunks dc1_0 
    where
        dc1_0.document_id=? 
    order by
        dc1_0.chunk_index
Hibernate: 
    select
        dc1_0.chunk_id,
        dc1_0.chapter_id,
        dc1_0.char_count,
        dc1_0.chunk_index,
        dc1_0.chunk_overlap,
        dc1_0.chunk_size,
        dc1_0.chunk_strategy,
        dc1_0.content,
        dc1_0.course_id,
        dc1_0.created_at,
        dc1_0.document_id,
        dc1_0.page_end,
        dc1_0.page_start,
        dc1_0.token_count,
        dc1_0.word_count,
        dc1_0.workspace_id 
    from
        document_chunks dc1_0 
    where
        dc1_0.document_id=? 
    order by
        dc1_0.chunk_index
Hibernate: 
    select
        dc1_0.chunk_id,
        dc1_0.chapter_id,
        dc1_0.char_count,
        dc1_0.chunk_index,
        dc1_0.chunk_overlap,
        dc1_0.chunk_size,
        dc1_0.chunk_strategy,
        dc1_0.content,
        dc1_0.course_id,
        dc1_0.created_at,
        dc1_0.document_id,
        dc1_0.page_end,
        dc1_0.page_start,
        dc1_0.token_count,
        dc1_0.word_count,
        dc1_0.workspace_id 
    from
        document_chunks dc1_0 
    where
        dc1_0.document_id=? 
    order by
        dc1_0.chunk_index
Hibernate: 
    select
        count_big(*) 
    from
        course_documents cd1_0 
    where
        cd1_0.document_id=?
Hibernate: 
    select
        count_big(*) 
    from
        course_documents cd1_0 
    where
        cd1_0.document_id=?
Hibernate: 
    select
        count_big(*) 
    from
        course_documents cd1_0 
    where
        cd1_0.document_id=?
Hibernate: 
    select
        dc1_0.chunk_id,
        dc1_0.chapter_id,
        dc1_0.char_count,
        dc1_0.chunk_index,
        dc1_0.chunk_overlap,
        dc1_0.chunk_size,
        dc1_0.chunk_strategy,
        dc1_0.content,
        dc1_0.course_id,
        dc1_0.created_at,
        dc1_0.document_id,
        dc1_0.page_end,
        dc1_0.page_start,
        dc1_0.token_count,
        dc1_0.word_count,
        dc1_0.workspace_id 
    from
        document_chunks dc1_0 
    where
        dc1_0.document_id=? 
    order by
        dc1_0.chunk_index
Hibernate: 
    select
        dc1_0.chunk_id,
        dc1_0.chapter_id,
        dc1_0.char_count,
        dc1_0.chunk_index,
        dc1_0.chunk_overlap,
        dc1_0.chunk_size,
        dc1_0.chunk_strategy,
        dc1_0.content,
        dc1_0.course_id,
        dc1_0.created_at,
        dc1_0.document_id,
        dc1_0.page_end,
        dc1_0.page_start,
        dc1_0.token_count,
        dc1_0.word_count,
        dc1_0.workspace_id 
    from
        document_chunks dc1_0 
    where
        dc1_0.document_id=? 
    order by
        dc1_0.chunk_index
Hibernate: 
    select
        dc1_0.chunk_id,
        dc1_0.chapter_id,
        dc1_0.char_count,
        dc1_0.chunk_index,
        dc1_0.chunk_overlap,
        dc1_0.chunk_size,
        dc1_0.chunk_strategy,
        dc1_0.content,
        dc1_0.course_id,
        dc1_0.created_at,
        dc1_0.document_id,
        dc1_0.page_end,
        dc1_0.page_start,
        dc1_0.token_count,
        dc1_0.word_count,
        dc1_0.workspace_id 
    from
        document_chunks dc1_0 
    where
        dc1_0.document_id=? 
    order by
        dc1_0.chunk_index
Hibernate: 
    select
        u1_0.user_id,
        u1_0.avatar_url,
        u1_0.created_at,
        u1_0.email,
        u1_0.full_name,
        u1_0.is_active,
        u1_0.last_login_at,
        u1_0.last_logout_at,
        u1_0.password_hash,
        u1_0.updated_at 
    from
        users u1_0
Hibernate: 
    select
        ur1_0.user_role_id,
        ur1_0.assigned_at,
        ur1_0.is_active,
        ur1_0.permission_json,
        ur1_0.role_name,
        ur1_0.user_id 
    from
        user_roles ur1_0 
    where
        ur1_0.user_id=? 
        and ur1_0.is_active=1
Hibernate: 
    select
        ur1_0.user_role_id,
        ur1_0.assigned_at,
        ur1_0.is_active,
        ur1_0.permission_json,
        ur1_0.role_name,
        ur1_0.user_id 
    from
        user_roles ur1_0 
    where
        ur1_0.user_id=? 
        and ur1_0.is_active=1
Hibernate: 
    select
        ur1_0.user_role_id,
        ur1_0.assigned_at,
        ur1_0.is_active,
        ur1_0.permission_json,
        ur1_0.role_name,
        ur1_0.user_id 
    from
        user_roles ur1_0 
    where
        ur1_0.user_id=? 
        and ur1_0.is_active=1
Hibernate: 
    select
        ur1_0.user_role_id,
        ur1_0.assigned_at,
        ur1_0.is_active,
        ur1_0.permission_json,
        ur1_0.role_name,
        ur1_0.user_id 
    from
        user_roles ur1_0 
    where
        ur1_0.user_id=? 
        and ur1_0.is_active=1
Hibernate: 
    select
        ur1_0.user_role_id,
        ur1_0.assigned_at,
        ur1_0.is_active,
        ur1_0.permission_json,
        ur1_0.role_name,
        ur1_0.user_id 
    from
        user_roles ur1_0 
    where
        ur1_0.user_id=? 
        and ur1_0.is_active=1
Hibernate: 
    select
        ur1_0.user_role_id,
        ur1_0.assigned_at,
        ur1_0.is_active,
        ur1_0.permission_json,
        ur1_0.role_name,
        ur1_0.user_id 
    from
        user_roles ur1_0 
    where
        ur1_0.user_id=? 
        and ur1_0.is_active=1
Hibernate: 
    select
        ur1_0.user_role_id,
        ur1_0.assigned_at,
        ur1_0.is_active,
        ur1_0.permission_json,
        ur1_0.role_name,
        ur1_0.user_id 
    from
        user_roles ur1_0 
    where
        ur1_0.user_id=? 
        and ur1_0.is_active=1
Hibernate: 
    select
        ur1_0.user_role_id,
        ur1_0.assigned_at,
        ur1_0.is_active,
        ur1_0.permission_json,
        ur1_0.role_name,
        ur1_0.user_id 
    from
        user_roles ur1_0 
    where
        ur1_0.user_id=? 
        and ur1_0.is_active=1
Hibernate: 
    select
        ur1_0.user_role_id,
        ur1_0.assigned_at,
        ur1_0.is_active,
        ur1_0.permission_json,
        ur1_0.role_name,
        ur1_0.user_id 
    from
        user_roles ur1_0 
    where
        ur1_0.user_id=? 
        and ur1_0.is_active=1
Hibernate: 
    select
        ur1_0.user_role_id,
        ur1_0.assigned_at,
        ur1_0.is_active,
        ur1_0.permission_json,
        ur1_0.role_name,
        ur1_0.user_id 
    from
        user_roles ur1_0 
    where
        ur1_0.user_id=? 
        and ur1_0.is_active=1
Hibernate: 
    select
        ur1_0.user_role_id,
        ur1_0.assigned_at,
        ur1_0.is_active,
        ur1_0.permission_json,
        ur1_0.role_name,
        ur1_0.user_id 
    from
        user_roles ur1_0 
    where
        ur1_0.user_id=? 
        and ur1_0.is_active=1
Hibernate: 
    select
        ur1_0.user_role_id,
        ur1_0.assigned_at,
        ur1_0.is_active,
        ur1_0.permission_json,
        ur1_0.role_name,
        ur1_0.user_id 
    from
        user_roles ur1_0 
    where
        ur1_0.user_id=? 
        and ur1_0.is_active=1
Hibernate: 
    select
        u1_0.user_id,
        u1_0.avatar_url,
        u1_0.created_at,
        u1_0.email,
        u1_0.full_name,
        u1_0.is_active,
        u1_0.last_login_at,
        u1_0.last_logout_at,
        u1_0.password_hash,
        u1_0.updated_at 
    from
        users u1_0
Hibernate: 
    select
        ur1_0.user_role_id,
        ur1_0.assigned_at,
        ur1_0.is_active,
        ur1_0.permission_json,
        ur1_0.role_name,
        ur1_0.user_id 
    from
        user_roles ur1_0 
    where
        ur1_0.user_id=? 
        and ur1_0.is_active=1
Hibernate: 
    select
        ur1_0.user_role_id,
        ur1_0.assigned_at,
        ur1_0.is_active,
        ur1_0.permission_json,
        ur1_0.role_name,
        ur1_0.user_id 
    from
        user_roles ur1_0 
    where
        ur1_0.user_id=? 
        and ur1_0.is_active=1
Hibernate: 
    select
        ur1_0.user_role_id,
        ur1_0.assigned_at,
        ur1_0.is_active,
        ur1_0.permission_json,
        ur1_0.role_name,
        ur1_0.user_id 
    from
        user_roles ur1_0 
    where
        ur1_0.user_id=? 
        and ur1_0.is_active=1
Hibernate: 
    select
        ur1_0.user_role_id,
        ur1_0.assigned_at,
        ur1_0.is_active,
        ur1_0.permission_json,
        ur1_0.role_name,
        ur1_0.user_id 
    from
        user_roles ur1_0 
    where
        ur1_0.user_id=? 
        and ur1_0.is_active=1
Hibernate: 
    select
        ur1_0.user_role_id,
        ur1_0.assigned_at,
        ur1_0.is_active,
        ur1_0.permission_json,
        ur1_0.role_name,
        ur1_0.user_id 
    from
        user_roles ur1_0 
    where
        ur1_0.user_id=? 
        and ur1_0.is_active=1
Hibernate: 
    select
        ur1_0.user_role_id,
        ur1_0.assigned_at,
        ur1_0.is_active,
        ur1_0.permission_json,
        ur1_0.role_name,
        ur1_0.user_id 
    from
        user_roles ur1_0 
    where
        ur1_0.user_id=? 
        and ur1_0.is_active=1
Hibernate: 
    select
        ur1_0.user_role_id,
        ur1_0.assigned_at,
        ur1_0.is_active,
        ur1_0.permission_json,
        ur1_0.role_name,
        ur1_0.user_id 
    from
        user_roles ur1_0 
    where
        ur1_0.user_id=? 
        and ur1_0.is_active=1
Hibernate: 
    select
        ur1_0.user_role_id,
        ur1_0.assigned_at,
        ur1_0.is_active,
        ur1_0.permission_json,
        ur1_0.role_name,
        ur1_0.user_id 
    from
        user_roles ur1_0 
    where
        ur1_0.user_id=? 
        and ur1_0.is_active=1
Hibernate: 
    select
        ur1_0.user_role_id,
        ur1_0.assigned_at,
        ur1_0.is_active,
        ur1_0.permission_json,
        ur1_0.role_name,
        ur1_0.user_id 
    from
        user_roles ur1_0 
    where
        ur1_0.user_id=? 
        and ur1_0.is_active=1
Hibernate: 
    select
        ur1_0.user_role_id,
        ur1_0.assigned_at,
        ur1_0.is_active,
        ur1_0.permission_json,
        ur1_0.role_name,
        ur1_0.user_id 
    from
        user_roles ur1_0 
    where
        ur1_0.user_id=? 
        and ur1_0.is_active=1
Hibernate: 
    select
        ur1_0.user_role_id,
        ur1_0.assigned_at,
        ur1_0.is_active,
        ur1_0.permission_json,
        ur1_0.role_name,
        ur1_0.user_id 
    from
        user_roles ur1_0 
    where
        ur1_0.user_id=? 
        and ur1_0.is_active=1
Hibernate: 
    select
        ur1_0.user_role_id,
        ur1_0.assigned_at,
        ur1_0.is_active,
        ur1_0.permission_json,
        ur1_0.role_name,
        ur1_0.user_id 
    from
        user_roles ur1_0 
    where
        ur1_0.user_id=? 
        and ur1_0.is_active=1
Hibernate: 
    select
        cw1_0.workspace_id,
        cw1_0.course_id,
        cw1_0.created_at,
        cw1_0.description,
        cw1_0.is_active,
        cw1_0.owner_user_id,
        cw1_0.updated_at,
        cw1_0.visibility,
        cw1_0.workspace_title 
    from
        course_workspaces cw1_0 
    where
        cw1_0.is_active=1 
    order by
        cw1_0.created_at desc
Hibernate: 
    select
        cw1_0.workspace_id,
        cw1_0.course_id,
        cw1_0.created_at,
        cw1_0.description,
        cw1_0.is_active,
        cw1_0.owner_user_id,
        cw1_0.updated_at,
        cw1_0.visibility,
        cw1_0.workspace_title 
    from
        course_workspaces cw1_0 
    where
        cw1_0.is_active=1 
    order by
        cw1_0.created_at desc
Hibernate: 
    select
        cw1_0.workspace_id,
        cw1_0.course_id,
        cw1_0.created_at,
        cw1_0.description,
        cw1_0.is_active,
        cw1_0.owner_user_id,
        cw1_0.updated_at,
        cw1_0.visibility,
        cw1_0.workspace_title 
    from
        course_workspaces cw1_0 
    where
        cw1_0.is_active=1 
    order by
        cw1_0.created_at desc
Hibernate: 
    select
        cd1_0.document_id,
        cd1_0.chapter_id,
        cd1_0.course_id,
        cd1_0.document_title,
        cd1_0.error_message,
        cd1_0.file_path,
        cd1_0.file_size_bytes,
        cd1_0.file_type,
        cd1_0.language,
        cd1_0.mime_type,
        cd1_0.original_filename,
        cd1_0.processing_status,
        cd1_0.total_pages,
        cd1_0.updated_at,
        cd1_0.uploaded_at,
        cd1_0.uploaded_by,
        cd1_0.workspace_id 
    from
        course_documents cd1_0 
    where
        cd1_0.workspace_id=? 
    order by
        cd1_0.uploaded_at desc
Hibernate: 
    select
        count_big(*) 
    from
        course_documents cd1_0 
    where
        cd1_0.document_id=?
Hibernate: 
    select
        count_big(*) 
    from
        course_documents cd1_0 
    where
        cd1_0.document_id=?
Hibernate: 
    select
        cd1_0.document_id,
        cd1_0.chapter_id,
        cd1_0.course_id,
        cd1_0.document_title,
        cd1_0.error_message,
        cd1_0.file_path,
        cd1_0.file_size_bytes,
        cd1_0.file_type,
        cd1_0.language,
        cd1_0.mime_type,
        cd1_0.original_filename,
        cd1_0.processing_status,
        cd1_0.total_pages,
        cd1_0.updated_at,
        cd1_0.uploaded_at,
        cd1_0.uploaded_by,
        cd1_0.workspace_id 
    from
        course_documents cd1_0 
    where
        cd1_0.workspace_id=? 
    order by
        cd1_0.uploaded_at desc
Hibernate: 
    select
        count_big(*) 
    from
        course_documents cd1_0 
    where
        cd1_0.document_id=?
Hibernate: 
    select
        dc1_0.chunk_id,
        dc1_0.chapter_id,
        dc1_0.char_count,
        dc1_0.chunk_index,
        dc1_0.chunk_overlap,
        dc1_0.chunk_size,
        dc1_0.chunk_strategy,
        dc1_0.content,
        dc1_0.course_id,
        dc1_0.created_at,
        dc1_0.document_id,
        dc1_0.page_end,
        dc1_0.page_start,
        dc1_0.token_count,
        dc1_0.word_count,
        dc1_0.workspace_id 
    from
        document_chunks dc1_0 
    where
        dc1_0.document_id=? 
    order by
        dc1_0.chunk_index
Hibernate: 
    select
        dc1_0.chunk_id,
        dc1_0.chapter_id,
        dc1_0.char_count,
        dc1_0.chunk_index,
        dc1_0.chunk_overlap,
        dc1_0.chunk_size,
        dc1_0.chunk_strategy,
        dc1_0.content,
        dc1_0.course_id,
        dc1_0.created_at,
        dc1_0.document_id,
        dc1_0.page_end,
        dc1_0.page_start,
        dc1_0.token_count,
        dc1_0.word_count,
        dc1_0.workspace_id 
    from
        document_chunks dc1_0 
    where
        dc1_0.document_id=? 
    order by
        dc1_0.chunk_index
Hibernate: 
    select
        dc1_0.chunk_id,
        dc1_0.chapter_id,
        dc1_0.char_count,
        dc1_0.chunk_index,
        dc1_0.chunk_overlap,
        dc1_0.chunk_size,
        dc1_0.chunk_strategy,
        dc1_0.content,
        dc1_0.course_id,
        dc1_0.created_at,
        dc1_0.document_id,
        dc1_0.page_end,
        dc1_0.page_start,
        dc1_0.token_count,
        dc1_0.word_count,
        dc1_0.workspace_id 
    from
        document_chunks dc1_0 
    where
        dc1_0.document_id=? 
    order by
        dc1_0.chunk_index
Hibernate: 
    select
        count_big(*) 
    from
        course_documents cd1_0 
    where
        cd1_0.document_id=?
Hibernate: 
    select
        count_big(*) 
    from
        course_documents cd1_0 
    where
        cd1_0.document_id=?
Hibernate: 
    select
        dc1_0.chunk_id,
        dc1_0.chapter_id,
        dc1_0.char_count,
        dc1_0.chunk_index,
        dc1_0.chunk_overlap,
        dc1_0.chunk_size,
        dc1_0.chunk_strategy,
        dc1_0.content,
        dc1_0.course_id,
        dc1_0.created_at,
        dc1_0.document_id,
        dc1_0.page_end,
        dc1_0.page_start,
        dc1_0.token_count,
        dc1_0.word_count,
        dc1_0.workspace_id 
    from
        document_chunks dc1_0 
    where
        dc1_0.document_id=? 
    order by
        dc1_0.chunk_index
Hibernate: 
    select
        count_big(*) 
    from
        course_documents cd1_0 
    where
        cd1_0.document_id=?
Hibernate: 
    select
        dc1_0.chunk_id,
        dc1_0.chapter_id,
        dc1_0.char_count,
        dc1_0.chunk_index,
        dc1_0.chunk_overlap,
        dc1_0.chunk_size,
        dc1_0.chunk_strategy,
        dc1_0.content,
        dc1_0.course_id,
        dc1_0.created_at,
        dc1_0.document_id,
        dc1_0.page_end,
        dc1_0.page_start,
        dc1_0.token_count,
        dc1_0.word_count,
        dc1_0.workspace_id 
    from
        document_chunks dc1_0 
    where
        dc1_0.document_id=? 
    order by
        dc1_0.chunk_index
Hibernate: 
    select
        dc1_0.chunk_id,
        dc1_0.chapter_id,
        dc1_0.char_count,
        dc1_0.chunk_index,
        dc1_0.chunk_overlap,
        dc1_0.chunk_size,
        dc1_0.chunk_strategy,
        dc1_0.content,
        dc1_0.course_id,
        dc1_0.created_at,
        dc1_0.document_id,
        dc1_0.page_end,
        dc1_0.page_start,
        dc1_0.token_count,
        dc1_0.word_count,
        dc1_0.workspace_id 
    from
        document_chunks dc1_0 
    where
        dc1_0.document_id=? 
    order by
        dc1_0.chunk_index
Hibernate: 
    select
        cw1_0.workspace_id,
        cw1_0.course_id,
        cw1_0.created_at,
        cw1_0.description,
        cw1_0.is_active,
        cw1_0.owner_user_id,
        cw1_0.updated_at,
        cw1_0.visibility,
        cw1_0.workspace_title 
    from
        course_workspaces cw1_0 
    where
        cw1_0.is_active=1 
    order by
        cw1_0.created_at desc
Hibernate: 
    select
        cd1_0.document_id,
        cd1_0.chapter_id,
        cd1_0.course_id,
        cd1_0.document_title,
        cd1_0.error_message,
        cd1_0.file_path,
        cd1_0.file_size_bytes,
        cd1_0.file_type,
        cd1_0.language,
        cd1_0.mime_type,
        cd1_0.original_filename,
        cd1_0.processing_status,
        cd1_0.total_pages,
        cd1_0.updated_at,
        cd1_0.uploaded_at,
        cd1_0.uploaded_by,
        cd1_0.workspace_id 
    from
        course_documents cd1_0 
    where
        cd1_0.workspace_id=? 
    order by
        cd1_0.uploaded_at desc
Hibernate: 
    select
        cw1_0.workspace_id,
        cw1_0.course_id,
        cw1_0.created_at,
        cw1_0.description,
        cw1_0.is_active,
        cw1_0.owner_user_id,
        cw1_0.updated_at,
        cw1_0.visibility,
        cw1_0.workspace_title 
    from
        course_workspaces cw1_0 
    where
        cw1_0.is_active=1 
    order by
        cw1_0.created_at desc
Hibernate: 
    select
        count_big(*) 
    from
        course_documents cd1_0 
    where
        cd1_0.document_id=?
Hibernate: 
    select
        count_big(*) 
    from
        course_documents cd1_0 
    where
        cd1_0.document_id=?
Hibernate: 
    select
        dc1_0.chunk_id,
        dc1_0.chapter_id,
        dc1_0.char_count,
        dc1_0.chunk_index,
        dc1_0.chunk_overlap,
        dc1_0.chunk_size,
        dc1_0.chunk_strategy,
        dc1_0.content,
        dc1_0.course_id,
        dc1_0.created_at,
        dc1_0.document_id,
        dc1_0.page_end,
        dc1_0.page_start,
        dc1_0.token_count,
        dc1_0.word_count,
        dc1_0.workspace_id 
    from
        document_chunks dc1_0 
    where
        dc1_0.document_id=? 
    order by
        dc1_0.chunk_index
Hibernate: 
    select
        dc1_0.chunk_id,
        dc1_0.chapter_id,
        dc1_0.char_count,
        dc1_0.chunk_index,
        dc1_0.chunk_overlap,
        dc1_0.chunk_size,
        dc1_0.chunk_strategy,
        dc1_0.content,
        dc1_0.course_id,
        dc1_0.created_at,
        dc1_0.document_id,
        dc1_0.page_end,
        dc1_0.page_start,
        dc1_0.token_count,
        dc1_0.word_count,
        dc1_0.workspace_id 
    from
        document_chunks dc1_0 
    where
        dc1_0.document_id=? 
    order by
        dc1_0.chunk_index
Hibernate: 
    select
        count_big(*) 
    from
        course_documents cd1_0 
    where
        cd1_0.document_id=?
Hibernate: 
    select
        dc1_0.chunk_id,
        dc1_0.chapter_id,
        dc1_0.char_count,
        dc1_0.chunk_index,
        dc1_0.chunk_overlap,
        dc1_0.chunk_size,
        dc1_0.chunk_strategy,
        dc1_0.content,
        dc1_0.course_id,
        dc1_0.created_at,
        dc1_0.document_id,
        dc1_0.page_end,
        dc1_0.page_start,
        dc1_0.token_count,
        dc1_0.word_count,
        dc1_0.workspace_id 
    from
        document_chunks dc1_0 
    where
        dc1_0.document_id=? 
    order by
        dc1_0.chunk_index
Hibernate: 
    select
        cd1_0.document_id,
        cd1_0.chapter_id,
        cd1_0.course_id,
        cd1_0.document_title,
        cd1_0.error_message,
        cd1_0.file_path,
        cd1_0.file_size_bytes,
        cd1_0.file_type,
        cd1_0.language,
        cd1_0.mime_type,
        cd1_0.original_filename,
        cd1_0.processing_status,
        cd1_0.total_pages,
        cd1_0.updated_at,
        cd1_0.uploaded_at,
        cd1_0.uploaded_by,
        cd1_0.workspace_id 
    from
        course_documents cd1_0 
    where
        cd1_0.workspace_id=? 
    order by
        cd1_0.uploaded_at desc
Hibernate: 
    select
        count_big(*) 
    from
        course_documents cd1_0 
    where
        cd1_0.document_id=?
Hibernate: 
    select
        count_big(*) 
    from
        course_documents cd1_0 
    where
        cd1_0.document_id=?
Hibernate: 
    select
        dc1_0.chunk_id,
        dc1_0.chapter_id,
        dc1_0.char_count,
        dc1_0.chunk_index,
        dc1_0.chunk_overlap,
        dc1_0.chunk_size,
        dc1_0.chunk_strategy,
        dc1_0.content,
        dc1_0.course_id,
        dc1_0.created_at,
        dc1_0.document_id,
        dc1_0.page_end,
        dc1_0.page_start,
        dc1_0.token_count,
        dc1_0.word_count,
        dc1_0.workspace_id 
    from
        document_chunks dc1_0 
    where
        dc1_0.document_id=? 
    order by
        dc1_0.chunk_index
Hibernate: 
    select
        count_big(*) 
    from
        course_documents cd1_0 
    where
        cd1_0.document_id=?
Hibernate: 
    select
        dc1_0.chunk_id,
        dc1_0.chapter_id,
        dc1_0.char_count,
        dc1_0.chunk_index,
        dc1_0.chunk_overlap,
        dc1_0.chunk_size,
        dc1_0.chunk_strategy,
        dc1_0.content,
        dc1_0.course_id,
        dc1_0.created_at,
        dc1_0.document_id,
        dc1_0.page_end,
        dc1_0.page_start,
        dc1_0.token_count,
        dc1_0.word_count,
        dc1_0.workspace_id 
    from
        document_chunks dc1_0 
    where
        dc1_0.document_id=? 
    order by
        dc1_0.chunk_index
Hibernate: 
    select
        dc1_0.chunk_id,
        dc1_0.chapter_id,
        dc1_0.char_count,
        dc1_0.chunk_index,
        dc1_0.chunk_overlap,
        dc1_0.chunk_size,
        dc1_0.chunk_strategy,
        dc1_0.content,
        dc1_0.course_id,
        dc1_0.created_at,
        dc1_0.document_id,
        dc1_0.page_end,
        dc1_0.page_start,
        dc1_0.token_count,
        dc1_0.word_count,
        dc1_0.workspace_id 
    from
        document_chunks dc1_0 
    where
        dc1_0.document_id=? 
    order by
        dc1_0.chunk_index
2026-06-07T22:35:43.537+07:00  INFO 10012 --- [courseqa-springboot-mvc2-skeleton] [   File Watcher] rtingClassPathChangeChangedEventListener : Restarting due to 109 class path changes (0 additions, 109 deletions, 0 modifications)
2026-06-07T22:35:43.586+07:00  INFO 10012 --- [courseqa-springboot-mvc2-skeleton] [      Thread-19] j.LocalContainerEntityManagerFactoryBean : Closing JPA EntityManagerFactory for persistence unit 'default'
2026-06-07T22:35:43.590+07:00  INFO 10012 --- [courseqa-springboot-mvc2-skeleton] [      Thread-19] com.zaxxer.hikari.HikariDataSource       : HikariPool-5 - Shutdown initiated...
2026-06-07T22:35:43.606+07:00  INFO 10012 --- [courseqa-springboot-mvc2-skeleton] [      Thread-19] com.zaxxer.hikari.HikariDataSource       : HikariPool-5 - Shutdown completed.
Standard Commons Logging discovery in action with spring-jcl: please remove commons-logging.jar from classpath in order to avoid potential conflicts

  .   ____          _            __ _ _
 /\\ / ___'_ __ _ _(_)_ __  __ _ \ \ \ \
( ( )\___ | '_ | '_| | '_ \/ _` | \ \ \ \
 \\/  ___)| |_)| | | | | || (_| |  ) ) ) )
  '  |____| .__|_| |_|_| |_\__, | / / / /
 =========|_|==============|___/=/_/_/_/

 :: Spring Boot ::                (v3.3.5)

2026-06-07T22:35:44.005+07:00  INFO 10012 --- [courseqa-springboot-mvc2-skeleton] [  restartedMain] com.courseqa.CourseQaApplication         : Starting CourseQaApplication using Java 26.0.1 with PID 10012 (C:\Users\dinhd\Documents\GitHub\BACKEND\courseqa-springboot-mvc2-skeleton\BACKEND\target\classes started by dinhd in C:\Users\dinhd\Documents\GitHub\BACKEND\courseqa-springboot-mvc2-skeleton\BACKEND)
2026-06-07T22:35:44.006+07:00  INFO 10012 --- [courseqa-springboot-mvc2-skeleton] [  restartedMain] com.courseqa.CourseQaApplication         : No active profile set, falling back to 1 default profile: "default"
2026-06-07T22:35:44.600+07:00  INFO 10012 --- [courseqa-springboot-mvc2-skeleton] [  restartedMain] .s.d.r.c.RepositoryConfigurationDelegate : Bootstrapping Spring Data JPA repositories in DEFAULT mode.
2026-06-07T22:35:44.605+07:00  INFO 10012 --- [courseqa-springboot-mvc2-skeleton] [  restartedMain] .s.d.r.c.RepositoryConfigurationDelegate : Finished Spring Data repository scanning in 4 ms. Found 0 JPA repository interfaces.
2026-06-07T22:35:44.830+07:00  INFO 10012 --- [courseqa-springboot-mvc2-skeleton] [  restartedMain] o.s.b.w.embedded.tomcat.TomcatWebServer  : Tomcat initialized with port 8080 (http)
2026-06-07T22:35:44.832+07:00  INFO 10012 --- [courseqa-springboot-mvc2-skeleton] [  restartedMain] o.apache.catalina.core.StandardService   : Starting service [Tomcat]
2026-06-07T22:35:44.833+07:00  INFO 10012 --- [courseqa-springboot-mvc2-skeleton] [  restartedMain] o.apache.catalina.core.StandardEngine    : Starting Servlet engine: [Apache Tomcat/10.1.31]
2026-06-07T22:35:44.862+07:00  INFO 10012 --- [courseqa-springboot-mvc2-skeleton] [  restartedMain] o.a.c.c.C.[Tomcat].[localhost].[/]       : Initializing Spring embedded WebApplicationContext
2026-06-07T22:35:44.862+07:00  INFO 10012 --- [courseqa-springboot-mvc2-skeleton] [  restartedMain] w.s.c.ServletWebServerApplicationContext : Root WebApplicationContext: initialization completed in 854 ms
Standard Commons Logging discovery in action with spring-jcl: please remove commons-logging.jar from classpath in order to avoid potential conflicts
2026-06-07T22:35:44.935+07:00  INFO 10012 --- [courseqa-springboot-mvc2-skeleton] [  restartedMain] o.hibernate.jpa.internal.util.LogHelper  : HHH000204: Processing PersistenceUnitInfo [name: default]
2026-06-07T22:35:44.938+07:00  INFO 10012 --- [courseqa-springboot-mvc2-skeleton] [  restartedMain] o.h.c.internal.RegionFactoryInitiator    : HHH000026: Second-level cache disabled
2026-06-07T22:35:44.955+07:00  INFO 10012 --- [courseqa-springboot-mvc2-skeleton] [  restartedMain] o.s.o.j.p.SpringPersistenceUnitInfo      : No LoadTimeWeaver setup: ignoring JPA class transformer
2026-06-07T22:35:44.956+07:00  INFO 10012 --- [courseqa-springboot-mvc2-skeleton] [  restartedMain] com.zaxxer.hikari.HikariDataSource       : HikariPool-6 - Starting...
2026-06-07T22:35:45.172+07:00  INFO 10012 --- [courseqa-springboot-mvc2-skeleton] [  restartedMain] com.zaxxer.hikari.pool.HikariPool        : HikariPool-6 - Added connection ConnectionID:81 ClientConnectionId: d5fbf0ed-8d2c-43a4-8c84-52e1ff118856
2026-06-07T22:35:45.172+07:00  INFO 10012 --- [courseqa-springboot-mvc2-skeleton] [  restartedMain] com.zaxxer.hikari.HikariDataSource       : HikariPool-6 - Start completed.
2026-06-07T22:35:45.174+07:00  WARN 10012 --- [courseqa-springboot-mvc2-skeleton] [  restartedMain] org.hibernate.orm.deprecation            : HHH90000025: SQLServerDialect does not need to be specified explicitly using 'hibernate.dialect' (remove the property setting and it will be selected by default)
2026-06-07T22:35:45.201+07:00  INFO 10012 --- [courseqa-springboot-mvc2-skeleton] [  restartedMain] o.h.e.t.j.p.i.JtaPlatformInitiator       : HHH000489: No JTA platform available (set 'hibernate.transaction.jta.platform' to enable JTA platform integration)
2026-06-07T22:35:45.202+07:00  INFO 10012 --- [courseqa-springboot-mvc2-skeleton] [  restartedMain] j.LocalContainerEntityManagerFactoryBean : Initialized JPA EntityManagerFactory for persistence unit 'default'
2026-06-07T22:35:45.240+07:00  WARN 10012 --- [courseqa-springboot-mvc2-skeleton] [  restartedMain] JpaBaseConfiguration$JpaWebConfiguration : spring.jpa.open-in-view is enabled by default. Therefore, database queries may be performed during view rendering. Explicitly configure spring.jpa.open-in-view to disable this warning
2026-06-07T22:35:45.752+07:00  INFO 10012 --- [courseqa-springboot-mvc2-skeleton] [  restartedMain] o.s.b.d.a.OptionalLiveReloadServer       : LiveReload server is running on port 35729
2026-06-07T22:35:45.765+07:00  INFO 10012 --- [courseqa-springboot-mvc2-skeleton] [  restartedMain] o.s.b.w.embedded.tomcat.TomcatWebServer  : Tomcat started on port 8080 (http) with context path '/'
2026-06-07T22:35:45.768+07:00  INFO 10012 --- [courseqa-springboot-mvc2-skeleton] [  restartedMain] com.courseqa.CourseQaApplication         : Started CourseQaApplication in 1.948 seconds (process running for 7409.518)
2026-06-07T22:35:45.770+07:00  INFO 10012 --- [courseqa-springboot-mvc2-skeleton] [  restartedMain] .ConditionEvaluationDeltaLoggingListener : Condition evaluation unchanged
2026-06-07T22:35:47.237+07:00  INFO 10012 --- [courseqa-springboot-mvc2-skeleton] [   File Watcher] rtingClassPathChangeChangedEventListener : Restarting due to 109 class path changes (109 additions, 0 deletions, 0 modifications)
2026-06-07T22:35:47.248+07:00  INFO 10012 --- [courseqa-springboot-mvc2-skeleton] [      Thread-23] j.LocalContainerEntityManagerFactoryBean : Closing JPA EntityManagerFactory for persistence unit 'default'
2026-06-07T22:35:47.249+07:00  INFO 10012 --- [courseqa-springboot-mvc2-skeleton] [      Thread-23] com.zaxxer.hikari.HikariDataSource       : HikariPool-6 - Shutdown initiated...
2026-06-07T22:35:47.253+07:00  INFO 10012 --- [courseqa-springboot-mvc2-skeleton] [      Thread-23] com.zaxxer.hikari.HikariDataSource       : HikariPool-6 - Shutdown completed.
Standard Commons Logging discovery in action with spring-jcl: please remove commons-logging.jar from classpath in order to avoid potential conflicts

  .   ____          _            __ _ _
 /\\ / ___'_ __ _ _(_)_ __  __ _ \ \ \ \
( ( )\___ | '_ | '_| | '_ \/ _` | \ \ \ \
 \\/  ___)| |_)| | | | | || (_| |  ) ) ) )
  '  |____| .__|_| |_|_| |_\__, | / / / /
 =========|_|==============|___/=/_/_/_/

 :: Spring Boot ::                (v3.3.5)

2026-06-07T22:35:47.330+07:00  INFO 10012 --- [courseqa-springboot-mvc2-skeleton] [  restartedMain] com.courseqa.CourseQaApplication         : Starting CourseQaApplication using Java 26.0.1 with PID 10012 (C:\Users\dinhd\Documents\GitHub\BACKEND\courseqa-springboot-mvc2-skeleton\BACKEND\target\classes started by dinhd in C:\Users\dinhd\Documents\GitHub\BACKEND\courseqa-springboot-mvc2-skeleton\BACKEND)
2026-06-07T22:35:47.331+07:00  INFO 10012 --- [courseqa-springboot-mvc2-skeleton] [  restartedMain] com.courseqa.CourseQaApplication         : No active profile set, falling back to 1 default profile: "default"
2026-06-07T22:35:47.688+07:00  INFO 10012 --- [courseqa-springboot-mvc2-skeleton] [  restartedMain] .s.d.r.c.RepositoryConfigurationDelegate : Bootstrapping Spring Data JPA repositories in DEFAULT mode.
2026-06-07T22:35:47.762+07:00  INFO 10012 --- [courseqa-springboot-mvc2-skeleton] [  restartedMain] .s.d.r.c.RepositoryConfigurationDelegate : Finished Spring Data repository scanning in 72 ms. Found 12 JPA repository interfaces.
2026-06-07T22:35:47.920+07:00  INFO 10012 --- [courseqa-springboot-mvc2-skeleton] [  restartedMain] o.s.b.w.embedded.tomcat.TomcatWebServer  : Tomcat initialized with port 8080 (http)
2026-06-07T22:35:47.922+07:00  INFO 10012 --- [courseqa-springboot-mvc2-skeleton] [  restartedMain] o.apache.catalina.core.StandardService   : Starting service [Tomcat]
2026-06-07T22:35:47.922+07:00  INFO 10012 --- [courseqa-springboot-mvc2-skeleton] [  restartedMain] o.apache.catalina.core.StandardEngine    : Starting Servlet engine: [Apache Tomcat/10.1.31]
2026-06-07T22:35:47.947+07:00  INFO 10012 --- [courseqa-springboot-mvc2-skeleton] [  restartedMain] o.a.c.c.C.[Tomcat].[localhost].[/]       : Initializing Spring embedded WebApplicationContext
2026-06-07T22:35:47.948+07:00  INFO 10012 --- [courseqa-springboot-mvc2-skeleton] [  restartedMain] w.s.c.ServletWebServerApplicationContext : Root WebApplicationContext: initialization completed in 615 ms
Standard Commons Logging discovery in action with spring-jcl: please remove commons-logging.jar from classpath in order to avoid potential conflicts
2026-06-07T22:35:48.001+07:00  INFO 10012 --- [courseqa-springboot-mvc2-skeleton] [  restartedMain] o.hibernate.jpa.internal.util.LogHelper  : HHH000204: Processing PersistenceUnitInfo [name: default]
2026-06-07T22:35:48.004+07:00  INFO 10012 --- [courseqa-springboot-mvc2-skeleton] [  restartedMain] o.h.c.internal.RegionFactoryInitiator    : HHH000026: Second-level cache disabled
2026-06-07T22:35:48.015+07:00  INFO 10012 --- [courseqa-springboot-mvc2-skeleton] [  restartedMain] o.s.o.j.p.SpringPersistenceUnitInfo      : No LoadTimeWeaver setup: ignoring JPA class transformer
2026-06-07T22:35:48.016+07:00  INFO 10012 --- [courseqa-springboot-mvc2-skeleton] [  restartedMain] com.zaxxer.hikari.HikariDataSource       : HikariPool-7 - Starting...
2026-06-07T22:35:48.037+07:00  INFO 10012 --- [courseqa-springboot-mvc2-skeleton] [  restartedMain] com.zaxxer.hikari.pool.HikariPool        : HikariPool-7 - Added connection ConnectionID:91 ClientConnectionId: 15d72aac-a812-48c5-92ff-6fee6ececc89
2026-06-07T22:35:48.037+07:00  INFO 10012 --- [courseqa-springboot-mvc2-skeleton] [  restartedMain] com.zaxxer.hikari.HikariDataSource       : HikariPool-7 - Start completed.
2026-06-07T22:35:48.038+07:00  WARN 10012 --- [courseqa-springboot-mvc2-skeleton] [  restartedMain] org.hibernate.orm.deprecation            : HHH90000025: SQLServerDialect does not need to be specified explicitly using 'hibernate.dialect' (remove the property setting and it will be selected by default)
2026-06-07T22:35:48.332+07:00  INFO 10012 --- [courseqa-springboot-mvc2-skeleton] [  restartedMain] o.h.e.t.j.p.i.JtaPlatformInitiator       : HHH000489: No JTA platform available (set 'hibernate.transaction.jta.platform' to enable JTA platform integration)
2026-06-07T22:35:48.333+07:00  INFO 10012 --- [courseqa-springboot-mvc2-skeleton] [  restartedMain] j.LocalContainerEntityManagerFactoryBean : Initialized JPA EntityManagerFactory for persistence unit 'default'
2026-06-07T22:35:48.530+07:00  WARN 10012 --- [courseqa-springboot-mvc2-skeleton] [  restartedMain] JpaBaseConfiguration$JpaWebConfiguration : spring.jpa.open-in-view is enabled by default. Therefore, database queries may be performed during view rendering. Explicitly configure spring.jpa.open-in-view to disable this warning
2026-06-07T22:35:48.673+07:00  INFO 10012 --- [courseqa-springboot-mvc2-skeleton] [  restartedMain] o.s.b.d.a.OptionalLiveReloadServer       : LiveReload server is running on port 35729
2026-06-07T22:35:48.683+07:00  INFO 10012 --- [courseqa-springboot-mvc2-skeleton] [  restartedMain] o.s.b.w.embedded.tomcat.TomcatWebServer  : Tomcat started on port 8080 (http) with context path '/'
2026-06-07T22:35:48.687+07:00  INFO 10012 --- [courseqa-springboot-mvc2-skeleton] [  restartedMain] com.courseqa.CourseQaApplication         : Started CourseQaApplication in 1.377 seconds (process running for 7412.437)
2026-06-07T22:35:48.689+07:00  INFO 10012 --- [courseqa-springboot-mvc2-skeleton] [  restartedMain] .ConditionEvaluationDeltaLoggingListener : Condition evaluation unchanged
2026-06-07T22:36:45.588+07:00  INFO 10012 --- [courseqa-springboot-mvc2-skeleton] [nio-8080-exec-1] o.a.c.c.C.[Tomcat].[localhost].[/]       : Initializing Spring DispatcherServlet 'dispatcherServlet'
2026-06-07T22:36:45.589+07:00  INFO 10012 --- [courseqa-springboot-mvc2-skeleton] [nio-8080-exec-1] o.s.web.servlet.DispatcherServlet        : Initializing Servlet 'dispatcherServlet'
2026-06-07T22:36:45.590+07:00  INFO 10012 --- [courseqa-springboot-mvc2-skeleton] [nio-8080-exec-1] o.s.web.servlet.DispatcherServlet        : Completed initialization in 0 ms
Hibernate: 
    select
        cd1_0.document_id,
        cd1_0.chapter_id,
        cd1_0.course_id,
        cd1_0.document_title,
        cd1_0.error_message,
        cd1_0.file_path,
        cd1_0.file_size_bytes,
        cd1_0.file_type,
        cd1_0.language,
        cd1_0.mime_type,
        cd1_0.original_filename,
        cd1_0.processing_status,
        cd1_0.total_pages,
        cd1_0.updated_at,
        cd1_0.uploaded_at,
        cd1_0.uploaded_by,
        cd1_0.workspace_id 
    from
        course_documents cd1_0 
    where
        cd1_0.document_id=?
Hibernate: 
    select
        dp1_0.page_id,
        dp1_0.char_count,
        dp1_0.cleaned_text,
        dp1_0.document_id,
        dp1_0.error_message,
        dp1_0.extracted_at,
        dp1_0.extraction_status,
        dp1_0.page_number,
        dp1_0.raw_text,
        dp1_0.word_count 
    from
        document_pages dp1_0 
    where
        dp1_0.document_id=?
Hibernate: 
    select
        dc1_0.chunk_id,
        dc1_0.chapter_id,
        dc1_0.char_count,
        dc1_0.chunk_index,
        dc1_0.chunk_overlap,
        dc1_0.chunk_size,
        dc1_0.chunk_strategy,
        dc1_0.content,
        dc1_0.course_id,
        dc1_0.created_at,
        dc1_0.document_id,
        dc1_0.page_end,
        dc1_0.page_start,
        dc1_0.token_count,
        dc1_0.word_count,
        dc1_0.workspace_id 
    from
        document_chunks dc1_0 
    where
        dc1_0.document_id=?
Hibernate: 
    delete 
    from
        document_pages 
    where
        page_id=?
Hibernate: 
    delete 
    from
        document_pages 
    where
        page_id=?
Hibernate: 
    delete 
    from
        document_pages 
    where
        page_id=?
Hibernate: 
    delete 
    from
        document_pages 
    where
        page_id=?
Hibernate: 
    delete 
    from
        document_pages 
    where
        page_id=?
Hibernate: 
    delete 
    from
        document_pages 
    where
        page_id=?
Hibernate: 
    delete 
    from
        document_pages 
    where
        page_id=?
Hibernate: 
    delete 
    from
        document_pages 
    where
        page_id=?
Hibernate: 
    delete 
    from
        document_pages 
    where
        page_id=?
Hibernate: 
    delete 
    from
        document_pages 
    where
        page_id=?
Hibernate: 
    delete 
    from
        document_pages 
    where
        page_id=?
Hibernate: 
    delete 
    from
        document_pages 
    where
        page_id=?
Hibernate: 
    delete 
    from
        document_pages 
    where
        page_id=?
Hibernate: 
    delete 
    from
        document_pages 
    where
        page_id=?
Hibernate: 
    delete 
    from
        document_pages 
    where
        page_id=?
Hibernate: 
    delete 
    from
        document_pages 
    where
        page_id=?
Hibernate: 
    delete 
    from
        document_pages 
    where
        page_id=?
Hibernate: 
    delete 
    from
        document_pages 
    where
        page_id=?
Hibernate: 
    delete 
    from
        document_pages 
    where
        page_id=?
Hibernate: 
    delete 
    from
        document_pages 
    where
        page_id=?
Hibernate: 
    delete 
    from
        document_pages 
    where
        page_id=?
Hibernate: 
    delete 
    from
        document_pages 
    where
        page_id=?
Hibernate: 
    delete 
    from
        document_pages 
    where
        page_id=?
Hibernate: 
    delete 
    from
        document_pages 
    where
        page_id=?
Hibernate: 
    delete 
    from
        document_pages 
    where
        page_id=?
Hibernate: 
    delete 
    from
        document_pages 
    where
        page_id=?
Hibernate: 
    delete 
    from
        document_pages 
    where
        page_id=?
Hibernate: 
    delete 
    from
        document_pages 
    where
        page_id=?
Hibernate: 
    delete 
    from
        document_pages 
    where
        page_id=?
Hibernate: 
    delete 
    from
        document_pages 
    where
        page_id=?
Hibernate: 
    delete 
    from
        document_pages 
    where
        page_id=?
Hibernate: 
    delete 
    from
        document_pages 
    where
        page_id=?
Hibernate: 
    delete 
    from
        document_pages 
    where
        page_id=?
Hibernate: 
    delete 
    from
        document_pages 
    where
        page_id=?
Hibernate: 
    delete 
    from
        document_pages 
    where
        page_id=?
Hibernate: 
    delete 
    from
        document_pages 
    where
        page_id=?
Hibernate: 
    delete 
    from
        document_pages 
    where
        page_id=?
Hibernate: 
    delete 
    from
        document_pages 
    where
        page_id=?
Hibernate: 
    delete 
    from
        document_pages 
    where
        page_id=?
Hibernate: 
    delete 
    from
        document_pages 
    where
        page_id=?
Hibernate: 
    delete 
    from
        document_pages 
    where
        page_id=?
Hibernate: 
    delete 
    from
        document_pages 
    where
        page_id=?
Hibernate: 
    delete 
    from
        document_pages 
    where
        page_id=?
Hibernate: 
    delete 
    from
        document_pages 
    where
        page_id=?
Hibernate: 
    delete 
    from
        document_pages 
    where
        page_id=?
Hibernate: 
    delete 
    from
        document_pages 
    where
        page_id=?
Hibernate: 
    delete 
    from
        document_pages 
    where
        page_id=?
Hibernate: 
    delete 
    from
        document_pages 
    where
        page_id=?
Hibernate: 
    delete 
    from
        document_pages 
    where
        page_id=?
Hibernate: 
    delete 
    from
        document_pages 
    where
        page_id=?
Hibernate: 
    delete 
    from
        document_pages 
    where
        page_id=?
Hibernate: 
    delete 
    from
        document_pages 
    where
        page_id=?
Hibernate: 
    delete 
    from
        document_chunks 
    where
        chunk_id=?
Hibernate: 
    delete 
    from
        document_chunks 
    where
        chunk_id=?
Hibernate: 
    delete 
    from
        document_chunks 
    where
        chunk_id=?
Hibernate: 
    delete 
    from
        document_chunks 
    where
        chunk_id=?
Hibernate: 
    delete 
    from
        document_chunks 
    where
        chunk_id=?
Hibernate: 
    delete 
    from
        document_chunks 
    where
        chunk_id=?
Hibernate: 
    delete 
    from
        document_chunks 
    where
        chunk_id=?
Hibernate: 
    delete 
    from
        document_chunks 
    where
        chunk_id=?
Hibernate: 
    delete 
    from
        document_chunks 
    where
        chunk_id=?
Hibernate: 
    delete 
    from
        document_chunks 
    where
        chunk_id=?
Hibernate: 
    delete 
    from
        document_chunks 
    where
        chunk_id=?
Hibernate: 
    delete 
    from
        document_chunks 
    where
        chunk_id=?
Hibernate: 
    delete 
    from
        document_chunks 
    where
        chunk_id=?
Hibernate: 
    delete 
    from
        document_chunks 
    where
        chunk_id=?
Hibernate: 
    delete 
    from
        document_chunks 
    where
        chunk_id=?
Hibernate: 
    delete 
    from
        document_chunks 
    where
        chunk_id=?
Hibernate: 
    delete 
    from
        document_chunks 
    where
        chunk_id=?
Hibernate: 
    delete 
    from
        document_chunks 
    where
        chunk_id=?
Hibernate: 
    delete 
    from
        document_chunks 
    where
        chunk_id=?
Hibernate: 
    delete 
    from
        document_chunks 
    where
        chunk_id=?
Hibernate: 
    delete 
    from
        document_chunks 
    where
        chunk_id=?
Hibernate: 
    delete 
    from
        document_chunks 
    where
        chunk_id=?
Hibernate: 
    delete 
    from
        document_chunks 
    where
        chunk_id=?
Hibernate: 
    delete 
    from
        document_chunks 
    where
        chunk_id=?
Hibernate: 
    delete 
    from
        document_chunks 
    where
        chunk_id=?
Hibernate: 
    delete 
    from
        document_chunks 
    where
        chunk_id=?
Hibernate: 
    delete 
    from
        document_chunks 
    where
        chunk_id=?
Hibernate: 
    delete 
    from
        document_chunks 
    where
        chunk_id=?
Hibernate: 
    delete 
    from
        document_chunks 
    where
        chunk_id=?
Hibernate: 
    delete 
    from
        document_chunks 
    where
        chunk_id=?
Hibernate: 
    delete 
    from
        document_chunks 
    where
        chunk_id=?
Hibernate: 
    delete 
    from
        document_chunks 
    where
        chunk_id=?
Hibernate: 
    delete 
    from
        document_chunks 
    where
        chunk_id=?
Hibernate: 
    delete 
    from
        document_chunks 
    where
        chunk_id=?
Hibernate: 
    delete 
    from
        document_chunks 
    where
        chunk_id=?
Hibernate: 
    delete 
    from
        document_chunks 
    where
        chunk_id=?
Hibernate: 
    delete 
    from
        document_chunks 
    where
        chunk_id=?
Hibernate: 
    delete 
    from
        document_chunks 
    where
        chunk_id=?
Hibernate: 
    delete 
    from
        document_chunks 
    where
        chunk_id=?
Hibernate: 
    delete 
    from
        document_chunks 
    where
        chunk_id=?
Hibernate: 
    delete 
    from
        document_chunks 
    where
        chunk_id=?
Hibernate: 
    delete 
    from
        document_chunks 
    where
        chunk_id=?
Hibernate: 
    delete 
    from
        document_chunks 
    where
        chunk_id=?
Hibernate: 
    delete 
    from
        document_chunks 
    where
        chunk_id=?
Hibernate: 
    delete 
    from
        document_chunks 
    where
        chunk_id=?
Hibernate: 
    delete 
    from
        document_chunks 
    where
        chunk_id=?
Hibernate: 
    delete 
    from
        document_chunks 
    where
        chunk_id=?
Hibernate: 
    delete 
    from
        document_chunks 
    where
        chunk_id=?
Hibernate: 
    delete 
    from
        document_chunks 
    where
        chunk_id=?
Hibernate: 
    delete 
    from
        document_chunks 
    where
        chunk_id=?
Hibernate: 
    delete 
    from
        document_chunks 
    where
        chunk_id=?
Hibernate: 
    delete 
    from
        document_chunks 
    where
        chunk_id=?
Hibernate: 
    delete 
    from
        course_documents 
    where
        document_id=?
Hibernate: 
    select
        cw1_0.workspace_id,
        cw1_0.course_id,
        cw1_0.created_at,
        cw1_0.description,
        cw1_0.is_active,
        cw1_0.owner_user_id,
        cw1_0.updated_at,
        cw1_0.visibility,
        cw1_0.workspace_title 
    from
        course_workspaces cw1_0 
    where
        cw1_0.is_active=1 
    order by
        cw1_0.created_at desc
Hibernate: 
    select
        cw1_0.workspace_id,
        cw1_0.course_id,
        cw1_0.created_at,
        cw1_0.description,
        cw1_0.is_active,
        cw1_0.owner_user_id,
        cw1_0.updated_at,
        cw1_0.visibility,
        cw1_0.workspace_title 
    from
        course_workspaces cw1_0 
    where
        cw1_0.is_active=1 
    order by
        cw1_0.created_at desc
Hibernate: 
    select
        cd1_0.document_id,
        cd1_0.chapter_id,
        cd1_0.course_id,
        cd1_0.document_title,
        cd1_0.error_message,
        cd1_0.file_path,
        cd1_0.file_size_bytes,
        cd1_0.file_type,
        cd1_0.language,
        cd1_0.mime_type,
        cd1_0.original_filename,
        cd1_0.processing_status,
        cd1_0.total_pages,
        cd1_0.updated_at,
        cd1_0.uploaded_at,
        cd1_0.uploaded_by,
        cd1_0.workspace_id 
    from
        course_documents cd1_0 
    where
        cd1_0.workspace_id=? 
    order by
        cd1_0.uploaded_at desc
Hibernate: 
    select
        cw1_0.workspace_id,
        cw1_0.course_id,
        cw1_0.created_at,
        cw1_0.description,
        cw1_0.is_active,
        cw1_0.owner_user_id,
        cw1_0.updated_at,
        cw1_0.visibility,
        cw1_0.workspace_title 
    from
        course_workspaces cw1_0 
    where
        cw1_0.is_active=1 
    order by
        cw1_0.created_at desc
Hibernate: 
    select
        cd1_0.document_id,
        cd1_0.chapter_id,
        cd1_0.course_id,
        cd1_0.document_title,
        cd1_0.error_message,
        cd1_0.file_path,
        cd1_0.file_size_bytes,
        cd1_0.file_type,
        cd1_0.language,
        cd1_0.mime_type,
        cd1_0.original_filename,
        cd1_0.processing_status,
        cd1_0.total_pages,
        cd1_0.updated_at,
        cd1_0.uploaded_at,
        cd1_0.uploaded_by,
        cd1_0.workspace_id 
    from
        course_documents cd1_0 
    where
        cd1_0.workspace_id=? 
    order by
        cd1_0.uploaded_at desc
Hibernate: 
    select
        count_big(*) 
    from
        course_documents cd1_0 
    where
        cd1_0.document_id=?
Hibernate: 
    select
        count_big(*) 
    from
        course_documents cd1_0 
    where
        cd1_0.document_id=?
Hibernate: 
    select
        dc1_0.chunk_id,
        dc1_0.chapter_id,
        dc1_0.char_count,
        dc1_0.chunk_index,
        dc1_0.chunk_overlap,
        dc1_0.chunk_size,
        dc1_0.chunk_strategy,
        dc1_0.content,
        dc1_0.course_id,
        dc1_0.created_at,
        dc1_0.document_id,
        dc1_0.page_end,
        dc1_0.page_start,
        dc1_0.token_count,
        dc1_0.word_count,
        dc1_0.workspace_id 
    from
        document_chunks dc1_0 
    where
        dc1_0.document_id=? 
    order by
        dc1_0.chunk_index
Hibernate: 
    select
        dc1_0.chunk_id,
        dc1_0.chapter_id,
        dc1_0.char_count,
        dc1_0.chunk_index,
        dc1_0.chunk_overlap,
        dc1_0.chunk_size,
        dc1_0.chunk_strategy,
        dc1_0.content,
        dc1_0.course_id,
        dc1_0.created_at,
        dc1_0.document_id,
        dc1_0.page_end,
        dc1_0.page_start,
        dc1_0.token_count,
        dc1_0.word_count,
        dc1_0.workspace_id 
    from
        document_chunks dc1_0 
    where
        dc1_0.document_id=? 
    order by
        dc1_0.chunk_index
Hibernate: 
    select
        count_big(*) 
    from
        course_documents cd1_0 
    where
        cd1_0.document_id=?
Hibernate: 
    select
        count_big(*) 
    from
        course_documents cd1_0 
    where
        cd1_0.document_id=?
Hibernate: 
    select
        dc1_0.chunk_id,
        dc1_0.chapter_id,
        dc1_0.char_count,
        dc1_0.chunk_index,
        dc1_0.chunk_overlap,
        dc1_0.chunk_size,
        dc1_0.chunk_strategy,
        dc1_0.content,
        dc1_0.course_id,
        dc1_0.created_at,
        dc1_0.document_id,
        dc1_0.page_end,
        dc1_0.page_start,
        dc1_0.token_count,
        dc1_0.word_count,
        dc1_0.workspace_id 
    from
        document_chunks dc1_0 
    where
        dc1_0.document_id=? 
    order by
        dc1_0.chunk_index
Hibernate: 
    select
        dc1_0.chunk_id,
        dc1_0.chapter_id,
        dc1_0.char_count,
        dc1_0.chunk_index,
        dc1_0.chunk_overlap,
        dc1_0.chunk_size,
        dc1_0.chunk_strategy,
        dc1_0.content,
        dc1_0.course_id,
        dc1_0.created_at,
        dc1_0.document_id,
        dc1_0.page_end,
        dc1_0.page_start,
        dc1_0.token_count,
        dc1_0.word_count,
        dc1_0.workspace_id 
    from
        document_chunks dc1_0 
    where
        dc1_0.document_id=? 
    order by
        dc1_0.chunk_index
Hibernate: 
    select
        cd1_0.document_id,
        cd1_0.chapter_id,
        cd1_0.course_id,
        cd1_0.document_title,
        cd1_0.error_message,
        cd1_0.file_path,
        cd1_0.file_size_bytes,
        cd1_0.file_type,
        cd1_0.language,
        cd1_0.mime_type,
        cd1_0.original_filename,
        cd1_0.processing_status,
        cd1_0.total_pages,
        cd1_0.updated_at,
        cd1_0.uploaded_at,
        cd1_0.uploaded_by,
        cd1_0.workspace_id 
    from
        course_documents cd1_0 
    where
        cd1_0.document_id=?
Hibernate: 
    select
        count_big(*) 
    from
        course_documents cd1_0 
    where
        cd1_0.document_id=?
Hibernate: 
    select
        dc1_0.chunk_id,
        dc1_0.chapter_id,
        dc1_0.char_count,
        dc1_0.chunk_index,
        dc1_0.chunk_overlap,
        dc1_0.chunk_size,
        dc1_0.chunk_strategy,
        dc1_0.content,
        dc1_0.course_id,
        dc1_0.created_at,
        dc1_0.document_id,
        dc1_0.page_end,
        dc1_0.page_start,
        dc1_0.token_count,
        dc1_0.word_count,
        dc1_0.workspace_id 
    from
        document_chunks dc1_0 
    where
        dc1_0.document_id=? 
    order by
        dc1_0.chunk_index
Hibernate: 
    select
        cd1_0.document_id,
        cd1_0.chapter_id,
        cd1_0.course_id,
        cd1_0.document_title,
        cd1_0.error_message,
        cd1_0.file_path,
        cd1_0.file_size_bytes,
        cd1_0.file_type,
        cd1_0.language,
        cd1_0.mime_type,
        cd1_0.original_filename,
        cd1_0.processing_status,
        cd1_0.total_pages,
        cd1_0.updated_at,
        cd1_0.uploaded_at,
        cd1_0.uploaded_by,
        cd1_0.workspace_id 
    from
        course_documents cd1_0 
    where
        cd1_0.document_id=?
Hibernate: 
    select
        count_big(*) 
    from
        course_documents cd1_0 
    where
        cd1_0.document_id=?
Hibernate: 
    select
        dc1_0.chunk_id,
        dc1_0.chapter_id,
        dc1_0.char_count,
        dc1_0.chunk_index,
        dc1_0.chunk_overlap,
        dc1_0.chunk_size,
        dc1_0.chunk_strategy,
        dc1_0.content,
        dc1_0.course_id,
        dc1_0.created_at,
        dc1_0.document_id,
        dc1_0.page_end,
        dc1_0.page_start,
        dc1_0.token_count,
        dc1_0.word_count,
        dc1_0.workspace_id 
    from
        document_chunks dc1_0 
    where
        dc1_0.document_id=? 
    order by
        dc1_0.chunk_index
Hibernate: 
    select
        cw1_0.workspace_id,
        cw1_0.course_id,
        cw1_0.created_at,
        cw1_0.description,
        cw1_0.is_active,
        cw1_0.owner_user_id,
        cw1_0.updated_at,
        cw1_0.visibility,
        cw1_0.workspace_title 
    from
        course_workspaces cw1_0 
    where
        cw1_0.is_active=1 
    order by
        cw1_0.created_at desc
Hibernate: 
    select
        cw1_0.workspace_id,
        cw1_0.course_id,
        cw1_0.created_at,
        cw1_0.description,
        cw1_0.is_active,
        cw1_0.owner_user_id,
        cw1_0.updated_at,
        cw1_0.visibility,
        cw1_0.workspace_title 
    from
        course_workspaces cw1_0 
    where
        cw1_0.is_active=1 
    order by
        cw1_0.created_at desc
Hibernate: 
    select
        cd1_0.document_id,
        cd1_0.chapter_id,
        cd1_0.course_id,
        cd1_0.document_title,
        cd1_0.error_message,
        cd1_0.file_path,
        cd1_0.file_size_bytes,
        cd1_0.file_type,
        cd1_0.language,
        cd1_0.mime_type,
        cd1_0.original_filename,
        cd1_0.processing_status,
        cd1_0.total_pages,
        cd1_0.updated_at,
        cd1_0.uploaded_at,
        cd1_0.uploaded_by,
        cd1_0.workspace_id 
    from
        course_documents cd1_0 
    where
        cd1_0.workspace_id=? 
    order by
        cd1_0.uploaded_at desc
Hibernate: 
    select
        cw1_0.workspace_id,
        cw1_0.course_id,
        cw1_0.created_at,
        cw1_0.description,
        cw1_0.is_active,
        cw1_0.owner_user_id,
        cw1_0.updated_at,
        cw1_0.visibility,
        cw1_0.workspace_title 
    from
        course_workspaces cw1_0 
    where
        cw1_0.is_active=1 
    order by
        cw1_0.created_at desc
Hibernate: 
    select
        count_big(*) 
    from
        course_documents cd1_0 
    where
        cd1_0.document_id=?
Hibernate: 
    select
        cd1_0.document_id,
        cd1_0.chapter_id,
        cd1_0.course_id,
        cd1_0.document_title,
        cd1_0.error_message,
        cd1_0.file_path,
        cd1_0.file_size_bytes,
        cd1_0.file_type,
        cd1_0.language,
        cd1_0.mime_type,
        cd1_0.original_filename,
        cd1_0.processing_status,
        cd1_0.total_pages,
        cd1_0.updated_at,
        cd1_0.uploaded_at,
        cd1_0.uploaded_by,
        cd1_0.workspace_id 
    from
        course_documents cd1_0 
    where
        cd1_0.workspace_id=? 
    order by
        cd1_0.uploaded_at desc
Hibernate: 
    select
        count_big(*) 
    from
        course_documents cd1_0 
    where
        cd1_0.document_id=?
Hibernate: 
    select
        dc1_0.chunk_id,
        dc1_0.chapter_id,
        dc1_0.char_count,
        dc1_0.chunk_index,
        dc1_0.chunk_overlap,
        dc1_0.chunk_size,
        dc1_0.chunk_strategy,
        dc1_0.content,
        dc1_0.course_id,
        dc1_0.created_at,
        dc1_0.document_id,
        dc1_0.page_end,
        dc1_0.page_start,
        dc1_0.token_count,
        dc1_0.word_count,
        dc1_0.workspace_id 
    from
        document_chunks dc1_0 
    where
        dc1_0.document_id=? 
    order by
        dc1_0.chunk_index
Hibernate: 
    select
        dc1_0.chunk_id,
        dc1_0.chapter_id,
        dc1_0.char_count,
        dc1_0.chunk_index,
        dc1_0.chunk_overlap,
        dc1_0.chunk_size,
        dc1_0.chunk_strategy,
        dc1_0.content,
        dc1_0.course_id,
        dc1_0.created_at,
        dc1_0.document_id,
        dc1_0.page_end,
        dc1_0.page_start,
        dc1_0.token_count,
        dc1_0.word_count,
        dc1_0.workspace_id 
    from
        document_chunks dc1_0 
    where
        dc1_0.document_id=? 
    order by
        dc1_0.chunk_index
Hibernate: 
    select
        count_big(*) 
    from
        course_documents cd1_0 
    where
        cd1_0.document_id=?
Hibernate: 
    select
        count_big(*) 
    from
        course_documents cd1_0 
    where
        cd1_0.document_id=?
Hibernate: 
    select
        dc1_0.chunk_id,
        dc1_0.chapter_id,
        dc1_0.char_count,
        dc1_0.chunk_index,
        dc1_0.chunk_overlap,
        dc1_0.chunk_size,
        dc1_0.chunk_strategy,
        dc1_0.content,
        dc1_0.course_id,
        dc1_0.created_at,
        dc1_0.document_id,
        dc1_0.page_end,
        dc1_0.page_start,
        dc1_0.token_count,
        dc1_0.word_count,
        dc1_0.workspace_id 
    from
        document_chunks dc1_0 
    where
        dc1_0.document_id=? 
    order by
        dc1_0.chunk_index
Hibernate: 
    select
        dc1_0.chunk_id,
        dc1_0.chapter_id,
        dc1_0.char_count,
        dc1_0.chunk_index,
        dc1_0.chunk_overlap,
        dc1_0.chunk_size,
        dc1_0.chunk_strategy,
        dc1_0.content,
        dc1_0.course_id,
        dc1_0.created_at,
        dc1_0.document_id,
        dc1_0.page_end,
        dc1_0.page_start,
        dc1_0.token_count,
        dc1_0.word_count,
        dc1_0.workspace_id 
    from
        document_chunks dc1_0 
    where
        dc1_0.document_id=? 
    order by
        dc1_0.chunk_index
Hibernate: 
    insert 
    into
        course_documents
        (chapter_id, course_id, document_title, error_message, file_path, file_size_bytes, file_type, language, mime_type, original_filename, processing_status, total_pages, updated_at, uploaded_at, uploaded_by, workspace_id, document_id) 
    values
        (?, ?, ?, ?, ?, ?, ?, ?, ?, ?, ?, ?, ?, ?, ?, ?, ?)
Hibernate: 
    insert 
    into
        document_pages
        (char_count, cleaned_text, document_id, error_message, extracted_at, extraction_status, page_number, raw_text, word_count, page_id) 
    values
        (?, ?, ?, ?, ?, ?, ?, ?, ?, ?)
Hibernate: 
    insert 
    into
        document_pages
        (char_count, cleaned_text, document_id, error_message, extracted_at, extraction_status, page_number, raw_text, word_count, page_id) 
    values
        (?, ?, ?, ?, ?, ?, ?, ?, ?, ?)
Hibernate: 
    insert 
    into
        document_pages
        (char_count, cleaned_text, document_id, error_message, extracted_at, extraction_status, page_number, raw_text, word_count, page_id) 
    values
        (?, ?, ?, ?, ?, ?, ?, ?, ?, ?)
Hibernate: 
    insert 
    into
        document_pages
        (char_count, cleaned_text, document_id, error_message, extracted_at, extraction_status, page_number, raw_text, word_count, page_id) 
    values
        (?, ?, ?, ?, ?, ?, ?, ?, ?, ?)
Hibernate: 
    insert 
    into
        document_pages
        (char_count, cleaned_text, document_id, error_message, extracted_at, extraction_status, page_number, raw_text, word_count, page_id) 
    values
        (?, ?, ?, ?, ?, ?, ?, ?, ?, ?)
Hibernate: 
    insert 
    into
        document_pages
        (char_count, cleaned_text, document_id, error_message, extracted_at, extraction_status, page_number, raw_text, word_count, page_id) 
    values
        (?, ?, ?, ?, ?, ?, ?, ?, ?, ?)
Hibernate: 
    insert 
    into
        document_pages
        (char_count, cleaned_text, document_id, error_message, extracted_at, extraction_status, page_number, raw_text, word_count, page_id) 
    values
        (?, ?, ?, ?, ?, ?, ?, ?, ?, ?)
Hibernate: 
    insert 
    into
        document_pages
        (char_count, cleaned_text, document_id, error_message, extracted_at, extraction_status, page_number, raw_text, word_count, page_id) 
    values
        (?, ?, ?, ?, ?, ?, ?, ?, ?, ?)
Hibernate: 
    insert 
    into
        document_pages
        (char_count, cleaned_text, document_id, error_message, extracted_at, extraction_status, page_number, raw_text, word_count, page_id) 
    values
        (?, ?, ?, ?, ?, ?, ?, ?, ?, ?)
Hibernate: 
    insert 
    into
        document_pages
        (char_count, cleaned_text, document_id, error_message, extracted_at, extraction_status, page_number, raw_text, word_count, page_id) 
    values
        (?, ?, ?, ?, ?, ?, ?, ?, ?, ?)
Hibernate: 
    insert 
    into
        document_pages
        (char_count, cleaned_text, document_id, error_message, extracted_at, extraction_status, page_number, raw_text, word_count, page_id) 
    values
        (?, ?, ?, ?, ?, ?, ?, ?, ?, ?)
Hibernate: 
    insert 
    into
        document_pages
        (char_count, cleaned_text, document_id, error_message, extracted_at, extraction_status, page_number, raw_text, word_count, page_id) 
    values
        (?, ?, ?, ?, ?, ?, ?, ?, ?, ?)
Hibernate: 
    insert 
    into
        document_pages
        (char_count, cleaned_text, document_id, error_message, extracted_at, extraction_status, page_number, raw_text, word_count, page_id) 
    values
        (?, ?, ?, ?, ?, ?, ?, ?, ?, ?)
Hibernate: 
    insert 
    into
        document_pages
        (char_count, cleaned_text, document_id, error_message, extracted_at, extraction_status, page_number, raw_text, word_count, page_id) 
    values
        (?, ?, ?, ?, ?, ?, ?, ?, ?, ?)
Hibernate: 
    insert 
    into
        document_pages
        (char_count, cleaned_text, document_id, error_message, extracted_at, extraction_status, page_number, raw_text, word_count, page_id) 
    values
        (?, ?, ?, ?, ?, ?, ?, ?, ?, ?)
Hibernate: 
    insert 
    into
        document_pages
        (char_count, cleaned_text, document_id, error_message, extracted_at, extraction_status, page_number, raw_text, word_count, page_id) 
    values
        (?, ?, ?, ?, ?, ?, ?, ?, ?, ?)
Hibernate: 
    insert 
    into
        document_pages
        (char_count, cleaned_text, document_id, error_message, extracted_at, extraction_status, page_number, raw_text, word_count, page_id) 
    values
        (?, ?, ?, ?, ?, ?, ?, ?, ?, ?)
Hibernate: 
    insert 
    into
        document_pages
        (char_count, cleaned_text, document_id, error_message, extracted_at, extraction_status, page_number, raw_text, word_count, page_id) 
    values
        (?, ?, ?, ?, ?, ?, ?, ?, ?, ?)
Hibernate: 
    insert 
    into
        document_pages
        (char_count, cleaned_text, document_id, error_message, extracted_at, extraction_status, page_number, raw_text, word_count, page_id) 
    values
        (?, ?, ?, ?, ?, ?, ?, ?, ?, ?)
Hibernate: 
    insert 
    into
        document_pages
        (char_count, cleaned_text, document_id, error_message, extracted_at, extraction_status, page_number, raw_text, word_count, page_id) 
    values
        (?, ?, ?, ?, ?, ?, ?, ?, ?, ?)
Hibernate: 
    insert 
    into
        document_pages
        (char_count, cleaned_text, document_id, error_message, extracted_at, extraction_status, page_number, raw_text, word_count, page_id) 
    values
        (?, ?, ?, ?, ?, ?, ?, ?, ?, ?)
Hibernate: 
    insert 
    into
        document_pages
        (char_count, cleaned_text, document_id, error_message, extracted_at, extraction_status, page_number, raw_text, word_count, page_id) 
    values
        (?, ?, ?, ?, ?, ?, ?, ?, ?, ?)
Hibernate: 
    insert 
    into
        document_pages
        (char_count, cleaned_text, document_id, error_message, extracted_at, extraction_status, page_number, raw_text, word_count, page_id) 
    values
        (?, ?, ?, ?, ?, ?, ?, ?, ?, ?)
Hibernate: 
    insert 
    into
        document_pages
        (char_count, cleaned_text, document_id, error_message, extracted_at, extraction_status, page_number, raw_text, word_count, page_id) 
    values
        (?, ?, ?, ?, ?, ?, ?, ?, ?, ?)
Hibernate: 
    insert 
    into
        document_pages
        (char_count, cleaned_text, document_id, error_message, extracted_at, extraction_status, page_number, raw_text, word_count, page_id) 
    values
        (?, ?, ?, ?, ?, ?, ?, ?, ?, ?)
Hibernate: 
    insert 
    into
        document_pages
        (char_count, cleaned_text, document_id, error_message, extracted_at, extraction_status, page_number, raw_text, word_count, page_id) 
    values
        (?, ?, ?, ?, ?, ?, ?, ?, ?, ?)
Hibernate: 
    insert 
    into
        document_pages
        (char_count, cleaned_text, document_id, error_message, extracted_at, extraction_status, page_number, raw_text, word_count, page_id) 
    values
        (?, ?, ?, ?, ?, ?, ?, ?, ?, ?)
Hibernate: 
    insert 
    into
        document_pages
        (char_count, cleaned_text, document_id, error_message, extracted_at, extraction_status, page_number, raw_text, word_count, page_id) 
    values
        (?, ?, ?, ?, ?, ?, ?, ?, ?, ?)
Hibernate: 
    insert 
    into
        document_pages
        (char_count, cleaned_text, document_id, error_message, extracted_at, extraction_status, page_number, raw_text, word_count, page_id) 
    values
        (?, ?, ?, ?, ?, ?, ?, ?, ?, ?)
Hibernate: 
    insert 
    into
        document_pages
        (char_count, cleaned_text, document_id, error_message, extracted_at, extraction_status, page_number, raw_text, word_count, page_id) 
    values
        (?, ?, ?, ?, ?, ?, ?, ?, ?, ?)
Hibernate: 
    insert 
    into
        document_pages
        (char_count, cleaned_text, document_id, error_message, extracted_at, extraction_status, page_number, raw_text, word_count, page_id) 
    values
        (?, ?, ?, ?, ?, ?, ?, ?, ?, ?)
Hibernate: 
    insert 
    into
        document_pages
        (char_count, cleaned_text, document_id, error_message, extracted_at, extraction_status, page_number, raw_text, word_count, page_id) 
    values
        (?, ?, ?, ?, ?, ?, ?, ?, ?, ?)
Hibernate: 
    insert 
    into
        document_pages
        (char_count, cleaned_text, document_id, error_message, extracted_at, extraction_status, page_number, raw_text, word_count, page_id) 
    values
        (?, ?, ?, ?, ?, ?, ?, ?, ?, ?)
Hibernate: 
    insert 
    into
        document_pages
        (char_count, cleaned_text, document_id, error_message, extracted_at, extraction_status, page_number, raw_text, word_count, page_id) 
    values
        (?, ?, ?, ?, ?, ?, ?, ?, ?, ?)
Hibernate: 
    insert 
    into
        document_pages
        (char_count, cleaned_text, document_id, error_message, extracted_at, extraction_status, page_number, raw_text, word_count, page_id) 
    values
        (?, ?, ?, ?, ?, ?, ?, ?, ?, ?)
Hibernate: 
    insert 
    into
        document_pages
        (char_count, cleaned_text, document_id, error_message, extracted_at, extraction_status, page_number, raw_text, word_count, page_id) 
    values
        (?, ?, ?, ?, ?, ?, ?, ?, ?, ?)
Hibernate: 
    insert 
    into
        document_pages
        (char_count, cleaned_text, document_id, error_message, extracted_at, extraction_status, page_number, raw_text, word_count, page_id) 
    values
        (?, ?, ?, ?, ?, ?, ?, ?, ?, ?)
Hibernate: 
    insert 
    into
        document_pages
        (char_count, cleaned_text, document_id, error_message, extracted_at, extraction_status, page_number, raw_text, word_count, page_id) 
    values
        (?, ?, ?, ?, ?, ?, ?, ?, ?, ?)
Hibernate: 
    insert 
    into
        document_pages
        (char_count, cleaned_text, document_id, error_message, extracted_at, extraction_status, page_number, raw_text, word_count, page_id) 
    values
        (?, ?, ?, ?, ?, ?, ?, ?, ?, ?)
Hibernate: 
    insert 
    into
        document_pages
        (char_count, cleaned_text, document_id, error_message, extracted_at, extraction_status, page_number, raw_text, word_count, page_id) 
    values
        (?, ?, ?, ?, ?, ?, ?, ?, ?, ?)
Hibernate: 
    insert 
    into
        document_pages
        (char_count, cleaned_text, document_id, error_message, extracted_at, extraction_status, page_number, raw_text, word_count, page_id) 
    values
        (?, ?, ?, ?, ?, ?, ?, ?, ?, ?)
Hibernate: 
    insert 
    into
        document_pages
        (char_count, cleaned_text, document_id, error_message, extracted_at, extraction_status, page_number, raw_text, word_count, page_id) 
    values
        (?, ?, ?, ?, ?, ?, ?, ?, ?, ?)
Hibernate: 
    insert 
    into
        document_pages
        (char_count, cleaned_text, document_id, error_message, extracted_at, extraction_status, page_number, raw_text, word_count, page_id) 
    values
        (?, ?, ?, ?, ?, ?, ?, ?, ?, ?)
Hibernate: 
    insert 
    into
        document_pages
        (char_count, cleaned_text, document_id, error_message, extracted_at, extraction_status, page_number, raw_text, word_count, page_id) 
    values
        (?, ?, ?, ?, ?, ?, ?, ?, ?, ?)
Hibernate: 
    insert 
    into
        document_pages
        (char_count, cleaned_text, document_id, error_message, extracted_at, extraction_status, page_number, raw_text, word_count, page_id) 
    values
        (?, ?, ?, ?, ?, ?, ?, ?, ?, ?)
Hibernate: 
    insert 
    into
        document_pages
        (char_count, cleaned_text, document_id, error_message, extracted_at, extraction_status, page_number, raw_text, word_count, page_id) 
    values
        (?, ?, ?, ?, ?, ?, ?, ?, ?, ?)
Hibernate: 
    insert 
    into
        document_pages
        (char_count, cleaned_text, document_id, error_message, extracted_at, extraction_status, page_number, raw_text, word_count, page_id) 
    values
        (?, ?, ?, ?, ?, ?, ?, ?, ?, ?)
Hibernate: 
    insert 
    into
        document_pages
        (char_count, cleaned_text, document_id, error_message, extracted_at, extraction_status, page_number, raw_text, word_count, page_id) 
    values
        (?, ?, ?, ?, ?, ?, ?, ?, ?, ?)
Hibernate: 
    insert 
    into
        document_pages
        (char_count, cleaned_text, document_id, error_message, extracted_at, extraction_status, page_number, raw_text, word_count, page_id) 
    values
        (?, ?, ?, ?, ?, ?, ?, ?, ?, ?)
Hibernate: 
    insert 
    into
        document_pages
        (char_count, cleaned_text, document_id, error_message, extracted_at, extraction_status, page_number, raw_text, word_count, page_id) 
    values
        (?, ?, ?, ?, ?, ?, ?, ?, ?, ?)
Hibernate: 
    insert 
    into
        document_pages
        (char_count, cleaned_text, document_id, error_message, extracted_at, extraction_status, page_number, raw_text, word_count, page_id) 
    values
        (?, ?, ?, ?, ?, ?, ?, ?, ?, ?)
Hibernate: 
    insert 
    into
        document_pages
        (char_count, cleaned_text, document_id, error_message, extracted_at, extraction_status, page_number, raw_text, word_count, page_id) 
    values
        (?, ?, ?, ?, ?, ?, ?, ?, ?, ?)
Hibernate: 
    insert 
    into
        document_chunks
        (chapter_id, char_count, chunk_index, chunk_overlap, chunk_size, chunk_strategy, content, course_id, created_at, document_id, page_end, page_start, token_count, word_count, workspace_id, chunk_id) 
    values
        (?, ?, ?, ?, ?, ?, ?, ?, ?, ?, ?, ?, ?, ?, ?, ?)
Hibernate: 
    insert 
    into
        document_chunks
        (chapter_id, char_count, chunk_index, chunk_overlap, chunk_size, chunk_strategy, content, course_id, created_at, document_id, page_end, page_start, token_count, word_count, workspace_id, chunk_id) 
    values
        (?, ?, ?, ?, ?, ?, ?, ?, ?, ?, ?, ?, ?, ?, ?, ?)
Hibernate: 
    insert 
    into
        document_chunks
        (chapter_id, char_count, chunk_index, chunk_overlap, chunk_size, chunk_strategy, content, course_id, created_at, document_id, page_end, page_start, token_count, word_count, workspace_id, chunk_id) 
    values
        (?, ?, ?, ?, ?, ?, ?, ?, ?, ?, ?, ?, ?, ?, ?, ?)
Hibernate: 
    insert 
    into
        document_chunks
        (chapter_id, char_count, chunk_index, chunk_overlap, chunk_size, chunk_strategy, content, course_id, created_at, document_id, page_end, page_start, token_count, word_count, workspace_id, chunk_id) 
    values
        (?, ?, ?, ?, ?, ?, ?, ?, ?, ?, ?, ?, ?, ?, ?, ?)
Hibernate: 
    insert 
    into
        document_chunks
        (chapter_id, char_count, chunk_index, chunk_overlap, chunk_size, chunk_strategy, content, course_id, created_at, document_id, page_end, page_start, token_count, word_count, workspace_id, chunk_id) 
    values
        (?, ?, ?, ?, ?, ?, ?, ?, ?, ?, ?, ?, ?, ?, ?, ?)
Hibernate: 
    insert 
    into
        document_chunks
        (chapter_id, char_count, chunk_index, chunk_overlap, chunk_size, chunk_strategy, content, course_id, created_at, document_id, page_end, page_start, token_count, word_count, workspace_id, chunk_id) 
    values
        (?, ?, ?, ?, ?, ?, ?, ?, ?, ?, ?, ?, ?, ?, ?, ?)
Hibernate: 
    insert 
    into
        document_chunks
        (chapter_id, char_count, chunk_index, chunk_overlap, chunk_size, chunk_strategy, content, course_id, created_at, document_id, page_end, page_start, token_count, word_count, workspace_id, chunk_id) 
    values
        (?, ?, ?, ?, ?, ?, ?, ?, ?, ?, ?, ?, ?, ?, ?, ?)
Hibernate: 
    insert 
    into
        document_chunks
        (chapter_id, char_count, chunk_index, chunk_overlap, chunk_size, chunk_strategy, content, course_id, created_at, document_id, page_end, page_start, token_count, word_count, workspace_id, chunk_id) 
    values
        (?, ?, ?, ?, ?, ?, ?, ?, ?, ?, ?, ?, ?, ?, ?, ?)
Hibernate: 
    insert 
    into
        document_chunks
        (chapter_id, char_count, chunk_index, chunk_overlap, chunk_size, chunk_strategy, content, course_id, created_at, document_id, page_end, page_start, token_count, word_count, workspace_id, chunk_id) 
    values
        (?, ?, ?, ?, ?, ?, ?, ?, ?, ?, ?, ?, ?, ?, ?, ?)
Hibernate: 
    insert 
    into
        document_chunks
        (chapter_id, char_count, chunk_index, chunk_overlap, chunk_size, chunk_strategy, content, course_id, created_at, document_id, page_end, page_start, token_count, word_count, workspace_id, chunk_id) 
    values
        (?, ?, ?, ?, ?, ?, ?, ?, ?, ?, ?, ?, ?, ?, ?, ?)
Hibernate: 
    insert 
    into
        document_chunks
        (chapter_id, char_count, chunk_index, chunk_overlap, chunk_size, chunk_strategy, content, course_id, created_at, document_id, page_end, page_start, token_count, word_count, workspace_id, chunk_id) 
    values
        (?, ?, ?, ?, ?, ?, ?, ?, ?, ?, ?, ?, ?, ?, ?, ?)
Hibernate: 
    insert 
    into
        document_chunks
        (chapter_id, char_count, chunk_index, chunk_overlap, chunk_size, chunk_strategy, content, course_id, created_at, document_id, page_end, page_start, token_count, word_count, workspace_id, chunk_id) 
    values
        (?, ?, ?, ?, ?, ?, ?, ?, ?, ?, ?, ?, ?, ?, ?, ?)
Hibernate: 
    insert 
    into
        document_chunks
        (chapter_id, char_count, chunk_index, chunk_overlap, chunk_size, chunk_strategy, content, course_id, created_at, document_id, page_end, page_start, token_count, word_count, workspace_id, chunk_id) 
    values
        (?, ?, ?, ?, ?, ?, ?, ?, ?, ?, ?, ?, ?, ?, ?, ?)
Hibernate: 
    insert 
    into
        document_chunks
        (chapter_id, char_count, chunk_index, chunk_overlap, chunk_size, chunk_strategy, content, course_id, created_at, document_id, page_end, page_start, token_count, word_count, workspace_id, chunk_id) 
    values
        (?, ?, ?, ?, ?, ?, ?, ?, ?, ?, ?, ?, ?, ?, ?, ?)
Hibernate: 
    insert 
    into
        document_chunks
        (chapter_id, char_count, chunk_index, chunk_overlap, chunk_size, chunk_strategy, content, course_id, created_at, document_id, page_end, page_start, token_count, word_count, workspace_id, chunk_id) 
    values
        (?, ?, ?, ?, ?, ?, ?, ?, ?, ?, ?, ?, ?, ?, ?, ?)
Hibernate: 
    insert 
    into
        document_chunks
        (chapter_id, char_count, chunk_index, chunk_overlap, chunk_size, chunk_strategy, content, course_id, created_at, document_id, page_end, page_start, token_count, word_count, workspace_id, chunk_id) 
    values
        (?, ?, ?, ?, ?, ?, ?, ?, ?, ?, ?, ?, ?, ?, ?, ?)
Hibernate: 
    insert 
    into
        document_chunks
        (chapter_id, char_count, chunk_index, chunk_overlap, chunk_size, chunk_strategy, content, course_id, created_at, document_id, page_end, page_start, token_count, word_count, workspace_id, chunk_id) 
    values
        (?, ?, ?, ?, ?, ?, ?, ?, ?, ?, ?, ?, ?, ?, ?, ?)
Hibernate: 
    insert 
    into
        document_chunks
        (chapter_id, char_count, chunk_index, chunk_overlap, chunk_size, chunk_strategy, content, course_id, created_at, document_id, page_end, page_start, token_count, word_count, workspace_id, chunk_id) 
    values
        (?, ?, ?, ?, ?, ?, ?, ?, ?, ?, ?, ?, ?, ?, ?, ?)
Hibernate: 
    insert 
    into
        document_chunks
        (chapter_id, char_count, chunk_index, chunk_overlap, chunk_size, chunk_strategy, content, course_id, created_at, document_id, page_end, page_start, token_count, word_count, workspace_id, chunk_id) 
    values
        (?, ?, ?, ?, ?, ?, ?, ?, ?, ?, ?, ?, ?, ?, ?, ?)
Hibernate: 
    insert 
    into
        document_chunks
        (chapter_id, char_count, chunk_index, chunk_overlap, chunk_size, chunk_strategy, content, course_id, created_at, document_id, page_end, page_start, token_count, word_count, workspace_id, chunk_id) 
    values
        (?, ?, ?, ?, ?, ?, ?, ?, ?, ?, ?, ?, ?, ?, ?, ?)
Hibernate: 
    insert 
    into
        document_chunks
        (chapter_id, char_count, chunk_index, chunk_overlap, chunk_size, chunk_strategy, content, course_id, created_at, document_id, page_end, page_start, token_count, word_count, workspace_id, chunk_id) 
    values
        (?, ?, ?, ?, ?, ?, ?, ?, ?, ?, ?, ?, ?, ?, ?, ?)
Hibernate: 
    insert 
    into
        document_chunks
        (chapter_id, char_count, chunk_index, chunk_overlap, chunk_size, chunk_strategy, content, course_id, created_at, document_id, page_end, page_start, token_count, word_count, workspace_id, chunk_id) 
    values
        (?, ?, ?, ?, ?, ?, ?, ?, ?, ?, ?, ?, ?, ?, ?, ?)
Hibernate: 
    insert 
    into
        document_chunks
        (chapter_id, char_count, chunk_index, chunk_overlap, chunk_size, chunk_strategy, content, course_id, created_at, document_id, page_end, page_start, token_count, word_count, workspace_id, chunk_id) 
    values
        (?, ?, ?, ?, ?, ?, ?, ?, ?, ?, ?, ?, ?, ?, ?, ?)
Hibernate: 
    insert 
    into
        document_chunks
        (chapter_id, char_count, chunk_index, chunk_overlap, chunk_size, chunk_strategy, content, course_id, created_at, document_id, page_end, page_start, token_count, word_count, workspace_id, chunk_id) 
    values
        (?, ?, ?, ?, ?, ?, ?, ?, ?, ?, ?, ?, ?, ?, ?, ?)
Hibernate: 
    insert 
    into
        document_chunks
        (chapter_id, char_count, chunk_index, chunk_overlap, chunk_size, chunk_strategy, content, course_id, created_at, document_id, page_end, page_start, token_count, word_count, workspace_id, chunk_id) 
    values
        (?, ?, ?, ?, ?, ?, ?, ?, ?, ?, ?, ?, ?, ?, ?, ?)
Hibernate: 
    insert 
    into
        document_chunks
        (chapter_id, char_count, chunk_index, chunk_overlap, chunk_size, chunk_strategy, content, course_id, created_at, document_id, page_end, page_start, token_count, word_count, workspace_id, chunk_id) 
    values
        (?, ?, ?, ?, ?, ?, ?, ?, ?, ?, ?, ?, ?, ?, ?, ?)
Hibernate: 
    insert 
    into
        document_chunks
        (chapter_id, char_count, chunk_index, chunk_overlap, chunk_size, chunk_strategy, content, course_id, created_at, document_id, page_end, page_start, token_count, word_count, workspace_id, chunk_id) 
    values
        (?, ?, ?, ?, ?, ?, ?, ?, ?, ?, ?, ?, ?, ?, ?, ?)
Hibernate: 
    insert 
    into
        document_chunks
        (chapter_id, char_count, chunk_index, chunk_overlap, chunk_size, chunk_strategy, content, course_id, created_at, document_id, page_end, page_start, token_count, word_count, workspace_id, chunk_id) 
    values
        (?, ?, ?, ?, ?, ?, ?, ?, ?, ?, ?, ?, ?, ?, ?, ?)
Hibernate: 
    insert 
    into
        document_chunks
        (chapter_id, char_count, chunk_index, chunk_overlap, chunk_size, chunk_strategy, content, course_id, created_at, document_id, page_end, page_start, token_count, word_count, workspace_id, chunk_id) 
    values
        (?, ?, ?, ?, ?, ?, ?, ?, ?, ?, ?, ?, ?, ?, ?, ?)
Hibernate: 
    insert 
    into
        document_chunks
        (chapter_id, char_count, chunk_index, chunk_overlap, chunk_size, chunk_strategy, content, course_id, created_at, document_id, page_end, page_start, token_count, word_count, workspace_id, chunk_id) 
    values
        (?, ?, ?, ?, ?, ?, ?, ?, ?, ?, ?, ?, ?, ?, ?, ?)
Hibernate: 
    insert 
    into
        document_chunks
        (chapter_id, char_count, chunk_index, chunk_overlap, chunk_size, chunk_strategy, content, course_id, created_at, document_id, page_end, page_start, token_count, word_count, workspace_id, chunk_id) 
    values
        (?, ?, ?, ?, ?, ?, ?, ?, ?, ?, ?, ?, ?, ?, ?, ?)
Hibernate: 
    insert 
    into
        document_chunks
        (chapter_id, char_count, chunk_index, chunk_overlap, chunk_size, chunk_strategy, content, course_id, created_at, document_id, page_end, page_start, token_count, word_count, workspace_id, chunk_id) 
    values
        (?, ?, ?, ?, ?, ?, ?, ?, ?, ?, ?, ?, ?, ?, ?, ?)
Hibernate: 
    insert 
    into
        document_chunks
        (chapter_id, char_count, chunk_index, chunk_overlap, chunk_size, chunk_strategy, content, course_id, created_at, document_id, page_end, page_start, token_count, word_count, workspace_id, chunk_id) 
    values
        (?, ?, ?, ?, ?, ?, ?, ?, ?, ?, ?, ?, ?, ?, ?, ?)
Hibernate: 
    insert 
    into
        document_chunks
        (chapter_id, char_count, chunk_index, chunk_overlap, chunk_size, chunk_strategy, content, course_id, created_at, document_id, page_end, page_start, token_count, word_count, workspace_id, chunk_id) 
    values
        (?, ?, ?, ?, ?, ?, ?, ?, ?, ?, ?, ?, ?, ?, ?, ?)
Hibernate: 
    insert 
    into
        document_chunks
        (chapter_id, char_count, chunk_index, chunk_overlap, chunk_size, chunk_strategy, content, course_id, created_at, document_id, page_end, page_start, token_count, word_count, workspace_id, chunk_id) 
    values
        (?, ?, ?, ?, ?, ?, ?, ?, ?, ?, ?, ?, ?, ?, ?, ?)
Hibernate: 
    insert 
    into
        document_chunks
        (chapter_id, char_count, chunk_index, chunk_overlap, chunk_size, chunk_strategy, content, course_id, created_at, document_id, page_end, page_start, token_count, word_count, workspace_id, chunk_id) 
    values
        (?, ?, ?, ?, ?, ?, ?, ?, ?, ?, ?, ?, ?, ?, ?, ?)
Hibernate: 
    insert 
    into
        document_chunks
        (chapter_id, char_count, chunk_index, chunk_overlap, chunk_size, chunk_strategy, content, course_id, created_at, document_id, page_end, page_start, token_count, word_count, workspace_id, chunk_id) 
    values
        (?, ?, ?, ?, ?, ?, ?, ?, ?, ?, ?, ?, ?, ?, ?, ?)
Hibernate: 
    insert 
    into
        document_chunks
        (chapter_id, char_count, chunk_index, chunk_overlap, chunk_size, chunk_strategy, content, course_id, created_at, document_id, page_end, page_start, token_count, word_count, workspace_id, chunk_id) 
    values
        (?, ?, ?, ?, ?, ?, ?, ?, ?, ?, ?, ?, ?, ?, ?, ?)
Hibernate: 
    insert 
    into
        document_chunks
        (chapter_id, char_count, chunk_index, chunk_overlap, chunk_size, chunk_strategy, content, course_id, created_at, document_id, page_end, page_start, token_count, word_count, workspace_id, chunk_id) 
    values
        (?, ?, ?, ?, ?, ?, ?, ?, ?, ?, ?, ?, ?, ?, ?, ?)
Hibernate: 
    insert 
    into
        document_chunks
        (chapter_id, char_count, chunk_index, chunk_overlap, chunk_size, chunk_strategy, content, course_id, created_at, document_id, page_end, page_start, token_count, word_count, workspace_id, chunk_id) 
    values
        (?, ?, ?, ?, ?, ?, ?, ?, ?, ?, ?, ?, ?, ?, ?, ?)
Hibernate: 
    insert 
    into
        document_chunks
        (chapter_id, char_count, chunk_index, chunk_overlap, chunk_size, chunk_strategy, content, course_id, created_at, document_id, page_end, page_start, token_count, word_count, workspace_id, chunk_id) 
    values
        (?, ?, ?, ?, ?, ?, ?, ?, ?, ?, ?, ?, ?, ?, ?, ?)
Hibernate: 
    insert 
    into
        document_chunks
        (chapter_id, char_count, chunk_index, chunk_overlap, chunk_size, chunk_strategy, content, course_id, created_at, document_id, page_end, page_start, token_count, word_count, workspace_id, chunk_id) 
    values
        (?, ?, ?, ?, ?, ?, ?, ?, ?, ?, ?, ?, ?, ?, ?, ?)
Hibernate: 
    insert 
    into
        document_chunks
        (chapter_id, char_count, chunk_index, chunk_overlap, chunk_size, chunk_strategy, content, course_id, created_at, document_id, page_end, page_start, token_count, word_count, workspace_id, chunk_id) 
    values
        (?, ?, ?, ?, ?, ?, ?, ?, ?, ?, ?, ?, ?, ?, ?, ?)
Hibernate: 
    insert 
    into
        document_chunks
        (chapter_id, char_count, chunk_index, chunk_overlap, chunk_size, chunk_strategy, content, course_id, created_at, document_id, page_end, page_start, token_count, word_count, workspace_id, chunk_id) 
    values
        (?, ?, ?, ?, ?, ?, ?, ?, ?, ?, ?, ?, ?, ?, ?, ?)
Hibernate: 
    insert 
    into
        document_chunks
        (chapter_id, char_count, chunk_index, chunk_overlap, chunk_size, chunk_strategy, content, course_id, created_at, document_id, page_end, page_start, token_count, word_count, workspace_id, chunk_id) 
    values
        (?, ?, ?, ?, ?, ?, ?, ?, ?, ?, ?, ?, ?, ?, ?, ?)
Hibernate: 
    insert 
    into
        document_chunks
        (chapter_id, char_count, chunk_index, chunk_overlap, chunk_size, chunk_strategy, content, course_id, created_at, document_id, page_end, page_start, token_count, word_count, workspace_id, chunk_id) 
    values
        (?, ?, ?, ?, ?, ?, ?, ?, ?, ?, ?, ?, ?, ?, ?, ?)
Hibernate: 
    insert 
    into
        document_chunks
        (chapter_id, char_count, chunk_index, chunk_overlap, chunk_size, chunk_strategy, content, course_id, created_at, document_id, page_end, page_start, token_count, word_count, workspace_id, chunk_id) 
    values
        (?, ?, ?, ?, ?, ?, ?, ?, ?, ?, ?, ?, ?, ?, ?, ?)
Hibernate: 
    insert 
    into
        document_chunks
        (chapter_id, char_count, chunk_index, chunk_overlap, chunk_size, chunk_strategy, content, course_id, created_at, document_id, page_end, page_start, token_count, word_count, workspace_id, chunk_id) 
    values
        (?, ?, ?, ?, ?, ?, ?, ?, ?, ?, ?, ?, ?, ?, ?, ?)
Hibernate: 
    insert 
    into
        document_chunks
        (chapter_id, char_count, chunk_index, chunk_overlap, chunk_size, chunk_strategy, content, course_id, created_at, document_id, page_end, page_start, token_count, word_count, workspace_id, chunk_id) 
    values
        (?, ?, ?, ?, ?, ?, ?, ?, ?, ?, ?, ?, ?, ?, ?, ?)
Hibernate: 
    insert 
    into
        document_chunks
        (chapter_id, char_count, chunk_index, chunk_overlap, chunk_size, chunk_strategy, content, course_id, created_at, document_id, page_end, page_start, token_count, word_count, workspace_id, chunk_id) 
    values
        (?, ?, ?, ?, ?, ?, ?, ?, ?, ?, ?, ?, ?, ?, ?, ?)
Hibernate: 
    insert 
    into
        document_chunks
        (chapter_id, char_count, chunk_index, chunk_overlap, chunk_size, chunk_strategy, content, course_id, created_at, document_id, page_end, page_start, token_count, word_count, workspace_id, chunk_id) 
    values
        (?, ?, ?, ?, ?, ?, ?, ?, ?, ?, ?, ?, ?, ?, ?, ?)
Hibernate: 
    insert 
    into
        document_chunks
        (chapter_id, char_count, chunk_index, chunk_overlap, chunk_size, chunk_strategy, content, course_id, created_at, document_id, page_end, page_start, token_count, word_count, workspace_id, chunk_id) 
    values
        (?, ?, ?, ?, ?, ?, ?, ?, ?, ?, ?, ?, ?, ?, ?, ?)
Hibernate: 
    update
        course_documents 
    set
        chapter_id=?,
        course_id=?,
        document_title=?,
        error_message=?,
        file_path=?,
        file_size_bytes=?,
        file_type=?,
        language=?,
        mime_type=?,
        original_filename=?,
        processing_status=?,
        total_pages=?,
        updated_at=?,
        uploaded_at=?,
        uploaded_by=?,
        workspace_id=? 
    where
        document_id=?
Hibernate: 
    select
        count_big(*) 
    from
        course_documents cd1_0 
    where
        cd1_0.document_id=?
Hibernate: 
    select
        dc1_0.chunk_id,
        dc1_0.chapter_id,
        dc1_0.char_count,
        dc1_0.chunk_index,
        dc1_0.chunk_overlap,
        dc1_0.chunk_size,
        dc1_0.chunk_strategy,
        dc1_0.content,
        dc1_0.course_id,
        dc1_0.created_at,
        dc1_0.document_id,
        dc1_0.page_end,
        dc1_0.page_start,
        dc1_0.token_count,
        dc1_0.word_count,
        dc1_0.workspace_id 
    from
        document_chunks dc1_0 
    where
        dc1_0.document_id=? 
    order by
        dc1_0.chunk_index
Hibernate: 
    select
        count_big(*) 
    from
        course_documents cd1_0 
    where
        cd1_0.document_id=?
Hibernate: 
    select
        cd1_0.document_id,
        cd1_0.chapter_id,
        cd1_0.course_id,
        cd1_0.document_title,
        cd1_0.error_message,
        cd1_0.file_path,
        cd1_0.file_size_bytes,
        cd1_0.file_type,
        cd1_0.language,
        cd1_0.mime_type,
        cd1_0.original_filename,
        cd1_0.processing_status,
        cd1_0.total_pages,
        cd1_0.updated_at,
        cd1_0.uploaded_at,
        cd1_0.uploaded_by,
        cd1_0.workspace_id 
    from
        course_documents cd1_0 
    where
        cd1_0.document_id=?
Hibernate: 
    select
        dc1_0.chunk_id,
        dc1_0.chapter_id,
        dc1_0.char_count,
        dc1_0.chunk_index,
        dc1_0.chunk_overlap,
        dc1_0.chunk_size,
        dc1_0.chunk_strategy,
        dc1_0.content,
        dc1_0.course_id,
        dc1_0.created_at,
        dc1_0.document_id,
        dc1_0.page_end,
        dc1_0.page_start,
        dc1_0.token_count,
        dc1_0.word_count,
        dc1_0.workspace_id 
    from
        document_chunks dc1_0 
    where
        dc1_0.document_id=? 
    order by
        dc1_0.chunk_index
Hibernate: 
    select
        cd1_0.document_id,
        cd1_0.chapter_id,
        cd1_0.course_id,
        cd1_0.document_title,
        cd1_0.error_message,
        cd1_0.file_path,
        cd1_0.file_size_bytes,
        cd1_0.file_type,
        cd1_0.language,
        cd1_0.mime_type,
        cd1_0.original_filename,
        cd1_0.processing_status,
        cd1_0.total_pages,
        cd1_0.updated_at,
        cd1_0.uploaded_at,
        cd1_0.uploaded_by,
        cd1_0.workspace_id 
    from
        course_documents cd1_0 
    where
        cd1_0.document_id=?
Hibernate: 
    select
        count_big(*) 
    from
        course_documents cd1_0 
    where
        cd1_0.document_id=?
Hibernate: 
    select
        dc1_0.chunk_id,
        dc1_0.chapter_id,
        dc1_0.char_count,
        dc1_0.chunk_index,
        dc1_0.chunk_overlap,
        dc1_0.chunk_size,
        dc1_0.chunk_strategy,
        dc1_0.content,
        dc1_0.course_id,
        dc1_0.created_at,
        dc1_0.document_id,
        dc1_0.page_end,
        dc1_0.page_start,
        dc1_0.token_count,
        dc1_0.word_count,
        dc1_0.workspace_id 
    from
        document_chunks dc1_0 
    where
        dc1_0.document_id=? 
    order by
        dc1_0.chunk_index
Hibernate: 
    select
        cd1_0.document_id,
        cd1_0.chapter_id,
        cd1_0.course_id,
        cd1_0.document_title,
        cd1_0.error_message,
        cd1_0.file_path,
        cd1_0.file_size_bytes,
        cd1_0.file_type,
        cd1_0.language,
        cd1_0.mime_type,
        cd1_0.original_filename,
        cd1_0.processing_status,
        cd1_0.total_pages,
        cd1_0.updated_at,
        cd1_0.uploaded_at,
        cd1_0.uploaded_by,
        cd1_0.workspace_id 
    from
        course_documents cd1_0 
    where
        cd1_0.document_id=?
Hibernate: 
    select
        cd1_0.document_id,
        cd1_0.chapter_id,
        cd1_0.course_id,
        cd1_0.document_title,
        cd1_0.error_message,
        cd1_0.file_path,
        cd1_0.file_size_bytes,
        cd1_0.file_type,
        cd1_0.language,
        cd1_0.mime_type,
        cd1_0.original_filename,
        cd1_0.processing_status,
        cd1_0.total_pages,
        cd1_0.updated_at,
        cd1_0.uploaded_at,
        cd1_0.uploaded_by,
        cd1_0.workspace_id 
    from
        course_documents cd1_0 
    where
        cd1_0.document_id=?
Hibernate: 
    select
        cd1_0.document_id,
        cd1_0.chapter_id,
        cd1_0.course_id,
        cd1_0.document_title,
        cd1_0.error_message,
        cd1_0.file_path,
        cd1_0.file_size_bytes,
        cd1_0.file_type,
        cd1_0.language,
        cd1_0.mime_type,
        cd1_0.original_filename,
        cd1_0.processing_status,
        cd1_0.total_pages,
        cd1_0.updated_at,
        cd1_0.uploaded_at,
        cd1_0.uploaded_by,
        cd1_0.workspace_id 
    from
        course_documents cd1_0 
    where
        cd1_0.document_id=?
2026-06-07T22:51:47.638+07:00  WARN 10012 --- [courseqa-springboot-mvc2-skeleton] [nio-8080-exec-1] .m.m.a.ExceptionHandlerExceptionResolver : Resolved [org.springframework.web.server.ResponseStatusException: 404 NOT_FOUND "Stored file not found."]
Hibernate: 
    select
        cd1_0.document_id,
        cd1_0.chapter_id,
        cd1_0.course_id,
        cd1_0.document_title,
        cd1_0.error_message,
        cd1_0.file_path,
        cd1_0.file_size_bytes,
        cd1_0.file_type,
        cd1_0.language,
        cd1_0.mime_type,
        cd1_0.original_filename,
        cd1_0.processing_status,
        cd1_0.total_pages,
        cd1_0.updated_at,
        cd1_0.uploaded_at,
        cd1_0.uploaded_by,
        cd1_0.workspace_id 
    from
        course_documents cd1_0 
    where
        cd1_0.document_id=?
2026-06-07T22:51:47.763+07:00  WARN 10012 --- [courseqa-springboot-mvc2-skeleton] [nio-8080-exec-4] .m.m.a.ExceptionHandlerExceptionResolver : Resolved [org.springframework.web.server.ResponseStatusException: 404 NOT_FOUND "Stored file not found."]
Hibernate: 
    select
        cd1_0.document_id,
        cd1_0.chapter_id,
        cd1_0.course_id,
        cd1_0.document_title,
        cd1_0.error_message,
        cd1_0.file_path,
        cd1_0.file_size_bytes,
        cd1_0.file_type,
        cd1_0.language,
        cd1_0.mime_type,
        cd1_0.original_filename,
        cd1_0.processing_status,
        cd1_0.total_pages,
        cd1_0.updated_at,
        cd1_0.uploaded_at,
        cd1_0.uploaded_by,
        cd1_0.workspace_id 
    from
        course_documents cd1_0 
    where
        cd1_0.document_id=?
Hibernate: 
    select
        count_big(*) 
    from
        course_documents cd1_0 
    where
        cd1_0.document_id=?
Hibernate: 
    select
        dc1_0.chunk_id,
        dc1_0.chapter_id,
        dc1_0.char_count,
        dc1_0.chunk_index,
        dc1_0.chunk_overlap,
        dc1_0.chunk_size,
        dc1_0.chunk_strategy,
        dc1_0.content,
        dc1_0.course_id,
        dc1_0.created_at,
        dc1_0.document_id,
        dc1_0.page_end,
        dc1_0.page_start,
        dc1_0.token_count,
        dc1_0.word_count,
        dc1_0.workspace_id 
    from
        document_chunks dc1_0 
    where
        dc1_0.document_id=? 
    order by
        dc1_0.chunk_index
Hibernate: 
    select
        cd1_0.document_id,
        cd1_0.chapter_id,
        cd1_0.course_id,
        cd1_0.document_title,
        cd1_0.error_message,
        cd1_0.file_path,
        cd1_0.file_size_bytes,
        cd1_0.file_type,
        cd1_0.language,
        cd1_0.mime_type,
        cd1_0.original_filename,
        cd1_0.processing_status,
        cd1_0.total_pages,
        cd1_0.updated_at,
        cd1_0.uploaded_at,
        cd1_0.uploaded_by,
        cd1_0.workspace_id 
    from
        course_documents cd1_0 
    where
        cd1_0.document_id=?
Hibernate: 
    select
        count_big(*) 
    from
        course_documents cd1_0 
    where
        cd1_0.document_id=?
Hibernate: 
    select
        dc1_0.chunk_id,
        dc1_0.chapter_id,
        dc1_0.char_count,
        dc1_0.chunk_index,
        dc1_0.chunk_overlap,
        dc1_0.chunk_size,
        dc1_0.chunk_strategy,
        dc1_0.content,
        dc1_0.course_id,
        dc1_0.created_at,
        dc1_0.document_id,
        dc1_0.page_end,
        dc1_0.page_start,
        dc1_0.token_count,
        dc1_0.word_count,
        dc1_0.workspace_id 
    from
        document_chunks dc1_0 
    where
        dc1_0.document_id=? 
    order by
        dc1_0.chunk_index
Hibernate: 
    select
        cd1_0.document_id,
        cd1_0.chapter_id,
        cd1_0.course_id,
        cd1_0.document_title,
        cd1_0.error_message,
        cd1_0.file_path,
        cd1_0.file_size_bytes,
        cd1_0.file_type,
        cd1_0.language,
        cd1_0.mime_type,
        cd1_0.original_filename,
        cd1_0.processing_status,
        cd1_0.total_pages,
        cd1_0.updated_at,
        cd1_0.uploaded_at,
        cd1_0.uploaded_by,
        cd1_0.workspace_id 
    from
        course_documents cd1_0 
    where
        cd1_0.document_id=?
2026-06-07T22:52:05.741+07:00  WARN 10012 --- [courseqa-springboot-mvc2-skeleton] [nio-8080-exec-7] .m.m.a.ExceptionHandlerExceptionResolver : Resolved [org.springframework.web.server.ResponseStatusException: 404 NOT_FOUND "Stored file not found."]
Hibernate: 
    select
        count_big(*) 
    from
        course_documents cd1_0 
    where
        cd1_0.document_id=?
Hibernate: 
    select
        cd1_0.document_id,
        cd1_0.chapter_id,
        cd1_0.course_id,
        cd1_0.document_title,
        cd1_0.error_message,
        cd1_0.file_path,
        cd1_0.file_size_bytes,
        cd1_0.file_type,
        cd1_0.language,
        cd1_0.mime_type,
        cd1_0.original_filename,
        cd1_0.processing_status,
        cd1_0.total_pages,
        cd1_0.updated_at,
        cd1_0.uploaded_at,
        cd1_0.uploaded_by,
        cd1_0.workspace_id 
    from
        course_documents cd1_0 
    where
        cd1_0.document_id=?
Hibernate: 
    select
        dc1_0.chunk_id,
        dc1_0.chapter_id,
        dc1_0.char_count,
        dc1_0.chunk_index,
        dc1_0.chunk_overlap,
        dc1_0.chunk_size,
        dc1_0.chunk_strategy,
        dc1_0.content,
        dc1_0.course_id,
        dc1_0.created_at,
        dc1_0.document_id,
        dc1_0.page_end,
        dc1_0.page_start,
        dc1_0.token_count,
        dc1_0.word_count,
        dc1_0.workspace_id 
    from
        document_chunks dc1_0 
    where
        dc1_0.document_id=? 
    order by
        dc1_0.chunk_index
Hibernate: 
    select
        cd1_0.document_id,
        cd1_0.chapter_id,
        cd1_0.course_id,
        cd1_0.document_title,
        cd1_0.error_message,
        cd1_0.file_path,
        cd1_0.file_size_bytes,
        cd1_0.file_type,
        cd1_0.language,
        cd1_0.mime_type,
        cd1_0.original_filename,
        cd1_0.processing_status,
        cd1_0.total_pages,
        cd1_0.updated_at,
        cd1_0.uploaded_at,
        cd1_0.uploaded_by,
        cd1_0.workspace_id 
    from
        course_documents cd1_0 
    where
        cd1_0.document_id=?
Hibernate: 
    select
        count_big(*) 
    from
        course_documents cd1_0 
    where
        cd1_0.document_id=?
Hibernate: 
    select
        dc1_0.chunk_id,
        dc1_0.chapter_id,
        dc1_0.char_count,
        dc1_0.chunk_index,
        dc1_0.chunk_overlap,
        dc1_0.chunk_size,
        dc1_0.chunk_strategy,
        dc1_0.content,
        dc1_0.course_id,
        dc1_0.created_at,
        dc1_0.document_id,
        dc1_0.page_end,
        dc1_0.page_start,
        dc1_0.token_count,
        dc1_0.word_count,
        dc1_0.workspace_id 
    from
        document_chunks dc1_0 
    where
        dc1_0.document_id=? 
    order by
        dc1_0.chunk_index
Hibernate: 
    select
        cd1_0.document_id,
        cd1_0.chapter_id,
        cd1_0.course_id,
        cd1_0.document_title,
        cd1_0.error_message,
        cd1_0.file_path,
        cd1_0.file_size_bytes,
        cd1_0.file_type,
        cd1_0.language,
        cd1_0.mime_type,
        cd1_0.original_filename,
        cd1_0.processing_status,
        cd1_0.total_pages,
        cd1_0.updated_at,
        cd1_0.uploaded_at,
        cd1_0.uploaded_by,
        cd1_0.workspace_id 
    from
        course_documents cd1_0 
    where
        cd1_0.document_id=?
2026-06-07T22:52:11.218+07:00  WARN 10012 --- [courseqa-springboot-mvc2-skeleton] [nio-8080-exec-3] .m.m.a.ExceptionHandlerExceptionResolver : Resolved [org.springframework.web.server.ResponseStatusException: 404 NOT_FOUND "Stored file not found."]
Hibernate: 
    select
        cd1_0.document_id,
        cd1_0.chapter_id,
        cd1_0.course_id,
        cd1_0.document_title,
        cd1_0.error_message,
        cd1_0.file_path,
        cd1_0.file_size_bytes,
        cd1_0.file_type,
        cd1_0.language,
        cd1_0.mime_type,
        cd1_0.original_filename,
        cd1_0.processing_status,
        cd1_0.total_pages,
        cd1_0.updated_at,
        cd1_0.uploaded_at,
        cd1_0.uploaded_by,
        cd1_0.workspace_id 
    from
        course_documents cd1_0 
    where
        cd1_0.document_id=?
Hibernate: 
    select
        cd1_0.document_id,
        cd1_0.chapter_id,
        cd1_0.course_id,
        cd1_0.document_title,
        cd1_0.error_message,
        cd1_0.file_path,
        cd1_0.file_size_bytes,
        cd1_0.file_type,
        cd1_0.language,
        cd1_0.mime_type,
        cd1_0.original_filename,
        cd1_0.processing_status,
        cd1_0.total_pages,
        cd1_0.updated_at,
        cd1_0.uploaded_at,
        cd1_0.uploaded_by,
        cd1_0.workspace_id 
    from
        course_documents cd1_0 
    where
        cd1_0.document_id=?
Hibernate: 
    select
        count_big(*) 
    from
        course_documents cd1_0 
    where
        cd1_0.document_id=?
Hibernate: 
    select
        cd1_0.document_id,
        cd1_0.chapter_id,
        cd1_0.course_id,
        cd1_0.document_title,
        cd1_0.error_message,
        cd1_0.file_path,
        cd1_0.file_size_bytes,
        cd1_0.file_type,
        cd1_0.language,
        cd1_0.mime_type,
        cd1_0.original_filename,
        cd1_0.processing_status,
        cd1_0.total_pages,
        cd1_0.updated_at,
        cd1_0.uploaded_at,
        cd1_0.uploaded_by,
        cd1_0.workspace_id 
    from
        course_documents cd1_0 
    where
        cd1_0.document_id=?
Hibernate: 
    select
        dc1_0.chunk_id,
        dc1_0.chapter_id,
        dc1_0.char_count,
        dc1_0.chunk_index,
        dc1_0.chunk_overlap,
        dc1_0.chunk_size,
        dc1_0.chunk_strategy,
        dc1_0.content,
        dc1_0.course_id,
        dc1_0.created_at,
        dc1_0.document_id,
        dc1_0.page_end,
        dc1_0.page_start,
        dc1_0.token_count,
        dc1_0.word_count,
        dc1_0.workspace_id 
    from
        document_chunks dc1_0 
    where
        dc1_0.document_id=? 
    order by
        dc1_0.chunk_index
Hibernate: 
    select
        cd1_0.document_id,
        cd1_0.chapter_id,
        cd1_0.course_id,
        cd1_0.document_title,
        cd1_0.error_message,
        cd1_0.file_path,
        cd1_0.file_size_bytes,
        cd1_0.file_type,
        cd1_0.language,
        cd1_0.mime_type,
        cd1_0.original_filename,
        cd1_0.processing_status,
        cd1_0.total_pages,
        cd1_0.updated_at,
        cd1_0.uploaded_at,
        cd1_0.uploaded_by,
        cd1_0.workspace_id 
    from
        course_documents cd1_0 
    where
        cd1_0.document_id=?
Hibernate: 
    select
        count_big(*) 
    from
        course_documents cd1_0 
    where
        cd1_0.document_id=?
Hibernate: 
    select
        dc1_0.chunk_id,
        dc1_0.chapter_id,
        dc1_0.char_count,
        dc1_0.chunk_index,
        dc1_0.chunk_overlap,
        dc1_0.chunk_size,
        dc1_0.chunk_strategy,
        dc1_0.content,
        dc1_0.course_id,
        dc1_0.created_at,
        dc1_0.document_id,
        dc1_0.page_end,
        dc1_0.page_start,
        dc1_0.token_count,
        dc1_0.word_count,
        dc1_0.workspace_id 
    from
        document_chunks dc1_0 
    where
        dc1_0.document_id=? 
    order by
        dc1_0.chunk_index
Hibernate: 
    select
        cd1_0.document_id,
        cd1_0.chapter_id,
        cd1_0.course_id,
        cd1_0.document_title,
        cd1_0.error_message,
        cd1_0.file_path,
        cd1_0.file_size_bytes,
        cd1_0.file_type,
        cd1_0.language,
        cd1_0.mime_type,
        cd1_0.original_filename,
        cd1_0.processing_status,
        cd1_0.total_pages,
        cd1_0.updated_at,
        cd1_0.uploaded_at,
        cd1_0.uploaded_by,
        cd1_0.workspace_id 
    from
        course_documents cd1_0 
    where
        cd1_0.document_id=?
2026-06-07T22:52:20.599+07:00  WARN 10012 --- [courseqa-springboot-mvc2-skeleton] [nio-8080-exec-1] .m.m.a.ExceptionHandlerExceptionResolver : Resolved [org.springframework.web.server.ResponseStatusException: 404 NOT_FOUND "Stored file not found."]
Hibernate: 
    select
        count_big(*) 
    from
        course_documents cd1_0 
    where
        cd1_0.document_id=?
Hibernate: 
    select
        cd1_0.document_id,
        cd1_0.chapter_id,
        cd1_0.course_id,
        cd1_0.document_title,
        cd1_0.error_message,
        cd1_0.file_path,
        cd1_0.file_size_bytes,
        cd1_0.file_type,
        cd1_0.language,
        cd1_0.mime_type,
        cd1_0.original_filename,
        cd1_0.processing_status,
        cd1_0.total_pages,
        cd1_0.updated_at,
        cd1_0.uploaded_at,
        cd1_0.uploaded_by,
        cd1_0.workspace_id 
    from
        course_documents cd1_0 
    where
        cd1_0.document_id=?
Hibernate: 
    select
        dc1_0.chunk_id,
        dc1_0.chapter_id,
        dc1_0.char_count,
        dc1_0.chunk_index,
        dc1_0.chunk_overlap,
        dc1_0.chunk_size,
        dc1_0.chunk_strategy,
        dc1_0.content,
        dc1_0.course_id,
        dc1_0.created_at,
        dc1_0.document_id,
        dc1_0.page_end,
        dc1_0.page_start,
        dc1_0.token_count,
        dc1_0.word_count,
        dc1_0.workspace_id 
    from
        document_chunks dc1_0 
    where
        dc1_0.document_id=? 
    order by
        dc1_0.chunk_index
Hibernate: 
    select
        cd1_0.document_id,
        cd1_0.chapter_id,
        cd1_0.course_id,
        cd1_0.document_title,
        cd1_0.error_message,
        cd1_0.file_path,
        cd1_0.file_size_bytes,
        cd1_0.file_type,
        cd1_0.language,
        cd1_0.mime_type,
        cd1_0.original_filename,
        cd1_0.processing_status,
        cd1_0.total_pages,
        cd1_0.updated_at,
        cd1_0.uploaded_at,
        cd1_0.uploaded_by,
        cd1_0.workspace_id 
    from
        course_documents cd1_0 
    where
        cd1_0.document_id=?
Hibernate: 
    select
        count_big(*) 
    from
        course_documents cd1_0 
    where
        cd1_0.document_id=?
Hibernate: 
    select
        dc1_0.chunk_id,
        dc1_0.chapter_id,
        dc1_0.char_count,
        dc1_0.chunk_index,
        dc1_0.chunk_overlap,
        dc1_0.chunk_size,
        dc1_0.chunk_strategy,
        dc1_0.content,
        dc1_0.course_id,
        dc1_0.created_at,
        dc1_0.document_id,
        dc1_0.page_end,
        dc1_0.page_start,
        dc1_0.token_count,
        dc1_0.word_count,
        dc1_0.workspace_id 
    from
        document_chunks dc1_0 
    where
        dc1_0.document_id=? 
    order by
        dc1_0.chunk_index
Hibernate: 
    select
        cd1_0.document_id,
        cd1_0.chapter_id,
        cd1_0.course_id,
        cd1_0.document_title,
        cd1_0.error_message,
        cd1_0.file_path,
        cd1_0.file_size_bytes,
        cd1_0.file_type,
        cd1_0.language,
        cd1_0.mime_type,
        cd1_0.original_filename,
        cd1_0.processing_status,
        cd1_0.total_pages,
        cd1_0.updated_at,
        cd1_0.uploaded_at,
        cd1_0.uploaded_by,
        cd1_0.workspace_id 
    from
        course_documents cd1_0 
    where
        cd1_0.document_id=?
2026-06-07T22:52:28.989+07:00  WARN 10012 --- [courseqa-springboot-mvc2-skeleton] [nio-8080-exec-8] .m.m.a.ExceptionHandlerExceptionResolver : Resolved [org.springframework.web.server.ResponseStatusException: 404 NOT_FOUND "Stored file not found."]
Hibernate: 
    select
        cw1_0.workspace_id,
        cw1_0.course_id,
        cw1_0.created_at,
        cw1_0.description,
        cw1_0.is_active,
        cw1_0.owner_user_id,
        cw1_0.updated_at,
        cw1_0.visibility,
        cw1_0.workspace_title 
    from
        course_workspaces cw1_0 
    where
        cw1_0.is_active=1 
    order by
        cw1_0.created_at desc
Hibernate: 
    select
        cw1_0.workspace_id,
        cw1_0.course_id,
        cw1_0.created_at,
        cw1_0.description,
        cw1_0.is_active,
        cw1_0.owner_user_id,
        cw1_0.updated_at,
        cw1_0.visibility,
        cw1_0.workspace_title 
    from
        course_workspaces cw1_0 
    where
        cw1_0.is_active=1 
    order by
        cw1_0.created_at desc
Hibernate: 
    select
        cw1_0.workspace_id,
        cw1_0.course_id,
        cw1_0.created_at,
        cw1_0.description,
        cw1_0.is_active,
        cw1_0.owner_user_id,
        cw1_0.updated_at,
        cw1_0.visibility,
        cw1_0.workspace_title 
    from
        course_workspaces cw1_0 
    where
        cw1_0.is_active=1 
    order by
        cw1_0.created_at desc
Hibernate: 
    select
        cd1_0.document_id,
        cd1_0.chapter_id,
        cd1_0.course_id,
        cd1_0.document_title,
        cd1_0.error_message,
        cd1_0.file_path,
        cd1_0.file_size_bytes,
        cd1_0.file_type,
        cd1_0.language,
        cd1_0.mime_type,
        cd1_0.original_filename,
        cd1_0.processing_status,
        cd1_0.total_pages,
        cd1_0.updated_at,
        cd1_0.uploaded_at,
        cd1_0.uploaded_by,
        cd1_0.workspace_id 
    from
        course_documents cd1_0 
    where
        cd1_0.workspace_id=? 
    order by
        cd1_0.uploaded_at desc
Hibernate: 
    select
        count_big(*) 
    from
        course_documents cd1_0 
    where
        cd1_0.document_id=?
Hibernate: 
    select
        count_big(*) 
    from
        course_documents cd1_0 
    where
        cd1_0.document_id=?
Hibernate: 
    select
        count_big(*) 
    from
        course_documents cd1_0 
    where
        cd1_0.document_id=?
Hibernate: 
    select
        cd1_0.document_id,
        cd1_0.chapter_id,
        cd1_0.course_id,
        cd1_0.document_title,
        cd1_0.error_message,
        cd1_0.file_path,
        cd1_0.file_size_bytes,
        cd1_0.file_type,
        cd1_0.language,
        cd1_0.mime_type,
        cd1_0.original_filename,
        cd1_0.processing_status,
        cd1_0.total_pages,
        cd1_0.updated_at,
        cd1_0.uploaded_at,
        cd1_0.uploaded_by,
        cd1_0.workspace_id 
    from
        course_documents cd1_0 
    where
        cd1_0.workspace_id=? 
    order by
        cd1_0.uploaded_at desc
Hibernate: 
    select
        dc1_0.chunk_id,
        dc1_0.chapter_id,
        dc1_0.char_count,
        dc1_0.chunk_index,
        dc1_0.chunk_overlap,
        dc1_0.chunk_size,
        dc1_0.chunk_strategy,
        dc1_0.content,
        dc1_0.course_id,
        dc1_0.created_at,
        dc1_0.document_id,
        dc1_0.page_end,
        dc1_0.page_start,
        dc1_0.token_count,
        dc1_0.word_count,
        dc1_0.workspace_id 
    from
        document_chunks dc1_0 
    where
        dc1_0.document_id=? 
    order by
        dc1_0.chunk_index
Hibernate: 
    select
        dc1_0.chunk_id,
        dc1_0.chapter_id,
        dc1_0.char_count,
        dc1_0.chunk_index,
        dc1_0.chunk_overlap,
        dc1_0.chunk_size,
        dc1_0.chunk_strategy,
        dc1_0.content,
        dc1_0.course_id,
        dc1_0.created_at,
        dc1_0.document_id,
        dc1_0.page_end,
        dc1_0.page_start,
        dc1_0.token_count,
        dc1_0.word_count,
        dc1_0.workspace_id 
    from
        document_chunks dc1_0 
    where
        dc1_0.document_id=? 
    order by
        dc1_0.chunk_index
Hibernate: 
    select
        dc1_0.chunk_id,
        dc1_0.chapter_id,
        dc1_0.char_count,
        dc1_0.chunk_index,
        dc1_0.chunk_overlap,
        dc1_0.chunk_size,
        dc1_0.chunk_strategy,
        dc1_0.content,
        dc1_0.course_id,
        dc1_0.created_at,
        dc1_0.document_id,
        dc1_0.page_end,
        dc1_0.page_start,
        dc1_0.token_count,
        dc1_0.word_count,
        dc1_0.workspace_id 
    from
        document_chunks dc1_0 
    where
        dc1_0.document_id=? 
    order by
        dc1_0.chunk_index
Hibernate: 
    select
        count_big(*) 
    from
        course_documents cd1_0 
    where
        cd1_0.document_id=?
Hibernate: 
    select
        count_big(*) 
    from
        course_documents cd1_0 
    where
        cd1_0.document_id=?
Hibernate: 
    select
        count_big(*) 
    from
        course_documents cd1_0 
    where
        cd1_0.document_id=?
Hibernate: 
    select
        dc1_0.chunk_id,
        dc1_0.chapter_id,
        dc1_0.char_count,
        dc1_0.chunk_index,
        dc1_0.chunk_overlap,
        dc1_0.chunk_size,
        dc1_0.chunk_strategy,
        dc1_0.content,
        dc1_0.course_id,
        dc1_0.created_at,
        dc1_0.document_id,
        dc1_0.page_end,
        dc1_0.page_start,
        dc1_0.token_count,
        dc1_0.word_count,
        dc1_0.workspace_id 
    from
        document_chunks dc1_0 
    where
        dc1_0.document_id=? 
    order by
        dc1_0.chunk_index
Hibernate: 
    select
        dc1_0.chunk_id,
        dc1_0.chapter_id,
        dc1_0.char_count,
        dc1_0.chunk_index,
        dc1_0.chunk_overlap,
        dc1_0.chunk_size,
        dc1_0.chunk_strategy,
        dc1_0.content,
        dc1_0.course_id,
        dc1_0.created_at,
        dc1_0.document_id,
        dc1_0.page_end,
        dc1_0.page_start,
        dc1_0.token_count,
        dc1_0.word_count,
        dc1_0.workspace_id 
    from
        document_chunks dc1_0 
    where
        dc1_0.document_id=? 
    order by
        dc1_0.chunk_index
Hibernate: 
    select
        dc1_0.chunk_id,
        dc1_0.chapter_id,
        dc1_0.char_count,
        dc1_0.chunk_index,
        dc1_0.chunk_overlap,
        dc1_0.chunk_size,
        dc1_0.chunk_strategy,
        dc1_0.content,
        dc1_0.course_id,
        dc1_0.created_at,
        dc1_0.document_id,
        dc1_0.page_end,
        dc1_0.page_start,
        dc1_0.token_count,
        dc1_0.word_count,
        dc1_0.workspace_id 
    from
        document_chunks dc1_0 
    where
        dc1_0.document_id=? 
    order by
        dc1_0.chunk_index
Hibernate: 
    select
        cd1_0.document_id,
        cd1_0.chapter_id,
        cd1_0.course_id,
        cd1_0.document_title,
        cd1_0.error_message,
        cd1_0.file_path,
        cd1_0.file_size_bytes,
        cd1_0.file_type,
        cd1_0.language,
        cd1_0.mime_type,
        cd1_0.original_filename,
        cd1_0.processing_status,
        cd1_0.total_pages,
        cd1_0.updated_at,
        cd1_0.uploaded_at,
        cd1_0.uploaded_by,
        cd1_0.workspace_id 
    from
        course_documents cd1_0 
    where
        cd1_0.document_id=?
Hibernate: 
    select
        count_big(*) 
    from
        course_documents cd1_0 
    where
        cd1_0.document_id=?
Hibernate: 
    select
        dc1_0.chunk_id,
        dc1_0.chapter_id,
        dc1_0.char_count,
        dc1_0.chunk_index,
        dc1_0.chunk_overlap,
        dc1_0.chunk_size,
        dc1_0.chunk_strategy,
        dc1_0.content,
        dc1_0.course_id,
        dc1_0.created_at,
        dc1_0.document_id,
        dc1_0.page_end,
        dc1_0.page_start,
        dc1_0.token_count,
        dc1_0.word_count,
        dc1_0.workspace_id 
    from
        document_chunks dc1_0 
    where
        dc1_0.document_id=? 
    order by
        dc1_0.chunk_index
Hibernate: 
    select
        cd1_0.document_id,
        cd1_0.chapter_id,
        cd1_0.course_id,
        cd1_0.document_title,
        cd1_0.error_message,
        cd1_0.file_path,
        cd1_0.file_size_bytes,
        cd1_0.file_type,
        cd1_0.language,
        cd1_0.mime_type,
        cd1_0.original_filename,
        cd1_0.processing_status,
        cd1_0.total_pages,
        cd1_0.updated_at,
        cd1_0.uploaded_at,
        cd1_0.uploaded_by,
        cd1_0.workspace_id 
    from
        course_documents cd1_0 
    where
        cd1_0.document_id=?
Hibernate: 
    select
        count_big(*) 
    from
        course_documents cd1_0 
    where
        cd1_0.document_id=?
Hibernate: 
    select
        dc1_0.chunk_id,
        dc1_0.chapter_id,
        dc1_0.char_count,
        dc1_0.chunk_index,
        dc1_0.chunk_overlap,
        dc1_0.chunk_size,
        dc1_0.chunk_strategy,
        dc1_0.content,
        dc1_0.course_id,
        dc1_0.created_at,
        dc1_0.document_id,
        dc1_0.page_end,
        dc1_0.page_start,
        dc1_0.token_count,
        dc1_0.word_count,
        dc1_0.workspace_id 
    from
        document_chunks dc1_0 
    where
        dc1_0.document_id=? 
    order by
        dc1_0.chunk_index
Hibernate: 
    select
        cd1_0.document_id,
        cd1_0.chapter_id,
        cd1_0.course_id,
        cd1_0.document_title,
        cd1_0.error_message,
        cd1_0.file_path,
        cd1_0.file_size_bytes,
        cd1_0.file_type,
        cd1_0.language,
        cd1_0.mime_type,
        cd1_0.original_filename,
        cd1_0.processing_status,
        cd1_0.total_pages,
        cd1_0.updated_at,
        cd1_0.uploaded_at,
        cd1_0.uploaded_by,
        cd1_0.workspace_id 
    from
        course_documents cd1_0 
    where
        cd1_0.document_id=?
2026-06-07T22:52:35.284+07:00  WARN 10012 --- [courseqa-springboot-mvc2-skeleton] [nio-8080-exec-5] .m.m.a.ExceptionHandlerExceptionResolver : Resolved [org.springframework.web.server.ResponseStatusException: 404 NOT_FOUND "Stored file not found."]
Hibernate: 
    select
        cd1_0.document_id,
        cd1_0.chapter_id,
        cd1_0.course_id,
        cd1_0.document_title,
        cd1_0.error_message,
        cd1_0.file_path,
        cd1_0.file_size_bytes,
        cd1_0.file_type,
        cd1_0.language,
        cd1_0.mime_type,
        cd1_0.original_filename,
        cd1_0.processing_status,
        cd1_0.total_pages,
        cd1_0.updated_at,
        cd1_0.uploaded_at,
        cd1_0.uploaded_by,
        cd1_0.workspace_id 
    from
        course_documents cd1_0 
    where
        cd1_0.document_id=?
Hibernate: 
    select
        count_big(*) 
    from
        course_documents cd1_0 
    where
        cd1_0.document_id=?
Hibernate: 
    select
        dc1_0.chunk_id,
        dc1_0.chapter_id,
        dc1_0.char_count,
        dc1_0.chunk_index,
        dc1_0.chunk_overlap,
        dc1_0.chunk_size,
        dc1_0.chunk_strategy,
        dc1_0.content,
        dc1_0.course_id,
        dc1_0.created_at,
        dc1_0.document_id,
        dc1_0.page_end,
        dc1_0.page_start,
        dc1_0.token_count,
        dc1_0.word_count,
        dc1_0.workspace_id 
    from
        document_chunks dc1_0 
    where
        dc1_0.document_id=? 
    order by
        dc1_0.chunk_index
Hibernate: 
    select
        cd1_0.document_id,
        cd1_0.chapter_id,
        cd1_0.course_id,
        cd1_0.document_title,
        cd1_0.error_message,
        cd1_0.file_path,
        cd1_0.file_size_bytes,
        cd1_0.file_type,
        cd1_0.language,
        cd1_0.mime_type,
        cd1_0.original_filename,
        cd1_0.processing_status,
        cd1_0.total_pages,
        cd1_0.updated_at,
        cd1_0.uploaded_at,
        cd1_0.uploaded_by,
        cd1_0.workspace_id 
    from
        course_documents cd1_0 
    where
        cd1_0.document_id=?
Hibernate: 
    select
        count_big(*) 
    from
        course_documents cd1_0 
    where
        cd1_0.document_id=?
Hibernate: 
    select
        dc1_0.chunk_id,
        dc1_0.chapter_id,
        dc1_0.char_count,
        dc1_0.chunk_index,
        dc1_0.chunk_overlap,
        dc1_0.chunk_size,
        dc1_0.chunk_strategy,
        dc1_0.content,
        dc1_0.course_id,
        dc1_0.created_at,
        dc1_0.document_id,
        dc1_0.page_end,
        dc1_0.page_start,
        dc1_0.token_count,
        dc1_0.word_count,
        dc1_0.workspace_id 
    from
        document_chunks dc1_0 
    where
        dc1_0.document_id=? 
    order by
        dc1_0.chunk_index
Hibernate: 
    select
        cd1_0.document_id,
        cd1_0.chapter_id,
        cd1_0.course_id,
        cd1_0.document_title,
        cd1_0.error_message,
        cd1_0.file_path,
        cd1_0.file_size_bytes,
        cd1_0.file_type,
        cd1_0.language,
        cd1_0.mime_type,
        cd1_0.original_filename,
        cd1_0.processing_status,
        cd1_0.total_pages,
        cd1_0.updated_at,
        cd1_0.uploaded_at,
        cd1_0.uploaded_by,
        cd1_0.workspace_id 
    from
        course_documents cd1_0 
    where
        cd1_0.document_id=?
2026-06-07T22:52:51.979+07:00  WARN 10012 --- [courseqa-springboot-mvc2-skeleton] [nio-8080-exec-1] .m.m.a.ExceptionHandlerExceptionResolver : Resolved [org.springframework.web.server.ResponseStatusException: 404 NOT_FOUND "Stored file not found."]
Hibernate: 
    select
        cw1_0.workspace_id,
        cw1_0.course_id,
        cw1_0.created_at,
        cw1_0.description,
        cw1_0.is_active,
        cw1_0.owner_user_id,
        cw1_0.updated_at,
        cw1_0.visibility,
        cw1_0.workspace_title 
    from
        course_workspaces cw1_0 
    where
        cw1_0.is_active=1 
    order by
        cw1_0.created_at desc
Hibernate: 
    select
        cw1_0.workspace_id,
        cw1_0.course_id,
        cw1_0.created_at,
        cw1_0.description,
        cw1_0.is_active,
        cw1_0.owner_user_id,
        cw1_0.updated_at,
        cw1_0.visibility,
        cw1_0.workspace_title 
    from
        course_workspaces cw1_0 
    where
        cw1_0.is_active=1 
    order by
        cw1_0.created_at desc
Hibernate: 
    select
        cd1_0.document_id,
        cd1_0.chapter_id,
        cd1_0.course_id,
        cd1_0.document_title,
        cd1_0.error_message,
        cd1_0.file_path,
        cd1_0.file_size_bytes,
        cd1_0.file_type,
        cd1_0.language,
        cd1_0.mime_type,
        cd1_0.original_filename,
        cd1_0.processing_status,
        cd1_0.total_pages,
        cd1_0.updated_at,
        cd1_0.uploaded_at,
        cd1_0.uploaded_by,
        cd1_0.workspace_id 
    from
        course_documents cd1_0 
    where
        cd1_0.workspace_id=? 
    order by
        cd1_0.uploaded_at desc
Hibernate: 
    select
        cw1_0.workspace_id,
        cw1_0.course_id,
        cw1_0.created_at,
        cw1_0.description,
        cw1_0.is_active,
        cw1_0.owner_user_id,
        cw1_0.updated_at,
        cw1_0.visibility,
        cw1_0.workspace_title 
    from
        course_workspaces cw1_0 
    where
        cw1_0.is_active=1 
    order by
        cw1_0.created_at desc
Hibernate: 
    select
        cd1_0.document_id,
        cd1_0.chapter_id,
        cd1_0.course_id,
        cd1_0.document_title,
        cd1_0.error_message,
        cd1_0.file_path,
        cd1_0.file_size_bytes,
        cd1_0.file_type,
        cd1_0.language,
        cd1_0.mime_type,
        cd1_0.original_filename,
        cd1_0.processing_status,
        cd1_0.total_pages,
        cd1_0.updated_at,
        cd1_0.uploaded_at,
        cd1_0.uploaded_by,
        cd1_0.workspace_id 
    from
        course_documents cd1_0 
    where
        cd1_0.workspace_id=? 
    order by
        cd1_0.uploaded_at desc
Hibernate: 
    select
        count_big(*) 
    from
        course_documents cd1_0 
    where
        cd1_0.document_id=?
Hibernate: 
    select
        count_big(*) 
    from
        course_documents cd1_0 
    where
        cd1_0.document_id=?
Hibernate: 
    select
        count_big(*) 
    from
        course_documents cd1_0 
    where
        cd1_0.document_id=?
Hibernate: 
    select
        dc1_0.chunk_id,
        dc1_0.chapter_id,
        dc1_0.char_count,
        dc1_0.chunk_index,
        dc1_0.chunk_overlap,
        dc1_0.chunk_size,
        dc1_0.chunk_strategy,
        dc1_0.content,
        dc1_0.course_id,
        dc1_0.created_at,
        dc1_0.document_id,
        dc1_0.page_end,
        dc1_0.page_start,
        dc1_0.token_count,
        dc1_0.word_count,
        dc1_0.workspace_id 
    from
        document_chunks dc1_0 
    where
        dc1_0.document_id=? 
    order by
        dc1_0.chunk_index
Hibernate: 
    select
        dc1_0.chunk_id,
        dc1_0.chapter_id,
        dc1_0.char_count,
        dc1_0.chunk_index,
        dc1_0.chunk_overlap,
        dc1_0.chunk_size,
        dc1_0.chunk_strategy,
        dc1_0.content,
        dc1_0.course_id,
        dc1_0.created_at,
        dc1_0.document_id,
        dc1_0.page_end,
        dc1_0.page_start,
        dc1_0.token_count,
        dc1_0.word_count,
        dc1_0.workspace_id 
    from
        document_chunks dc1_0 
    where
        dc1_0.document_id=? 
    order by
        dc1_0.chunk_index
Hibernate: 
    select
        dc1_0.chunk_id,
        dc1_0.chapter_id,
        dc1_0.char_count,
        dc1_0.chunk_index,
        dc1_0.chunk_overlap,
        dc1_0.chunk_size,
        dc1_0.chunk_strategy,
        dc1_0.content,
        dc1_0.course_id,
        dc1_0.created_at,
        dc1_0.document_id,
        dc1_0.page_end,
        dc1_0.page_start,
        dc1_0.token_count,
        dc1_0.word_count,
        dc1_0.workspace_id 
    from
        document_chunks dc1_0 
    where
        dc1_0.document_id=? 
    order by
        dc1_0.chunk_index
Hibernate: 
    select
        count_big(*) 
    from
        course_documents cd1_0 
    where
        cd1_0.document_id=?
Hibernate: 
    select
        count_big(*) 
    from
        course_documents cd1_0 
    where
        cd1_0.document_id=?
Hibernate: 
    select
        count_big(*) 
    from
        course_documents cd1_0 
    where
        cd1_0.document_id=?
Hibernate: 
    select
        dc1_0.chunk_id,
        dc1_0.chapter_id,
        dc1_0.char_count,
        dc1_0.chunk_index,
        dc1_0.chunk_overlap,
        dc1_0.chunk_size,
        dc1_0.chunk_strategy,
        dc1_0.content,
        dc1_0.course_id,
        dc1_0.created_at,
        dc1_0.document_id,
        dc1_0.page_end,
        dc1_0.page_start,
        dc1_0.token_count,
        dc1_0.word_count,
        dc1_0.workspace_id 
    from
        document_chunks dc1_0 
    where
        dc1_0.document_id=? 
    order by
        dc1_0.chunk_index
Hibernate: 
    select
        dc1_0.chunk_id,
        dc1_0.chapter_id,
        dc1_0.char_count,
        dc1_0.chunk_index,
        dc1_0.chunk_overlap,
        dc1_0.chunk_size,
        dc1_0.chunk_strategy,
        dc1_0.content,
        dc1_0.course_id,
        dc1_0.created_at,
        dc1_0.document_id,
        dc1_0.page_end,
        dc1_0.page_start,
        dc1_0.token_count,
        dc1_0.word_count,
        dc1_0.workspace_id 
    from
        document_chunks dc1_0 
    where
        dc1_0.document_id=? 
    order by
        dc1_0.chunk_index
Hibernate: 
    select
        dc1_0.chunk_id,
        dc1_0.chapter_id,
        dc1_0.char_count,
        dc1_0.chunk_index,
        dc1_0.chunk_overlap,
        dc1_0.chunk_size,
        dc1_0.chunk_strategy,
        dc1_0.content,
        dc1_0.course_id,
        dc1_0.created_at,
        dc1_0.document_id,
        dc1_0.page_end,
        dc1_0.page_start,
        dc1_0.token_count,
        dc1_0.word_count,
        dc1_0.workspace_id 
    from
        document_chunks dc1_0 
    where
        dc1_0.document_id=? 
    order by
        dc1_0.chunk_index
Hibernate: 
    select
        count_big(*) 
    from
        course_documents cd1_0 
    where
        cd1_0.document_id=?
Hibernate: 
    select
        cd1_0.document_id,
        cd1_0.chapter_id,
        cd1_0.course_id,
        cd1_0.document_title,
        cd1_0.error_message,
        cd1_0.file_path,
        cd1_0.file_size_bytes,
        cd1_0.file_type,
        cd1_0.language,
        cd1_0.mime_type,
        cd1_0.original_filename,
        cd1_0.processing_status,
        cd1_0.total_pages,
        cd1_0.updated_at,
        cd1_0.uploaded_at,
        cd1_0.uploaded_by,
        cd1_0.workspace_id 
    from
        course_documents cd1_0 
    where
        cd1_0.document_id=?
Hibernate: 
    select
        dc1_0.chunk_id,
        dc1_0.chapter_id,
        dc1_0.char_count,
        dc1_0.chunk_index,
        dc1_0.chunk_overlap,
        dc1_0.chunk_size,
        dc1_0.chunk_strategy,
        dc1_0.content,
        dc1_0.course_id,
        dc1_0.created_at,
        dc1_0.document_id,
        dc1_0.page_end,
        dc1_0.page_start,
        dc1_0.token_count,
        dc1_0.word_count,
        dc1_0.workspace_id 
    from
        document_chunks dc1_0 
    where
        dc1_0.document_id=? 
    order by
        dc1_0.chunk_index
Hibernate: 
    select
        cd1_0.document_id,
        cd1_0.chapter_id,
        cd1_0.course_id,
        cd1_0.document_title,
        cd1_0.error_message,
        cd1_0.file_path,
        cd1_0.file_size_bytes,
        cd1_0.file_type,
        cd1_0.language,
        cd1_0.mime_type,
        cd1_0.original_filename,
        cd1_0.processing_status,
        cd1_0.total_pages,
        cd1_0.updated_at,
        cd1_0.uploaded_at,
        cd1_0.uploaded_by,
        cd1_0.workspace_id 
    from
        course_documents cd1_0 
    where
        cd1_0.document_id=?
Hibernate: 
    select
        count_big(*) 
    from
        course_documents cd1_0 
    where
        cd1_0.document_id=?
Hibernate: 
    select
        dc1_0.chunk_id,
        dc1_0.chapter_id,
        dc1_0.char_count,
        dc1_0.chunk_index,
        dc1_0.chunk_overlap,
        dc1_0.chunk_size,
        dc1_0.chunk_strategy,
        dc1_0.content,
        dc1_0.course_id,
        dc1_0.created_at,
        dc1_0.document_id,
        dc1_0.page_end,
        dc1_0.page_start,
        dc1_0.token_count,
        dc1_0.word_count,
        dc1_0.workspace_id 
    from
        document_chunks dc1_0 
    where
        dc1_0.document_id=? 
    order by
        dc1_0.chunk_index
Hibernate: 
    select
        cd1_0.document_id,
        cd1_0.chapter_id,
        cd1_0.course_id,
        cd1_0.document_title,
        cd1_0.error_message,
        cd1_0.file_path,
        cd1_0.file_size_bytes,
        cd1_0.file_type,
        cd1_0.language,
        cd1_0.mime_type,
        cd1_0.original_filename,
        cd1_0.processing_status,
        cd1_0.total_pages,
        cd1_0.updated_at,
        cd1_0.uploaded_at,
        cd1_0.uploaded_by,
        cd1_0.workspace_id 
    from
        course_documents cd1_0 
    where
        cd1_0.document_id=?
Hibernate: 
    select
        cw1_0.workspace_id,
        cw1_0.course_id,
        cw1_0.created_at,
        cw1_0.description,
        cw1_0.is_active,
        cw1_0.owner_user_id,
        cw1_0.updated_at,
        cw1_0.visibility,
        cw1_0.workspace_title 
    from
        course_workspaces cw1_0 
    where
        cw1_0.is_active=1 
    order by
        cw1_0.created_at desc
Hibernate: 
    select
        cw1_0.workspace_id,
        cw1_0.course_id,
        cw1_0.created_at,
        cw1_0.description,
        cw1_0.is_active,
        cw1_0.owner_user_id,
        cw1_0.updated_at,
        cw1_0.visibility,
        cw1_0.workspace_title 
    from
        course_workspaces cw1_0 
    where
        cw1_0.is_active=1 
    order by
        cw1_0.created_at desc
Hibernate: 
    select
        cd1_0.document_id,
        cd1_0.chapter_id,
        cd1_0.course_id,
        cd1_0.document_title,
        cd1_0.error_message,
        cd1_0.file_path,
        cd1_0.file_size_bytes,
        cd1_0.file_type,
        cd1_0.language,
        cd1_0.mime_type,
        cd1_0.original_filename,
        cd1_0.processing_status,
        cd1_0.total_pages,
        cd1_0.updated_at,
        cd1_0.uploaded_at,
        cd1_0.uploaded_by,
        cd1_0.workspace_id 
    from
        course_documents cd1_0 
    where
        cd1_0.workspace_id=? 
    order by
        cd1_0.uploaded_at desc
Hibernate: 
    select
        cw1_0.workspace_id,
        cw1_0.course_id,
        cw1_0.created_at,
        cw1_0.description,
        cw1_0.is_active,
        cw1_0.owner_user_id,
        cw1_0.updated_at,
        cw1_0.visibility,
        cw1_0.workspace_title 
    from
        course_workspaces cw1_0 
    where
        cw1_0.is_active=1 
    order by
        cw1_0.created_at desc
Hibernate: 
    select
        cd1_0.document_id,
        cd1_0.chapter_id,
        cd1_0.course_id,
        cd1_0.document_title,
        cd1_0.error_message,
        cd1_0.file_path,
        cd1_0.file_size_bytes,
        cd1_0.file_type,
        cd1_0.language,
        cd1_0.mime_type,
        cd1_0.original_filename,
        cd1_0.processing_status,
        cd1_0.total_pages,
        cd1_0.updated_at,
        cd1_0.uploaded_at,
        cd1_0.uploaded_by,
        cd1_0.workspace_id 
    from
        course_documents cd1_0 
    where
        cd1_0.workspace_id=? 
    order by
        cd1_0.uploaded_at desc
Hibernate: 
    select
        count_big(*) 
    from
        course_documents cd1_0 
    where
        cd1_0.document_id=?
Hibernate: 
    select
        count_big(*) 
    from
        course_documents cd1_0 
    where
        cd1_0.document_id=?
Hibernate: 
    select
        count_big(*) 
    from
        course_documents cd1_0 
    where
        cd1_0.document_id=?
Hibernate: 
    select
        dc1_0.chunk_id,
        dc1_0.chapter_id,
        dc1_0.char_count,
        dc1_0.chunk_index,
        dc1_0.chunk_overlap,
        dc1_0.chunk_size,
        dc1_0.chunk_strategy,
        dc1_0.content,
        dc1_0.course_id,
        dc1_0.created_at,
        dc1_0.document_id,
        dc1_0.page_end,
        dc1_0.page_start,
        dc1_0.token_count,
        dc1_0.word_count,
        dc1_0.workspace_id 
    from
        document_chunks dc1_0 
    where
        dc1_0.document_id=? 
    order by
        dc1_0.chunk_index
Hibernate: 
    select
        dc1_0.chunk_id,
        dc1_0.chapter_id,
        dc1_0.char_count,
        dc1_0.chunk_index,
        dc1_0.chunk_overlap,
        dc1_0.chunk_size,
        dc1_0.chunk_strategy,
        dc1_0.content,
        dc1_0.course_id,
        dc1_0.created_at,
        dc1_0.document_id,
        dc1_0.page_end,
        dc1_0.page_start,
        dc1_0.token_count,
        dc1_0.word_count,
        dc1_0.workspace_id 
    from
        document_chunks dc1_0 
    where
        dc1_0.document_id=? 
    order by
        dc1_0.chunk_index
Hibernate: 
    select
        dc1_0.chunk_id,
        dc1_0.chapter_id,
        dc1_0.char_count,
        dc1_0.chunk_index,
        dc1_0.chunk_overlap,
        dc1_0.chunk_size,
        dc1_0.chunk_strategy,
        dc1_0.content,
        dc1_0.course_id,
        dc1_0.created_at,
        dc1_0.document_id,
        dc1_0.page_end,
        dc1_0.page_start,
        dc1_0.token_count,
        dc1_0.word_count,
        dc1_0.workspace_id 
    from
        document_chunks dc1_0 
    where
        dc1_0.document_id=? 
    order by
        dc1_0.chunk_index
Hibernate: 
    select
        count_big(*) 
    from
        course_documents cd1_0 
    where
        cd1_0.document_id=?
Hibernate: 
    select
        count_big(*) 
    from
        course_documents cd1_0 
    where
        cd1_0.document_id=?
Hibernate: 
    select
        count_big(*) 
    from
        course_documents cd1_0 
    where
        cd1_0.document_id=?
Hibernate: 
    select
        dc1_0.chunk_id,
        dc1_0.chapter_id,
        dc1_0.char_count,
        dc1_0.chunk_index,
        dc1_0.chunk_overlap,
        dc1_0.chunk_size,
        dc1_0.chunk_strategy,
        dc1_0.content,
        dc1_0.course_id,
        dc1_0.created_at,
        dc1_0.document_id,
        dc1_0.page_end,
        dc1_0.page_start,
        dc1_0.token_count,
        dc1_0.word_count,
        dc1_0.workspace_id 
    from
        document_chunks dc1_0 
    where
        dc1_0.document_id=? 
    order by
        dc1_0.chunk_index
Hibernate: 
    select
        dc1_0.chunk_id,
        dc1_0.chapter_id,
        dc1_0.char_count,
        dc1_0.chunk_index,
        dc1_0.chunk_overlap,
        dc1_0.chunk_size,
        dc1_0.chunk_strategy,
        dc1_0.content,
        dc1_0.course_id,
        dc1_0.created_at,
        dc1_0.document_id,
        dc1_0.page_end,
        dc1_0.page_start,
        dc1_0.token_count,
        dc1_0.word_count,
        dc1_0.workspace_id 
    from
        document_chunks dc1_0 
    where
        dc1_0.document_id=? 
    order by
        dc1_0.chunk_index
Hibernate: 
    select
        dc1_0.chunk_id,
        dc1_0.chapter_id,
        dc1_0.char_count,
        dc1_0.chunk_index,
        dc1_0.chunk_overlap,
        dc1_0.chunk_size,
        dc1_0.chunk_strategy,
        dc1_0.content,
        dc1_0.course_id,
        dc1_0.created_at,
        dc1_0.document_id,
        dc1_0.page_end,
        dc1_0.page_start,
        dc1_0.token_count,
        dc1_0.word_count,
        dc1_0.workspace_id 
    from
        document_chunks dc1_0 
    where
        dc1_0.document_id=? 
    order by
        dc1_0.chunk_index
Hibernate: 
    select
        count_big(*) 
    from
        course_documents cd1_0 
    where
        cd1_0.document_id=?
Hibernate: 
    select
        cd1_0.document_id,
        cd1_0.chapter_id,
        cd1_0.course_id,
        cd1_0.document_title,
        cd1_0.error_message,
        cd1_0.file_path,
        cd1_0.file_size_bytes,
        cd1_0.file_type,
        cd1_0.language,
        cd1_0.mime_type,
        cd1_0.original_filename,
        cd1_0.processing_status,
        cd1_0.total_pages,
        cd1_0.updated_at,
        cd1_0.uploaded_at,
        cd1_0.uploaded_by,
        cd1_0.workspace_id 
    from
        course_documents cd1_0 
    where
        cd1_0.document_id=?
Hibernate: 
    select
        dc1_0.chunk_id,
        dc1_0.chapter_id,
        dc1_0.char_count,
        dc1_0.chunk_index,
        dc1_0.chunk_overlap,
        dc1_0.chunk_size,
        dc1_0.chunk_strategy,
        dc1_0.content,
        dc1_0.course_id,
        dc1_0.created_at,
        dc1_0.document_id,
        dc1_0.page_end,
        dc1_0.page_start,
        dc1_0.token_count,
        dc1_0.word_count,
        dc1_0.workspace_id 
    from
        document_chunks dc1_0 
    where
        dc1_0.document_id=? 
    order by
        dc1_0.chunk_index
Hibernate: 
    select
        cd1_0.document_id,
        cd1_0.chapter_id,
        cd1_0.course_id,
        cd1_0.document_title,
        cd1_0.error_message,
        cd1_0.file_path,
        cd1_0.file_size_bytes,
        cd1_0.file_type,
        cd1_0.language,
        cd1_0.mime_type,
        cd1_0.original_filename,
        cd1_0.processing_status,
        cd1_0.total_pages,
        cd1_0.updated_at,
        cd1_0.uploaded_at,
        cd1_0.uploaded_by,
        cd1_0.workspace_id 
    from
        course_documents cd1_0 
    where
        cd1_0.document_id=?
Hibernate: 
    select
        count_big(*) 
    from
        course_documents cd1_0 
    where
        cd1_0.document_id=?
Hibernate: 
    select
        dc1_0.chunk_id,
        dc1_0.chapter_id,
        dc1_0.char_count,
        dc1_0.chunk_index,
        dc1_0.chunk_overlap,
        dc1_0.chunk_size,
        dc1_0.chunk_strategy,
        dc1_0.content,
        dc1_0.course_id,
        dc1_0.created_at,
        dc1_0.document_id,
        dc1_0.page_end,
        dc1_0.page_start,
        dc1_0.token_count,
        dc1_0.word_count,
        dc1_0.workspace_id 
    from
        document_chunks dc1_0 
    where
        dc1_0.document_id=? 
    order by
        dc1_0.chunk_index
Hibernate: 
    select
        cd1_0.document_id,
        cd1_0.chapter_id,
        cd1_0.course_id,
        cd1_0.document_title,
        cd1_0.error_message,
        cd1_0.file_path,
        cd1_0.file_size_bytes,
        cd1_0.file_type,
        cd1_0.language,
        cd1_0.mime_type,
        cd1_0.original_filename,
        cd1_0.processing_status,
        cd1_0.total_pages,
        cd1_0.updated_at,
        cd1_0.uploaded_at,
        cd1_0.uploaded_by,
        cd1_0.workspace_id 
    from
        course_documents cd1_0 
    where
        cd1_0.document_id=?
2026-06-07T22:53:06.959+07:00  WARN 10012 --- [courseqa-springboot-mvc2-skeleton] [nio-8080-exec-9] .m.m.a.ExceptionHandlerExceptionResolver : Resolved [org.springframework.web.server.ResponseStatusException: 404 NOT_FOUND "Stored file not found."]
Hibernate: 
    select
        cw1_0.workspace_id,
        cw1_0.course_id,
        cw1_0.created_at,
        cw1_0.description,
        cw1_0.is_active,
        cw1_0.owner_user_id,
        cw1_0.updated_at,
        cw1_0.visibility,
        cw1_0.workspace_title 
    from
        course_workspaces cw1_0 
    where
        cw1_0.is_active=1 
    order by
        cw1_0.created_at desc
Hibernate: 
    select
        cw1_0.workspace_id,
        cw1_0.course_id,
        cw1_0.created_at,
        cw1_0.description,
        cw1_0.is_active,
        cw1_0.owner_user_id,
        cw1_0.updated_at,
        cw1_0.visibility,
        cw1_0.workspace_title 
    from
        course_workspaces cw1_0 
    where
        cw1_0.is_active=1 
    order by
        cw1_0.created_at desc
Hibernate: 
    select
        cd1_0.document_id,
        cd1_0.chapter_id,
        cd1_0.course_id,
        cd1_0.document_title,
        cd1_0.error_message,
        cd1_0.file_path,
        cd1_0.file_size_bytes,
        cd1_0.file_type,
        cd1_0.language,
        cd1_0.mime_type,
        cd1_0.original_filename,
        cd1_0.processing_status,
        cd1_0.total_pages,
        cd1_0.updated_at,
        cd1_0.uploaded_at,
        cd1_0.uploaded_by,
        cd1_0.workspace_id 
    from
        course_documents cd1_0 
    where
        cd1_0.workspace_id=? 
    order by
        cd1_0.uploaded_at desc
Hibernate: 
    select
        cw1_0.workspace_id,
        cw1_0.course_id,
        cw1_0.created_at,
        cw1_0.description,
        cw1_0.is_active,
        cw1_0.owner_user_id,
        cw1_0.updated_at,
        cw1_0.visibility,
        cw1_0.workspace_title 
    from
        course_workspaces cw1_0 
    where
        cw1_0.is_active=1 
    order by
        cw1_0.created_at desc
Hibernate: 
    select
        cd1_0.document_id,
        cd1_0.chapter_id,
        cd1_0.course_id,
        cd1_0.document_title,
        cd1_0.error_message,
        cd1_0.file_path,
        cd1_0.file_size_bytes,
        cd1_0.file_type,
        cd1_0.language,
        cd1_0.mime_type,
        cd1_0.original_filename,
        cd1_0.processing_status,
        cd1_0.total_pages,
        cd1_0.updated_at,
        cd1_0.uploaded_at,
        cd1_0.uploaded_by,
        cd1_0.workspace_id 
    from
        course_documents cd1_0 
    where
        cd1_0.workspace_id=? 
    order by
        cd1_0.uploaded_at desc
Hibernate: 
    select
        count_big(*) 
    from
        course_documents cd1_0 
    where
        cd1_0.document_id=?
Hibernate: 
    select
        count_big(*) 
    from
        course_documents cd1_0 
    where
        cd1_0.document_id=?
Hibernate: 
    select
        count_big(*) 
    from
        course_documents cd1_0 
    where
        cd1_0.document_id=?
Hibernate: 
    select
        dc1_0.chunk_id,
        dc1_0.chapter_id,
        dc1_0.char_count,
        dc1_0.chunk_index,
        dc1_0.chunk_overlap,
        dc1_0.chunk_size,
        dc1_0.chunk_strategy,
        dc1_0.content,
        dc1_0.course_id,
        dc1_0.created_at,
        dc1_0.document_id,
        dc1_0.page_end,
        dc1_0.page_start,
        dc1_0.token_count,
        dc1_0.word_count,
        dc1_0.workspace_id 
    from
        document_chunks dc1_0 
    where
        dc1_0.document_id=? 
    order by
        dc1_0.chunk_index
Hibernate: 
    select
        dc1_0.chunk_id,
        dc1_0.chapter_id,
        dc1_0.char_count,
        dc1_0.chunk_index,
        dc1_0.chunk_overlap,
        dc1_0.chunk_size,
        dc1_0.chunk_strategy,
        dc1_0.content,
        dc1_0.course_id,
        dc1_0.created_at,
        dc1_0.document_id,
        dc1_0.page_end,
        dc1_0.page_start,
        dc1_0.token_count,
        dc1_0.word_count,
        dc1_0.workspace_id 
    from
        document_chunks dc1_0 
    where
        dc1_0.document_id=? 
    order by
        dc1_0.chunk_index
Hibernate: 
    select
        dc1_0.chunk_id,
        dc1_0.chapter_id,
        dc1_0.char_count,
        dc1_0.chunk_index,
        dc1_0.chunk_overlap,
        dc1_0.chunk_size,
        dc1_0.chunk_strategy,
        dc1_0.content,
        dc1_0.course_id,
        dc1_0.created_at,
        dc1_0.document_id,
        dc1_0.page_end,
        dc1_0.page_start,
        dc1_0.token_count,
        dc1_0.word_count,
        dc1_0.workspace_id 
    from
        document_chunks dc1_0 
    where
        dc1_0.document_id=? 
    order by
        dc1_0.chunk_index
Hibernate: 
    select
        count_big(*) 
    from
        course_documents cd1_0 
    where
        cd1_0.document_id=?
Hibernate: 
    select
        count_big(*) 
    from
        course_documents cd1_0 
    where
        cd1_0.document_id=?
Hibernate: 
    select
        count_big(*) 
    from
        course_documents cd1_0 
    where
        cd1_0.document_id=?
Hibernate: 
    select
        dc1_0.chunk_id,
        dc1_0.chapter_id,
        dc1_0.char_count,
        dc1_0.chunk_index,
        dc1_0.chunk_overlap,
        dc1_0.chunk_size,
        dc1_0.chunk_strategy,
        dc1_0.content,
        dc1_0.course_id,
        dc1_0.created_at,
        dc1_0.document_id,
        dc1_0.page_end,
        dc1_0.page_start,
        dc1_0.token_count,
        dc1_0.word_count,
        dc1_0.workspace_id 
    from
        document_chunks dc1_0 
    where
        dc1_0.document_id=? 
    order by
        dc1_0.chunk_index
Hibernate: 
    select
        dc1_0.chunk_id,
        dc1_0.chapter_id,
        dc1_0.char_count,
        dc1_0.chunk_index,
        dc1_0.chunk_overlap,
        dc1_0.chunk_size,
        dc1_0.chunk_strategy,
        dc1_0.content,
        dc1_0.course_id,
        dc1_0.created_at,
        dc1_0.document_id,
        dc1_0.page_end,
        dc1_0.page_start,
        dc1_0.token_count,
        dc1_0.word_count,
        dc1_0.workspace_id 
    from
        document_chunks dc1_0 
    where
        dc1_0.document_id=? 
    order by
        dc1_0.chunk_index
Hibernate: 
    select
        dc1_0.chunk_id,
        dc1_0.chapter_id,
        dc1_0.char_count,
        dc1_0.chunk_index,
        dc1_0.chunk_overlap,
        dc1_0.chunk_size,
        dc1_0.chunk_strategy,
        dc1_0.content,
        dc1_0.course_id,
        dc1_0.created_at,
        dc1_0.document_id,
        dc1_0.page_end,
        dc1_0.page_start,
        dc1_0.token_count,
        dc1_0.word_count,
        dc1_0.workspace_id 
    from
        document_chunks dc1_0 
    where
        dc1_0.document_id=? 
    order by
        dc1_0.chunk_index
Hibernate: 
    select
        cd1_0.document_id,
        cd1_0.chapter_id,
        cd1_0.course_id,
        cd1_0.document_title,
        cd1_0.error_message,
        cd1_0.file_path,
        cd1_0.file_size_bytes,
        cd1_0.file_type,
        cd1_0.language,
        cd1_0.mime_type,
        cd1_0.original_filename,
        cd1_0.processing_status,
        cd1_0.total_pages,
        cd1_0.updated_at,
        cd1_0.uploaded_at,
        cd1_0.uploaded_by,
        cd1_0.workspace_id 
    from
        course_documents cd1_0 
    where
        cd1_0.document_id=?
Hibernate: 
    select
        dp1_0.page_id,
        dp1_0.char_count,
        dp1_0.cleaned_text,
        dp1_0.document_id,
        dp1_0.error_message,
        dp1_0.extracted_at,
        dp1_0.extraction_status,
        dp1_0.page_number,
        dp1_0.raw_text,
        dp1_0.word_count 
    from
        document_pages dp1_0 
    where
        dp1_0.document_id=?
Hibernate: 
    select
        dc1_0.chunk_id,
        dc1_0.chapter_id,
        dc1_0.char_count,
        dc1_0.chunk_index,
        dc1_0.chunk_overlap,
        dc1_0.chunk_size,
        dc1_0.chunk_strategy,
        dc1_0.content,
        dc1_0.course_id,
        dc1_0.created_at,
        dc1_0.document_id,
        dc1_0.page_end,
        dc1_0.page_start,
        dc1_0.token_count,
        dc1_0.word_count,
        dc1_0.workspace_id 
    from
        document_chunks dc1_0 
    where
        dc1_0.document_id=?
Hibernate: 
    delete 
    from
        document_pages 
    where
        page_id=?
Hibernate: 
    delete 
    from
        document_pages 
    where
        page_id=?
Hibernate: 
    delete 
    from
        document_pages 
    where
        page_id=?
Hibernate: 
    delete 
    from
        document_pages 
    where
        page_id=?
Hibernate: 
    delete 
    from
        document_pages 
    where
        page_id=?
Hibernate: 
    delete 
    from
        document_pages 
    where
        page_id=?
Hibernate: 
    delete 
    from
        document_pages 
    where
        page_id=?
Hibernate: 
    delete 
    from
        document_pages 
    where
        page_id=?
Hibernate: 
    delete 
    from
        document_pages 
    where
        page_id=?
Hibernate: 
    delete 
    from
        document_pages 
    where
        page_id=?
Hibernate: 
    delete 
    from
        document_pages 
    where
        page_id=?
Hibernate: 
    delete 
    from
        document_pages 
    where
        page_id=?
Hibernate: 
    delete 
    from
        document_pages 
    where
        page_id=?
Hibernate: 
    delete 
    from
        document_pages 
    where
        page_id=?
Hibernate: 
    delete 
    from
        document_pages 
    where
        page_id=?
Hibernate: 
    delete 
    from
        document_pages 
    where
        page_id=?
Hibernate: 
    delete 
    from
        document_pages 
    where
        page_id=?
Hibernate: 
    delete 
    from
        document_pages 
    where
        page_id=?
Hibernate: 
    delete 
    from
        document_pages 
    where
        page_id=?
Hibernate: 
    delete 
    from
        document_pages 
    where
        page_id=?
Hibernate: 
    delete 
    from
        document_pages 
    where
        page_id=?
Hibernate: 
    delete 
    from
        document_pages 
    where
        page_id=?
Hibernate: 
    delete 
    from
        document_pages 
    where
        page_id=?
Hibernate: 
    delete 
    from
        document_pages 
    where
        page_id=?
Hibernate: 
    delete 
    from
        document_pages 
    where
        page_id=?
Hibernate: 
    delete 
    from
        document_pages 
    where
        page_id=?
Hibernate: 
    delete 
    from
        document_pages 
    where
        page_id=?
Hibernate: 
    delete 
    from
        document_pages 
    where
        page_id=?
Hibernate: 
    delete 
    from
        document_pages 
    where
        page_id=?
Hibernate: 
    delete 
    from
        document_pages 
    where
        page_id=?
Hibernate: 
    delete 
    from
        document_pages 
    where
        page_id=?
Hibernate: 
    delete 
    from
        document_pages 
    where
        page_id=?
Hibernate: 
    delete 
    from
        document_pages 
    where
        page_id=?
Hibernate: 
    delete 
    from
        document_pages 
    where
        page_id=?
Hibernate: 
    delete 
    from
        document_pages 
    where
        page_id=?
Hibernate: 
    delete 
    from
        document_pages 
    where
        page_id=?
Hibernate: 
    delete 
    from
        document_pages 
    where
        page_id=?
Hibernate: 
    delete 
    from
        document_pages 
    where
        page_id=?
Hibernate: 
    delete 
    from
        document_pages 
    where
        page_id=?
Hibernate: 
    delete 
    from
        document_pages 
    where
        page_id=?
Hibernate: 
    delete 
    from
        document_pages 
    where
        page_id=?
Hibernate: 
    delete 
    from
        document_pages 
    where
        page_id=?
Hibernate: 
    delete 
    from
        document_pages 
    where
        page_id=?
Hibernate: 
    delete 
    from
        document_pages 
    where
        page_id=?
Hibernate: 
    delete 
    from
        document_pages 
    where
        page_id=?
Hibernate: 
    delete 
    from
        document_pages 
    where
        page_id=?
Hibernate: 
    delete 
    from
        document_pages 
    where
        page_id=?
Hibernate: 
    delete 
    from
        document_pages 
    where
        page_id=?
Hibernate: 
    delete 
    from
        document_pages 
    where
        page_id=?
Hibernate: 
    delete 
    from
        document_pages 
    where
        page_id=?
Hibernate: 
    delete 
    from
        document_pages 
    where
        page_id=?
Hibernate: 
    delete 
    from
        document_pages 
    where
        page_id=?
Hibernate: 
    delete 
    from
        document_chunks 
    where
        chunk_id=?
Hibernate: 
    delete 
    from
        document_chunks 
    where
        chunk_id=?
Hibernate: 
    delete 
    from
        document_chunks 
    where
        chunk_id=?
Hibernate: 
    delete 
    from
        document_chunks 
    where
        chunk_id=?
Hibernate: 
    delete 
    from
        document_chunks 
    where
        chunk_id=?
Hibernate: 
    delete 
    from
        document_chunks 
    where
        chunk_id=?
Hibernate: 
    delete 
    from
        document_chunks 
    where
        chunk_id=?
Hibernate: 
    delete 
    from
        document_chunks 
    where
        chunk_id=?
Hibernate: 
    delete 
    from
        document_chunks 
    where
        chunk_id=?
Hibernate: 
    delete 
    from
        document_chunks 
    where
        chunk_id=?
Hibernate: 
    delete 
    from
        document_chunks 
    where
        chunk_id=?
Hibernate: 
    delete 
    from
        document_chunks 
    where
        chunk_id=?
Hibernate: 
    delete 
    from
        document_chunks 
    where
        chunk_id=?
Hibernate: 
    delete 
    from
        document_chunks 
    where
        chunk_id=?
Hibernate: 
    delete 
    from
        document_chunks 
    where
        chunk_id=?
Hibernate: 
    delete 
    from
        document_chunks 
    where
        chunk_id=?
Hibernate: 
    delete 
    from
        document_chunks 
    where
        chunk_id=?
Hibernate: 
    delete 
    from
        document_chunks 
    where
        chunk_id=?
Hibernate: 
    delete 
    from
        document_chunks 
    where
        chunk_id=?
Hibernate: 
    delete 
    from
        document_chunks 
    where
        chunk_id=?
Hibernate: 
    delete 
    from
        document_chunks 
    where
        chunk_id=?
Hibernate: 
    delete 
    from
        document_chunks 
    where
        chunk_id=?
Hibernate: 
    delete 
    from
        document_chunks 
    where
        chunk_id=?
Hibernate: 
    delete 
    from
        document_chunks 
    where
        chunk_id=?
Hibernate: 
    delete 
    from
        document_chunks 
    where
        chunk_id=?
Hibernate: 
    delete 
    from
        document_chunks 
    where
        chunk_id=?
Hibernate: 
    delete 
    from
        document_chunks 
    where
        chunk_id=?
Hibernate: 
    delete 
    from
        document_chunks 
    where
        chunk_id=?
Hibernate: 
    delete 
    from
        document_chunks 
    where
        chunk_id=?
Hibernate: 
    delete 
    from
        document_chunks 
    where
        chunk_id=?
Hibernate: 
    delete 
    from
        document_chunks 
    where
        chunk_id=?
Hibernate: 
    delete 
    from
        document_chunks 
    where
        chunk_id=?
Hibernate: 
    delete 
    from
        document_chunks 
    where
        chunk_id=?
Hibernate: 
    delete 
    from
        document_chunks 
    where
        chunk_id=?
Hibernate: 
    delete 
    from
        document_chunks 
    where
        chunk_id=?
Hibernate: 
    delete 
    from
        document_chunks 
    where
        chunk_id=?
Hibernate: 
    delete 
    from
        document_chunks 
    where
        chunk_id=?
Hibernate: 
    delete 
    from
        document_chunks 
    where
        chunk_id=?
Hibernate: 
    delete 
    from
        document_chunks 
    where
        chunk_id=?
Hibernate: 
    delete 
    from
        document_chunks 
    where
        chunk_id=?
Hibernate: 
    delete 
    from
        document_chunks 
    where
        chunk_id=?
Hibernate: 
    delete 
    from
        document_chunks 
    where
        chunk_id=?
Hibernate: 
    delete 
    from
        document_chunks 
    where
        chunk_id=?
Hibernate: 
    delete 
    from
        document_chunks 
    where
        chunk_id=?
Hibernate: 
    delete 
    from
        document_chunks 
    where
        chunk_id=?
Hibernate: 
    delete 
    from
        document_chunks 
    where
        chunk_id=?
Hibernate: 
    delete 
    from
        document_chunks 
    where
        chunk_id=?
Hibernate: 
    delete 
    from
        document_chunks 
    where
        chunk_id=?
Hibernate: 
    delete 
    from
        document_chunks 
    where
        chunk_id=?
Hibernate: 
    delete 
    from
        document_chunks 
    where
        chunk_id=?
Hibernate: 
    delete 
    from
        document_chunks 
    where
        chunk_id=?
Hibernate: 
    delete 
    from
        document_chunks 
    where
        chunk_id=?
Hibernate: 
    delete 
    from
        course_documents 
    where
        document_id=?
Hibernate: 
    select
        count_big(*) 
    from
        course_documents cd1_0 
    where
        cd1_0.document_id=?
Hibernate: 
    select
        cd1_0.document_id,
        cd1_0.chapter_id,
        cd1_0.course_id,
        cd1_0.document_title,
        cd1_0.error_message,
        cd1_0.file_path,
        cd1_0.file_size_bytes,
        cd1_0.file_type,
        cd1_0.language,
        cd1_0.mime_type,
        cd1_0.original_filename,
        cd1_0.processing_status,
        cd1_0.total_pages,
        cd1_0.updated_at,
        cd1_0.uploaded_at,
        cd1_0.uploaded_by,
        cd1_0.workspace_id 
    from
        course_documents cd1_0 
    where
        cd1_0.document_id=?
Hibernate: 
    select
        dc1_0.chunk_id,
        dc1_0.chapter_id,
        dc1_0.char_count,
        dc1_0.chunk_index,
        dc1_0.chunk_overlap,
        dc1_0.chunk_size,
        dc1_0.chunk_strategy,
        dc1_0.content,
        dc1_0.course_id,
        dc1_0.created_at,
        dc1_0.document_id,
        dc1_0.page_end,
        dc1_0.page_start,
        dc1_0.token_count,
        dc1_0.word_count,
        dc1_0.workspace_id 
    from
        document_chunks dc1_0 
    where
        dc1_0.document_id=? 
    order by
        dc1_0.chunk_index
Hibernate: 
    select
        cd1_0.document_id,
        cd1_0.chapter_id,
        cd1_0.course_id,
        cd1_0.document_title,
        cd1_0.error_message,
        cd1_0.file_path,
        cd1_0.file_size_bytes,
        cd1_0.file_type,
        cd1_0.language,
        cd1_0.mime_type,
        cd1_0.original_filename,
        cd1_0.processing_status,
        cd1_0.total_pages,
        cd1_0.updated_at,
        cd1_0.uploaded_at,
        cd1_0.uploaded_by,
        cd1_0.workspace_id 
    from
        course_documents cd1_0 
    where
        cd1_0.document_id=?
Hibernate: 
    select
        count_big(*) 
    from
        course_documents cd1_0 
    where
        cd1_0.document_id=?
Hibernate: 
    select
        dc1_0.chunk_id,
        dc1_0.chapter_id,
        dc1_0.char_count,
        dc1_0.chunk_index,
        dc1_0.chunk_overlap,
        dc1_0.chunk_size,
        dc1_0.chunk_strategy,
        dc1_0.content,
        dc1_0.course_id,
        dc1_0.created_at,
        dc1_0.document_id,
        dc1_0.page_end,
        dc1_0.page_start,
        dc1_0.token_count,
        dc1_0.word_count,
        dc1_0.workspace_id 
    from
        document_chunks dc1_0 
    where
        dc1_0.document_id=? 
    order by
        dc1_0.chunk_index
Hibernate: 
    select
        cd1_0.document_id,
        cd1_0.chapter_id,
        cd1_0.course_id,
        cd1_0.document_title,
        cd1_0.error_message,
        cd1_0.file_path,
        cd1_0.file_size_bytes,
        cd1_0.file_type,
        cd1_0.language,
        cd1_0.mime_type,
        cd1_0.original_filename,
        cd1_0.processing_status,
        cd1_0.total_pages,
        cd1_0.updated_at,
        cd1_0.uploaded_at,
        cd1_0.uploaded_by,
        cd1_0.workspace_id 
    from
        course_documents cd1_0 
    where
        cd1_0.document_id=?
Hibernate: 
    select
        cd1_0.document_id,
        cd1_0.chapter_id,
        cd1_0.course_id,
        cd1_0.document_title,
        cd1_0.error_message,
        cd1_0.file_path,
        cd1_0.file_size_bytes,
        cd1_0.file_type,
        cd1_0.language,
        cd1_0.mime_type,
        cd1_0.original_filename,
        cd1_0.processing_status,
        cd1_0.total_pages,
        cd1_0.updated_at,
        cd1_0.uploaded_at,
        cd1_0.uploaded_by,
        cd1_0.workspace_id 
    from
        course_documents cd1_0 
    where
        cd1_0.document_id=?
Hibernate: 
    select
        cw1_0.workspace_id,
        cw1_0.course_id,
        cw1_0.created_at,
        cw1_0.description,
        cw1_0.is_active,
        cw1_0.owner_user_id,
        cw1_0.updated_at,
        cw1_0.visibility,
        cw1_0.workspace_title 
    from
        course_workspaces cw1_0 
    where
        cw1_0.is_active=1 
    order by
        cw1_0.created_at desc
Hibernate: 
    select
        cw1_0.workspace_id,
        cw1_0.course_id,
        cw1_0.created_at,
        cw1_0.description,
        cw1_0.is_active,
        cw1_0.owner_user_id,
        cw1_0.updated_at,
        cw1_0.visibility,
        cw1_0.workspace_title 
    from
        course_workspaces cw1_0 
    where
        cw1_0.is_active=1 
    order by
        cw1_0.created_at desc
Hibernate: 
    select
        cd1_0.document_id,
        cd1_0.chapter_id,
        cd1_0.course_id,
        cd1_0.document_title,
        cd1_0.error_message,
        cd1_0.file_path,
        cd1_0.file_size_bytes,
        cd1_0.file_type,
        cd1_0.language,
        cd1_0.mime_type,
        cd1_0.original_filename,
        cd1_0.processing_status,
        cd1_0.total_pages,
        cd1_0.updated_at,
        cd1_0.uploaded_at,
        cd1_0.uploaded_by,
        cd1_0.workspace_id 
    from
        course_documents cd1_0 
    where
        cd1_0.workspace_id=? 
    order by
        cd1_0.uploaded_at desc
Hibernate: 
    select
        cw1_0.workspace_id,
        cw1_0.course_id,
        cw1_0.created_at,
        cw1_0.description,
        cw1_0.is_active,
        cw1_0.owner_user_id,
        cw1_0.updated_at,
        cw1_0.visibility,
        cw1_0.workspace_title 
    from
        course_workspaces cw1_0 
    where
        cw1_0.is_active=1 
    order by
        cw1_0.created_at desc
Hibernate: 
    select
        count_big(*) 
    from
        course_documents cd1_0 
    where
        cd1_0.document_id=?
Hibernate: 
    select
        count_big(*) 
    from
        course_documents cd1_0 
    where
        cd1_0.document_id=?
Hibernate: 
    select
        dc1_0.chunk_id,
        dc1_0.chapter_id,
        dc1_0.char_count,
        dc1_0.chunk_index,
        dc1_0.chunk_overlap,
        dc1_0.chunk_size,
        dc1_0.chunk_strategy,
        dc1_0.content,
        dc1_0.course_id,
        dc1_0.created_at,
        dc1_0.document_id,
        dc1_0.page_end,
        dc1_0.page_start,
        dc1_0.token_count,
        dc1_0.word_count,
        dc1_0.workspace_id 
    from
        document_chunks dc1_0 
    where
        dc1_0.document_id=? 
    order by
        dc1_0.chunk_index
Hibernate: 
    select
        dc1_0.chunk_id,
        dc1_0.chapter_id,
        dc1_0.char_count,
        dc1_0.chunk_index,
        dc1_0.chunk_overlap,
        dc1_0.chunk_size,
        dc1_0.chunk_strategy,
        dc1_0.content,
        dc1_0.course_id,
        dc1_0.created_at,
        dc1_0.document_id,
        dc1_0.page_end,
        dc1_0.page_start,
        dc1_0.token_count,
        dc1_0.word_count,
        dc1_0.workspace_id 
    from
        document_chunks dc1_0 
    where
        dc1_0.document_id=? 
    order by
        dc1_0.chunk_index
Hibernate: 
    select
        cd1_0.document_id,
        cd1_0.chapter_id,
        cd1_0.course_id,
        cd1_0.document_title,
        cd1_0.error_message,
        cd1_0.file_path,
        cd1_0.file_size_bytes,
        cd1_0.file_type,
        cd1_0.language,
        cd1_0.mime_type,
        cd1_0.original_filename,
        cd1_0.processing_status,
        cd1_0.total_pages,
        cd1_0.updated_at,
        cd1_0.uploaded_at,
        cd1_0.uploaded_by,
        cd1_0.workspace_id 
    from
        course_documents cd1_0 
    where
        cd1_0.workspace_id=? 
    order by
        cd1_0.uploaded_at desc
Hibernate: 
    select
        count_big(*) 
    from
        course_documents cd1_0 
    where
        cd1_0.document_id=?
Hibernate: 
    select
        count_big(*) 
    from
        course_documents cd1_0 
    where
        cd1_0.document_id=?
Hibernate: 
    select
        dc1_0.chunk_id,
        dc1_0.chapter_id,
        dc1_0.char_count,
        dc1_0.chunk_index,
        dc1_0.chunk_overlap,
        dc1_0.chunk_size,
        dc1_0.chunk_strategy,
        dc1_0.content,
        dc1_0.course_id,
        dc1_0.created_at,
        dc1_0.document_id,
        dc1_0.page_end,
        dc1_0.page_start,
        dc1_0.token_count,
        dc1_0.word_count,
        dc1_0.workspace_id 
    from
        document_chunks dc1_0 
    where
        dc1_0.document_id=? 
    order by
        dc1_0.chunk_index
Hibernate: 
    select
        dc1_0.chunk_id,
        dc1_0.chapter_id,
        dc1_0.char_count,
        dc1_0.chunk_index,
        dc1_0.chunk_overlap,
        dc1_0.chunk_size,
        dc1_0.chunk_strategy,
        dc1_0.content,
        dc1_0.course_id,
        dc1_0.created_at,
        dc1_0.document_id,
        dc1_0.page_end,
        dc1_0.page_start,
        dc1_0.token_count,
        dc1_0.word_count,
        dc1_0.workspace_id 
    from
        document_chunks dc1_0 
    where
        dc1_0.document_id=? 
    order by
        dc1_0.chunk_index
Hibernate: 
    select
        cw1_0.workspace_id,
        cw1_0.course_id,
        cw1_0.created_at,
        cw1_0.description,
        cw1_0.is_active,
        cw1_0.owner_user_id,
        cw1_0.updated_at,
        cw1_0.visibility,
        cw1_0.workspace_title 
    from
        course_workspaces cw1_0 
    where
        cw1_0.is_active=1 
    order by
        cw1_0.created_at desc
Hibernate: 
    select
        cw1_0.workspace_id,
        cw1_0.course_id,
        cw1_0.created_at,
        cw1_0.description,
        cw1_0.is_active,
        cw1_0.owner_user_id,
        cw1_0.updated_at,
        cw1_0.visibility,
        cw1_0.workspace_title 
    from
        course_workspaces cw1_0 
    where
        cw1_0.is_active=1 
    order by
        cw1_0.created_at desc
Hibernate: 
    select
        cd1_0.document_id,
        cd1_0.chapter_id,
        cd1_0.course_id,
        cd1_0.document_title,
        cd1_0.error_message,
        cd1_0.file_path,
        cd1_0.file_size_bytes,
        cd1_0.file_type,
        cd1_0.language,
        cd1_0.mime_type,
        cd1_0.original_filename,
        cd1_0.processing_status,
        cd1_0.total_pages,
        cd1_0.updated_at,
        cd1_0.uploaded_at,
        cd1_0.uploaded_by,
        cd1_0.workspace_id 
    from
        course_documents cd1_0 
    where
        cd1_0.workspace_id=? 
    order by
        cd1_0.uploaded_at desc
Hibernate: 
    select
        cw1_0.workspace_id,
        cw1_0.course_id,
        cw1_0.created_at,
        cw1_0.description,
        cw1_0.is_active,
        cw1_0.owner_user_id,
        cw1_0.updated_at,
        cw1_0.visibility,
        cw1_0.workspace_title 
    from
        course_workspaces cw1_0 
    where
        cw1_0.is_active=1 
    order by
        cw1_0.created_at desc
Hibernate: 
    select
        count_big(*) 
    from
        course_documents cd1_0 
    where
        cd1_0.document_id=?
Hibernate: 
    select
        cd1_0.document_id,
        cd1_0.chapter_id,
        cd1_0.course_id,
        cd1_0.document_title,
        cd1_0.error_message,
        cd1_0.file_path,
        cd1_0.file_size_bytes,
        cd1_0.file_type,
        cd1_0.language,
        cd1_0.mime_type,
        cd1_0.original_filename,
        cd1_0.processing_status,
        cd1_0.total_pages,
        cd1_0.updated_at,
        cd1_0.uploaded_at,
        cd1_0.uploaded_by,
        cd1_0.workspace_id 
    from
        course_documents cd1_0 
    where
        cd1_0.workspace_id=? 
    order by
        cd1_0.uploaded_at desc
Hibernate: 
    select
        count_big(*) 
    from
        course_documents cd1_0 
    where
        cd1_0.document_id=?
Hibernate: 
    select
        dc1_0.chunk_id,
        dc1_0.chapter_id,
        dc1_0.char_count,
        dc1_0.chunk_index,
        dc1_0.chunk_overlap,
        dc1_0.chunk_size,
        dc1_0.chunk_strategy,
        dc1_0.content,
        dc1_0.course_id,
        dc1_0.created_at,
        dc1_0.document_id,
        dc1_0.page_end,
        dc1_0.page_start,
        dc1_0.token_count,
        dc1_0.word_count,
        dc1_0.workspace_id 
    from
        document_chunks dc1_0 
    where
        dc1_0.document_id=? 
    order by
        dc1_0.chunk_index
Hibernate: 
    select
        dc1_0.chunk_id,
        dc1_0.chapter_id,
        dc1_0.char_count,
        dc1_0.chunk_index,
        dc1_0.chunk_overlap,
        dc1_0.chunk_size,
        dc1_0.chunk_strategy,
        dc1_0.content,
        dc1_0.course_id,
        dc1_0.created_at,
        dc1_0.document_id,
        dc1_0.page_end,
        dc1_0.page_start,
        dc1_0.token_count,
        dc1_0.word_count,
        dc1_0.workspace_id 
    from
        document_chunks dc1_0 
    where
        dc1_0.document_id=? 
    order by
        dc1_0.chunk_index
Hibernate: 
    select
        count_big(*) 
    from
        course_documents cd1_0 
    where
        cd1_0.document_id=?
Hibernate: 
    select
        count_big(*) 
    from
        course_documents cd1_0 
    where
        cd1_0.document_id=?
Hibernate: 
    select
        dc1_0.chunk_id,
        dc1_0.chapter_id,
        dc1_0.char_count,
        dc1_0.chunk_index,
        dc1_0.chunk_overlap,
        dc1_0.chunk_size,
        dc1_0.chunk_strategy,
        dc1_0.content,
        dc1_0.course_id,
        dc1_0.created_at,
        dc1_0.document_id,
        dc1_0.page_end,
        dc1_0.page_start,
        dc1_0.token_count,
        dc1_0.word_count,
        dc1_0.workspace_id 
    from
        document_chunks dc1_0 
    where
        dc1_0.document_id=? 
    order by
        dc1_0.chunk_index
Hibernate: 
    select
        dc1_0.chunk_id,
        dc1_0.chapter_id,
        dc1_0.char_count,
        dc1_0.chunk_index,
        dc1_0.chunk_overlap,
        dc1_0.chunk_size,
        dc1_0.chunk_strategy,
        dc1_0.content,
        dc1_0.course_id,
        dc1_0.created_at,
        dc1_0.document_id,
        dc1_0.page_end,
        dc1_0.page_start,
        dc1_0.token_count,
        dc1_0.word_count,
        dc1_0.workspace_id 
    from
        document_chunks dc1_0 
    where
        dc1_0.document_id=? 
    order by
        dc1_0.chunk_index
Hibernate: 
    select
        cd1_0.document_id,
        cd1_0.chapter_id,
        cd1_0.course_id,
        cd1_0.document_title,
        cd1_0.error_message,
        cd1_0.file_path,
        cd1_0.file_size_bytes,
        cd1_0.file_type,
        cd1_0.language,
        cd1_0.mime_type,
        cd1_0.original_filename,
        cd1_0.processing_status,
        cd1_0.total_pages,
        cd1_0.updated_at,
        cd1_0.uploaded_at,
        cd1_0.uploaded_by,
        cd1_0.workspace_id 
    from
        course_documents cd1_0 
    where
        cd1_0.document_id=?
Hibernate: 
    select
        count_big(*) 
    from
        course_documents cd1_0 
    where
        cd1_0.document_id=?
Hibernate: 
    select
        dc1_0.chunk_id,
        dc1_0.chapter_id,
        dc1_0.char_count,
        dc1_0.chunk_index,
        dc1_0.chunk_overlap,
        dc1_0.chunk_size,
        dc1_0.chunk_strategy,
        dc1_0.content,
        dc1_0.course_id,
        dc1_0.created_at,
        dc1_0.document_id,
        dc1_0.page_end,
        dc1_0.page_start,
        dc1_0.token_count,
        dc1_0.word_count,
        dc1_0.workspace_id 
    from
        document_chunks dc1_0 
    where
        dc1_0.document_id=? 
    order by
        dc1_0.chunk_index
Hibernate: 
    select
        cd1_0.document_id,
        cd1_0.chapter_id,
        cd1_0.course_id,
        cd1_0.document_title,
        cd1_0.error_message,
        cd1_0.file_path,
        cd1_0.file_size_bytes,
        cd1_0.file_type,
        cd1_0.language,
        cd1_0.mime_type,
        cd1_0.original_filename,
        cd1_0.processing_status,
        cd1_0.total_pages,
        cd1_0.updated_at,
        cd1_0.uploaded_at,
        cd1_0.uploaded_by,
        cd1_0.workspace_id 
    from
        course_documents cd1_0 
    where
        cd1_0.document_id=?
Hibernate: 
    select
        count_big(*) 
    from
        course_documents cd1_0 
    where
        cd1_0.document_id=?
Hibernate: 
    select
        dc1_0.chunk_id,
        dc1_0.chapter_id,
        dc1_0.char_count,
        dc1_0.chunk_index,
        dc1_0.chunk_overlap,
        dc1_0.chunk_size,
        dc1_0.chunk_strategy,
        dc1_0.content,
        dc1_0.course_id,
        dc1_0.created_at,
        dc1_0.document_id,
        dc1_0.page_end,
        dc1_0.page_start,
        dc1_0.token_count,
        dc1_0.word_count,
        dc1_0.workspace_id 
    from
        document_chunks dc1_0 
    where
        dc1_0.document_id=? 
    order by
        dc1_0.chunk_index
Hibernate: 
    select
        cw1_0.workspace_id,
        cw1_0.course_id,
        cw1_0.created_at,
        cw1_0.description,
        cw1_0.is_active,
        cw1_0.owner_user_id,
        cw1_0.updated_at,
        cw1_0.visibility,
        cw1_0.workspace_title 
    from
        course_workspaces cw1_0 
    where
        cw1_0.is_active=1 
    order by
        cw1_0.created_at desc
Hibernate: 
    select
        cw1_0.workspace_id,
        cw1_0.course_id,
        cw1_0.created_at,
        cw1_0.description,
        cw1_0.is_active,
        cw1_0.owner_user_id,
        cw1_0.updated_at,
        cw1_0.visibility,
        cw1_0.workspace_title 
    from
        course_workspaces cw1_0 
    where
        cw1_0.is_active=1 
    order by
        cw1_0.created_at desc
Hibernate: 
    select
        cd1_0.document_id,
        cd1_0.chapter_id,
        cd1_0.course_id,
        cd1_0.document_title,
        cd1_0.error_message,
        cd1_0.file_path,
        cd1_0.file_size_bytes,
        cd1_0.file_type,
        cd1_0.language,
        cd1_0.mime_type,
        cd1_0.original_filename,
        cd1_0.processing_status,
        cd1_0.total_pages,
        cd1_0.updated_at,
        cd1_0.uploaded_at,
        cd1_0.uploaded_by,
        cd1_0.workspace_id 
    from
        course_documents cd1_0 
    where
        cd1_0.workspace_id=? 
    order by
        cd1_0.uploaded_at desc
Hibernate: 
    select
        cw1_0.workspace_id,
        cw1_0.course_id,
        cw1_0.created_at,
        cw1_0.description,
        cw1_0.is_active,
        cw1_0.owner_user_id,
        cw1_0.updated_at,
        cw1_0.visibility,
        cw1_0.workspace_title 
    from
        course_workspaces cw1_0 
    where
        cw1_0.is_active=1 
    order by
        cw1_0.created_at desc
Hibernate: 
    select
        count_big(*) 
    from
        course_documents cd1_0 
    where
        cd1_0.document_id=?
Hibernate: 
    select
        count_big(*) 
    from
        course_documents cd1_0 
    where
        cd1_0.document_id=?
Hibernate: 
    select
        cd1_0.document_id,
        cd1_0.chapter_id,
        cd1_0.course_id,
        cd1_0.document_title,
        cd1_0.error_message,
        cd1_0.file_path,
        cd1_0.file_size_bytes,
        cd1_0.file_type,
        cd1_0.language,
        cd1_0.mime_type,
        cd1_0.original_filename,
        cd1_0.processing_status,
        cd1_0.total_pages,
        cd1_0.updated_at,
        cd1_0.uploaded_at,
        cd1_0.uploaded_by,
        cd1_0.workspace_id 
    from
        course_documents cd1_0 
    where
        cd1_0.workspace_id=? 
    order by
        cd1_0.uploaded_at desc
Hibernate: 
    select
        dc1_0.chunk_id,
        dc1_0.chapter_id,
        dc1_0.char_count,
        dc1_0.chunk_index,
        dc1_0.chunk_overlap,
        dc1_0.chunk_size,
        dc1_0.chunk_strategy,
        dc1_0.content,
        dc1_0.course_id,
        dc1_0.created_at,
        dc1_0.document_id,
        dc1_0.page_end,
        dc1_0.page_start,
        dc1_0.token_count,
        dc1_0.word_count,
        dc1_0.workspace_id 
    from
        document_chunks dc1_0 
    where
        dc1_0.document_id=? 
    order by
        dc1_0.chunk_index
Hibernate: 
    select
        dc1_0.chunk_id,
        dc1_0.chapter_id,
        dc1_0.char_count,
        dc1_0.chunk_index,
        dc1_0.chunk_overlap,
        dc1_0.chunk_size,
        dc1_0.chunk_strategy,
        dc1_0.content,
        dc1_0.course_id,
        dc1_0.created_at,
        dc1_0.document_id,
        dc1_0.page_end,
        dc1_0.page_start,
        dc1_0.token_count,
        dc1_0.word_count,
        dc1_0.workspace_id 
    from
        document_chunks dc1_0 
    where
        dc1_0.document_id=? 
    order by
        dc1_0.chunk_index
Hibernate: 
    select
        count_big(*) 
    from
        course_documents cd1_0 
    where
        cd1_0.document_id=?
Hibernate: 
    select
        count_big(*) 
    from
        course_documents cd1_0 
    where
        cd1_0.document_id=?
Hibernate: 
    select
        dc1_0.chunk_id,
        dc1_0.chapter_id,
        dc1_0.char_count,
        dc1_0.chunk_index,
        dc1_0.chunk_overlap,
        dc1_0.chunk_size,
        dc1_0.chunk_strategy,
        dc1_0.content,
        dc1_0.course_id,
        dc1_0.created_at,
        dc1_0.document_id,
        dc1_0.page_end,
        dc1_0.page_start,
        dc1_0.token_count,
        dc1_0.word_count,
        dc1_0.workspace_id 
    from
        document_chunks dc1_0 
    where
        dc1_0.document_id=? 
    order by
        dc1_0.chunk_index
Hibernate: 
    select
        dc1_0.chunk_id,
        dc1_0.chapter_id,
        dc1_0.char_count,
        dc1_0.chunk_index,
        dc1_0.chunk_overlap,
        dc1_0.chunk_size,
        dc1_0.chunk_strategy,
        dc1_0.content,
        dc1_0.course_id,
        dc1_0.created_at,
        dc1_0.document_id,
        dc1_0.page_end,
        dc1_0.page_start,
        dc1_0.token_count,
        dc1_0.word_count,
        dc1_0.workspace_id 
    from
        document_chunks dc1_0 
    where
        dc1_0.document_id=? 
    order by
        dc1_0.chunk_index
Hibernate: 
    select
        cd1_0.document_id,
        cd1_0.chapter_id,
        cd1_0.course_id,
        cd1_0.document_title,
        cd1_0.error_message,
        cd1_0.file_path,
        cd1_0.file_size_bytes,
        cd1_0.file_type,
        cd1_0.language,
        cd1_0.mime_type,
        cd1_0.original_filename,
        cd1_0.processing_status,
        cd1_0.total_pages,
        cd1_0.updated_at,
        cd1_0.uploaded_at,
        cd1_0.uploaded_by,
        cd1_0.workspace_id 
    from
        course_documents cd1_0 
    where
        cd1_0.document_id=?
Hibernate: 
    select
        count_big(*) 
    from
        course_documents cd1_0 
    where
        cd1_0.document_id=?
Hibernate: 
    select
        dc1_0.chunk_id,
        dc1_0.chapter_id,
        dc1_0.char_count,
        dc1_0.chunk_index,
        dc1_0.chunk_overlap,
        dc1_0.chunk_size,
        dc1_0.chunk_strategy,
        dc1_0.content,
        dc1_0.course_id,
        dc1_0.created_at,
        dc1_0.document_id,
        dc1_0.page_end,
        dc1_0.page_start,
        dc1_0.token_count,
        dc1_0.word_count,
        dc1_0.workspace_id 
    from
        document_chunks dc1_0 
    where
        dc1_0.document_id=? 
    order by
        dc1_0.chunk_index
Hibernate: 
    select
        cd1_0.document_id,
        cd1_0.chapter_id,
        cd1_0.course_id,
        cd1_0.document_title,
        cd1_0.error_message,
        cd1_0.file_path,
        cd1_0.file_size_bytes,
        cd1_0.file_type,
        cd1_0.language,
        cd1_0.mime_type,
        cd1_0.original_filename,
        cd1_0.processing_status,
        cd1_0.total_pages,
        cd1_0.updated_at,
        cd1_0.uploaded_at,
        cd1_0.uploaded_by,
        cd1_0.workspace_id 
    from
        course_documents cd1_0 
    where
        cd1_0.document_id=?
Hibernate: 
    select
        count_big(*) 
    from
        course_documents cd1_0 
    where
        cd1_0.document_id=?
Hibernate: 
    select
        dc1_0.chunk_id,
        dc1_0.chapter_id,
        dc1_0.char_count,
        dc1_0.chunk_index,
        dc1_0.chunk_overlap,
        dc1_0.chunk_size,
        dc1_0.chunk_strategy,
        dc1_0.content,
        dc1_0.course_id,
        dc1_0.created_at,
        dc1_0.document_id,
        dc1_0.page_end,
        dc1_0.page_start,
        dc1_0.token_count,
        dc1_0.word_count,
        dc1_0.workspace_id 
    from
        document_chunks dc1_0 
    where
        dc1_0.document_id=? 
    order by
        dc1_0.chunk_index
Hibernate: 
    select
        cd1_0.document_id,
        cd1_0.chapter_id,
        cd1_0.course_id,
        cd1_0.document_title,
        cd1_0.error_message,
        cd1_0.file_path,
        cd1_0.file_size_bytes,
        cd1_0.file_type,
        cd1_0.language,
        cd1_0.mime_type,
        cd1_0.original_filename,
        cd1_0.processing_status,
        cd1_0.total_pages,
        cd1_0.updated_at,
        cd1_0.uploaded_at,
        cd1_0.uploaded_by,
        cd1_0.workspace_id 
    from
        course_documents cd1_0 
    where
        cd1_0.document_id=?
Hibernate: 
    select
        cw1_0.workspace_id,
        cw1_0.course_id,
        cw1_0.created_at,
        cw1_0.description,
        cw1_0.is_active,
        cw1_0.owner_user_id,
        cw1_0.updated_at,
        cw1_0.visibility,
        cw1_0.workspace_title 
    from
        course_workspaces cw1_0 
    where
        cw1_0.is_active=1 
    order by
        cw1_0.created_at desc
Hibernate: 
    select
        cw1_0.workspace_id,
        cw1_0.course_id,
        cw1_0.created_at,
        cw1_0.description,
        cw1_0.is_active,
        cw1_0.owner_user_id,
        cw1_0.updated_at,
        cw1_0.visibility,
        cw1_0.workspace_title 
    from
        course_workspaces cw1_0 
    where
        cw1_0.is_active=1 
    order by
        cw1_0.created_at desc
Hibernate: 
    select
        cd1_0.document_id,
        cd1_0.chapter_id,
        cd1_0.course_id,
        cd1_0.document_title,
        cd1_0.error_message,
        cd1_0.file_path,
        cd1_0.file_size_bytes,
        cd1_0.file_type,
        cd1_0.language,
        cd1_0.mime_type,
        cd1_0.original_filename,
        cd1_0.processing_status,
        cd1_0.total_pages,
        cd1_0.updated_at,
        cd1_0.uploaded_at,
        cd1_0.uploaded_by,
        cd1_0.workspace_id 
    from
        course_documents cd1_0 
    where
        cd1_0.workspace_id=? 
    order by
        cd1_0.uploaded_at desc
Hibernate: 
    select
        cw1_0.workspace_id,
        cw1_0.course_id,
        cw1_0.created_at,
        cw1_0.description,
        cw1_0.is_active,
        cw1_0.owner_user_id,
        cw1_0.updated_at,
        cw1_0.visibility,
        cw1_0.workspace_title 
    from
        course_workspaces cw1_0 
    where
        cw1_0.is_active=1 
    order by
        cw1_0.created_at desc
Hibernate: 
    select
        cd1_0.document_id,
        cd1_0.chapter_id,
        cd1_0.course_id,
        cd1_0.document_title,
        cd1_0.error_message,
        cd1_0.file_path,
        cd1_0.file_size_bytes,
        cd1_0.file_type,
        cd1_0.language,
        cd1_0.mime_type,
        cd1_0.original_filename,
        cd1_0.processing_status,
        cd1_0.total_pages,
        cd1_0.updated_at,
        cd1_0.uploaded_at,
        cd1_0.uploaded_by,
        cd1_0.workspace_id 
    from
        course_documents cd1_0 
    where
        cd1_0.workspace_id=? 
    order by
        cd1_0.uploaded_at desc
Hibernate: 
    select
        count_big(*) 
    from
        course_documents cd1_0 
    where
        cd1_0.document_id=?
Hibernate: 
    select
        count_big(*) 
    from
        course_documents cd1_0 
    where
        cd1_0.document_id=?
Hibernate: 
    select
        dc1_0.chunk_id,
        dc1_0.chapter_id,
        dc1_0.char_count,
        dc1_0.chunk_index,
        dc1_0.chunk_overlap,
        dc1_0.chunk_size,
        dc1_0.chunk_strategy,
        dc1_0.content,
        dc1_0.course_id,
        dc1_0.created_at,
        dc1_0.document_id,
        dc1_0.page_end,
        dc1_0.page_start,
        dc1_0.token_count,
        dc1_0.word_count,
        dc1_0.workspace_id 
    from
        document_chunks dc1_0 
    where
        dc1_0.document_id=? 
    order by
        dc1_0.chunk_index
Hibernate: 
    select
        dc1_0.chunk_id,
        dc1_0.chapter_id,
        dc1_0.char_count,
        dc1_0.chunk_index,
        dc1_0.chunk_overlap,
        dc1_0.chunk_size,
        dc1_0.chunk_strategy,
        dc1_0.content,
        dc1_0.course_id,
        dc1_0.created_at,
        dc1_0.document_id,
        dc1_0.page_end,
        dc1_0.page_start,
        dc1_0.token_count,
        dc1_0.word_count,
        dc1_0.workspace_id 
    from
        document_chunks dc1_0 
    where
        dc1_0.document_id=? 
    order by
        dc1_0.chunk_index
Hibernate: 
    select
        count_big(*) 
    from
        course_documents cd1_0 
    where
        cd1_0.document_id=?
Hibernate: 
    select
        count_big(*) 
    from
        course_documents cd1_0 
    where
        cd1_0.document_id=?
Hibernate: 
    select
        dc1_0.chunk_id,
        dc1_0.chapter_id,
        dc1_0.char_count,
        dc1_0.chunk_index,
        dc1_0.chunk_overlap,
        dc1_0.chunk_size,
        dc1_0.chunk_strategy,
        dc1_0.content,
        dc1_0.course_id,
        dc1_0.created_at,
        dc1_0.document_id,
        dc1_0.page_end,
        dc1_0.page_start,
        dc1_0.token_count,
        dc1_0.word_count,
        dc1_0.workspace_id 
    from
        document_chunks dc1_0 
    where
        dc1_0.document_id=? 
    order by
        dc1_0.chunk_index
Hibernate: 
    select
        dc1_0.chunk_id,
        dc1_0.chapter_id,
        dc1_0.char_count,
        dc1_0.chunk_index,
        dc1_0.chunk_overlap,
        dc1_0.chunk_size,
        dc1_0.chunk_strategy,
        dc1_0.content,
        dc1_0.course_id,
        dc1_0.created_at,
        dc1_0.document_id,
        dc1_0.page_end,
        dc1_0.page_start,
        dc1_0.token_count,
        dc1_0.word_count,
        dc1_0.workspace_id 
    from
        document_chunks dc1_0 
    where
        dc1_0.document_id=? 
    order by
        dc1_0.chunk_index
Hibernate: 
    select
        count_big(*) 
    from
        course_documents cd1_0 
    where
        cd1_0.document_id=?
Hibernate: 
    select
        cd1_0.document_id,
        cd1_0.chapter_id,
        cd1_0.course_id,
        cd1_0.document_title,
        cd1_0.error_message,
        cd1_0.file_path,
        cd1_0.file_size_bytes,
        cd1_0.file_type,
        cd1_0.language,
        cd1_0.mime_type,
        cd1_0.original_filename,
        cd1_0.processing_status,
        cd1_0.total_pages,
        cd1_0.updated_at,
        cd1_0.uploaded_at,
        cd1_0.uploaded_by,
        cd1_0.workspace_id 
    from
        course_documents cd1_0 
    where
        cd1_0.document_id=?
Hibernate: 
    select
        dc1_0.chunk_id,
        dc1_0.chapter_id,
        dc1_0.char_count,
        dc1_0.chunk_index,
        dc1_0.chunk_overlap,
        dc1_0.chunk_size,
        dc1_0.chunk_strategy,
        dc1_0.content,
        dc1_0.course_id,
        dc1_0.created_at,
        dc1_0.document_id,
        dc1_0.page_end,
        dc1_0.page_start,
        dc1_0.token_count,
        dc1_0.word_count,
        dc1_0.workspace_id 
    from
        document_chunks dc1_0 
    where
        dc1_0.document_id=? 
    order by
        dc1_0.chunk_index
Hibernate: 
    select
        cd1_0.document_id,
        cd1_0.chapter_id,
        cd1_0.course_id,
        cd1_0.document_title,
        cd1_0.error_message,
        cd1_0.file_path,
        cd1_0.file_size_bytes,
        cd1_0.file_type,
        cd1_0.language,
        cd1_0.mime_type,
        cd1_0.original_filename,
        cd1_0.processing_status,
        cd1_0.total_pages,
        cd1_0.updated_at,
        cd1_0.uploaded_at,
        cd1_0.uploaded_by,
        cd1_0.workspace_id 
    from
        course_documents cd1_0 
    where
        cd1_0.document_id=?
Hibernate: 
    select
        count_big(*) 
    from
        course_documents cd1_0 
    where
        cd1_0.document_id=?
Hibernate: 
    select
        dc1_0.chunk_id,
        dc1_0.chapter_id,
        dc1_0.char_count,
        dc1_0.chunk_index,
        dc1_0.chunk_overlap,
        dc1_0.chunk_size,
        dc1_0.chunk_strategy,
        dc1_0.content,
        dc1_0.course_id,
        dc1_0.created_at,
        dc1_0.document_id,
        dc1_0.page_end,
        dc1_0.page_start,
        dc1_0.token_count,
        dc1_0.word_count,
        dc1_0.workspace_id 
    from
        document_chunks dc1_0 
    where
        dc1_0.document_id=? 
    order by
        dc1_0.chunk_index
Hibernate: 
    select
        cd1_0.document_id,
        cd1_0.chapter_id,
        cd1_0.course_id,
        cd1_0.document_title,
        cd1_0.error_message,
        cd1_0.file_path,
        cd1_0.file_size_bytes,
        cd1_0.file_type,
        cd1_0.language,
        cd1_0.mime_type,
        cd1_0.original_filename,
        cd1_0.processing_status,
        cd1_0.total_pages,
        cd1_0.updated_at,
        cd1_0.uploaded_at,
        cd1_0.uploaded_by,
        cd1_0.workspace_id 
    from
        course_documents cd1_0 
    where
        cd1_0.document_id=?
Hibernate: 
    select
        cw1_0.workspace_id,
        cw1_0.course_id,
        cw1_0.created_at,
        cw1_0.description,
        cw1_0.is_active,
        cw1_0.owner_user_id,
        cw1_0.updated_at,
        cw1_0.visibility,
        cw1_0.workspace_title 
    from
        course_workspaces cw1_0 
    where
        cw1_0.is_active=1 
    order by
        cw1_0.created_at desc
Hibernate: 
    select
        cw1_0.workspace_id,
        cw1_0.course_id,
        cw1_0.created_at,
        cw1_0.description,
        cw1_0.is_active,
        cw1_0.owner_user_id,
        cw1_0.updated_at,
        cw1_0.visibility,
        cw1_0.workspace_title 
    from
        course_workspaces cw1_0 
    where
        cw1_0.is_active=1 
    order by
        cw1_0.created_at desc
Hibernate: 
    select
        cd1_0.document_id,
        cd1_0.chapter_id,
        cd1_0.course_id,
        cd1_0.document_title,
        cd1_0.error_message,
        cd1_0.file_path,
        cd1_0.file_size_bytes,
        cd1_0.file_type,
        cd1_0.language,
        cd1_0.mime_type,
        cd1_0.original_filename,
        cd1_0.processing_status,
        cd1_0.total_pages,
        cd1_0.updated_at,
        cd1_0.uploaded_at,
        cd1_0.uploaded_by,
        cd1_0.workspace_id 
    from
        course_documents cd1_0 
    where
        cd1_0.workspace_id=? 
    order by
        cd1_0.uploaded_at desc
Hibernate: 
    select
        cw1_0.workspace_id,
        cw1_0.course_id,
        cw1_0.created_at,
        cw1_0.description,
        cw1_0.is_active,
        cw1_0.owner_user_id,
        cw1_0.updated_at,
        cw1_0.visibility,
        cw1_0.workspace_title 
    from
        course_workspaces cw1_0 
    where
        cw1_0.is_active=1 
    order by
        cw1_0.created_at desc
Hibernate: 
    select
        cd1_0.document_id,
        cd1_0.chapter_id,
        cd1_0.course_id,
        cd1_0.document_title,
        cd1_0.error_message,
        cd1_0.file_path,
        cd1_0.file_size_bytes,
        cd1_0.file_type,
        cd1_0.language,
        cd1_0.mime_type,
        cd1_0.original_filename,
        cd1_0.processing_status,
        cd1_0.total_pages,
        cd1_0.updated_at,
        cd1_0.uploaded_at,
        cd1_0.uploaded_by,
        cd1_0.workspace_id 
    from
        course_documents cd1_0 
    where
        cd1_0.workspace_id=? 
    order by
        cd1_0.uploaded_at desc
Hibernate: 
    select
        count_big(*) 
    from
        course_documents cd1_0 
    where
        cd1_0.document_id=?
Hibernate: 
    select
        count_big(*) 
    from
        course_documents cd1_0 
    where
        cd1_0.document_id=?
Hibernate: 
    select
        dc1_0.chunk_id,
        dc1_0.chapter_id,
        dc1_0.char_count,
        dc1_0.chunk_index,
        dc1_0.chunk_overlap,
        dc1_0.chunk_size,
        dc1_0.chunk_strategy,
        dc1_0.content,
        dc1_0.course_id,
        dc1_0.created_at,
        dc1_0.document_id,
        dc1_0.page_end,
        dc1_0.page_start,
        dc1_0.token_count,
        dc1_0.word_count,
        dc1_0.workspace_id 
    from
        document_chunks dc1_0 
    where
        dc1_0.document_id=? 
    order by
        dc1_0.chunk_index
Hibernate: 
    select
        dc1_0.chunk_id,
        dc1_0.chapter_id,
        dc1_0.char_count,
        dc1_0.chunk_index,
        dc1_0.chunk_overlap,
        dc1_0.chunk_size,
        dc1_0.chunk_strategy,
        dc1_0.content,
        dc1_0.course_id,
        dc1_0.created_at,
        dc1_0.document_id,
        dc1_0.page_end,
        dc1_0.page_start,
        dc1_0.token_count,
        dc1_0.word_count,
        dc1_0.workspace_id 
    from
        document_chunks dc1_0 
    where
        dc1_0.document_id=? 
    order by
        dc1_0.chunk_index
Hibernate: 
    select
        count_big(*) 
    from
        course_documents cd1_0 
    where
        cd1_0.document_id=?
Hibernate: 
    select
        count_big(*) 
    from
        course_documents cd1_0 
    where
        cd1_0.document_id=?
Hibernate: 
    select
        dc1_0.chunk_id,
        dc1_0.chapter_id,
        dc1_0.char_count,
        dc1_0.chunk_index,
        dc1_0.chunk_overlap,
        dc1_0.chunk_size,
        dc1_0.chunk_strategy,
        dc1_0.content,
        dc1_0.course_id,
        dc1_0.created_at,
        dc1_0.document_id,
        dc1_0.page_end,
        dc1_0.page_start,
        dc1_0.token_count,
        dc1_0.word_count,
        dc1_0.workspace_id 
    from
        document_chunks dc1_0 
    where
        dc1_0.document_id=? 
    order by
        dc1_0.chunk_index
Hibernate: 
    select
        dc1_0.chunk_id,
        dc1_0.chapter_id,
        dc1_0.char_count,
        dc1_0.chunk_index,
        dc1_0.chunk_overlap,
        dc1_0.chunk_size,
        dc1_0.chunk_strategy,
        dc1_0.content,
        dc1_0.course_id,
        dc1_0.created_at,
        dc1_0.document_id,
        dc1_0.page_end,
        dc1_0.page_start,
        dc1_0.token_count,
        dc1_0.word_count,
        dc1_0.workspace_id 
    from
        document_chunks dc1_0 
    where
        dc1_0.document_id=? 
    order by
        dc1_0.chunk_index
Hibernate: 
    select
        u1_0.user_id,
        u1_0.avatar_url,
        u1_0.created_at,
        u1_0.email,
        u1_0.full_name,
        u1_0.is_active,
        u1_0.last_login_at,
        u1_0.last_logout_at,
        u1_0.password_hash,
        u1_0.updated_at 
    from
        users u1_0 
    where
        u1_0.user_id=?
Hibernate: 
    update
        users 
    set
        avatar_url=?,
        created_at=?,
        email=?,
        full_name=?,
        is_active=?,
        last_login_at=?,
        last_logout_at=?,
        password_hash=?,
        updated_at=? 
    where
        user_id=?
Hibernate: 
    select
        u1_0.user_id,
        u1_0.avatar_url,
        u1_0.created_at,
        u1_0.email,
        u1_0.full_name,
        u1_0.is_active,
        u1_0.last_login_at,
        u1_0.last_logout_at,
        u1_0.password_hash,
        u1_0.updated_at 
    from
        users u1_0 
    where
        u1_0.email=?
Hibernate: 
    update
        users 
    set
        avatar_url=?,
        created_at=?,
        email=?,
        full_name=?,
        is_active=?,
        last_login_at=?,
        last_logout_at=?,
        password_hash=?,
        updated_at=? 
    where
        user_id=?
Hibernate: 
    select
        ur1_0.user_role_id,
        ur1_0.assigned_at,
        ur1_0.is_active,
        ur1_0.permission_json,
        ur1_0.role_name,
        ur1_0.user_id 
    from
        user_roles ur1_0 
    where
        ur1_0.user_id=? 
        and ur1_0.is_active=1
Hibernate: 
    select
        u1_0.user_id,
        u1_0.avatar_url,
        u1_0.created_at,
        u1_0.email,
        u1_0.full_name,
        u1_0.is_active,
        u1_0.last_login_at,
        u1_0.last_logout_at,
        u1_0.password_hash,
        u1_0.updated_at 
    from
        users u1_0 
    where
        u1_0.user_id=?
Hibernate: 
    update
        users 
    set
        avatar_url=?,
        created_at=?,
        email=?,
        full_name=?,
        is_active=?,
        last_login_at=?,
        last_logout_at=?,
        password_hash=?,
        updated_at=? 
    where
        user_id=?
Hibernate: 
    select
        u1_0.user_id,
        u1_0.avatar_url,
        u1_0.created_at,
        u1_0.email,
        u1_0.full_name,
        u1_0.is_active,
        u1_0.last_login_at,
        u1_0.last_logout_at,
        u1_0.password_hash,
        u1_0.updated_at 
    from
        users u1_0 
    where
        u1_0.email=?
Hibernate: 
    update
        users 
    set
        avatar_url=?,
        created_at=?,
        email=?,
        full_name=?,
        is_active=?,
        last_login_at=?,
        last_logout_at=?,
        password_hash=?,
        updated_at=? 
    where
        user_id=?
Hibernate: 
    select
        ur1_0.user_role_id,
        ur1_0.assigned_at,
        ur1_0.is_active,
        ur1_0.permission_json,
        ur1_0.role_name,
        ur1_0.user_id 
    from
        user_roles ur1_0 
    where
        ur1_0.user_id=? 
        and ur1_0.is_active=1
Hibernate: 
    select
        u1_0.user_id,
        u1_0.avatar_url,
        u1_0.created_at,
        u1_0.email,
        u1_0.full_name,
        u1_0.is_active,
        u1_0.last_login_at,
        u1_0.last_logout_at,
        u1_0.password_hash,
        u1_0.updated_at 
    from
        users u1_0
Hibernate: 
    select
        ur1_0.user_role_id,
        ur1_0.assigned_at,
        ur1_0.is_active,
        ur1_0.permission_json,
        ur1_0.role_name,
        ur1_0.user_id 
    from
        user_roles ur1_0 
    where
        ur1_0.user_id=? 
        and ur1_0.is_active=1
Hibernate: 
    select
        ur1_0.user_role_id,
        ur1_0.assigned_at,
        ur1_0.is_active,
        ur1_0.permission_json,
        ur1_0.role_name,
        ur1_0.user_id 
    from
        user_roles ur1_0 
    where
        ur1_0.user_id=? 
        and ur1_0.is_active=1
Hibernate: 
    select
        ur1_0.user_role_id,
        ur1_0.assigned_at,
        ur1_0.is_active,
        ur1_0.permission_json,
        ur1_0.role_name,
        ur1_0.user_id 
    from
        user_roles ur1_0 
    where
        ur1_0.user_id=? 
        and ur1_0.is_active=1
Hibernate: 
    select
        ur1_0.user_role_id,
        ur1_0.assigned_at,
        ur1_0.is_active,
        ur1_0.permission_json,
        ur1_0.role_name,
        ur1_0.user_id 
    from
        user_roles ur1_0 
    where
        ur1_0.user_id=? 
        and ur1_0.is_active=1
Hibernate: 
    select
        ur1_0.user_role_id,
        ur1_0.assigned_at,
        ur1_0.is_active,
        ur1_0.permission_json,
        ur1_0.role_name,
        ur1_0.user_id 
    from
        user_roles ur1_0 
    where
        ur1_0.user_id=? 
        and ur1_0.is_active=1
Hibernate: 
    select
        ur1_0.user_role_id,
        ur1_0.assigned_at,
        ur1_0.is_active,
        ur1_0.permission_json,
        ur1_0.role_name,
        ur1_0.user_id 
    from
        user_roles ur1_0 
    where
        ur1_0.user_id=? 
        and ur1_0.is_active=1
Hibernate: 
    select
        ur1_0.user_role_id,
        ur1_0.assigned_at,
        ur1_0.is_active,
        ur1_0.permission_json,
        ur1_0.role_name,
        ur1_0.user_id 
    from
        user_roles ur1_0 
    where
        ur1_0.user_id=? 
        and ur1_0.is_active=1
Hibernate: 
    select
        ur1_0.user_role_id,
        ur1_0.assigned_at,
        ur1_0.is_active,
        ur1_0.permission_json,
        ur1_0.role_name,
        ur1_0.user_id 
    from
        user_roles ur1_0 
    where
        ur1_0.user_id=? 
        and ur1_0.is_active=1
Hibernate: 
    select
        ur1_0.user_role_id,
        ur1_0.assigned_at,
        ur1_0.is_active,
        ur1_0.permission_json,
        ur1_0.role_name,
        ur1_0.user_id 
    from
        user_roles ur1_0 
    where
        ur1_0.user_id=? 
        and ur1_0.is_active=1
Hibernate: 
    select
        ur1_0.user_role_id,
        ur1_0.assigned_at,
        ur1_0.is_active,
        ur1_0.permission_json,
        ur1_0.role_name,
        ur1_0.user_id 
    from
        user_roles ur1_0 
    where
        ur1_0.user_id=? 
        and ur1_0.is_active=1
Hibernate: 
    select
        ur1_0.user_role_id,
        ur1_0.assigned_at,
        ur1_0.is_active,
        ur1_0.permission_json,
        ur1_0.role_name,
        ur1_0.user_id 
    from
        user_roles ur1_0 
    where
        ur1_0.user_id=? 
        and ur1_0.is_active=1
Hibernate: 
    select
        ur1_0.user_role_id,
        ur1_0.assigned_at,
        ur1_0.is_active,
        ur1_0.permission_json,
        ur1_0.role_name,
        ur1_0.user_id 
    from
        user_roles ur1_0 
    where
        ur1_0.user_id=? 
        and ur1_0.is_active=1
Hibernate: 
    select
        u1_0.user_id,
        u1_0.avatar_url,
        u1_0.created_at,
        u1_0.email,
        u1_0.full_name,
        u1_0.is_active,
        u1_0.last_login_at,
        u1_0.last_logout_at,
        u1_0.password_hash,
        u1_0.updated_at 
    from
        users u1_0
Hibernate: 
    select
        ur1_0.user_role_id,
        ur1_0.assigned_at,
        ur1_0.is_active,
        ur1_0.permission_json,
        ur1_0.role_name,
        ur1_0.user_id 
    from
        user_roles ur1_0 
    where
        ur1_0.user_id=? 
        and ur1_0.is_active=1
Hibernate: 
    select
        ur1_0.user_role_id,
        ur1_0.assigned_at,
        ur1_0.is_active,
        ur1_0.permission_json,
        ur1_0.role_name,
        ur1_0.user_id 
    from
        user_roles ur1_0 
    where
        ur1_0.user_id=? 
        and ur1_0.is_active=1
Hibernate: 
    select
        ur1_0.user_role_id,
        ur1_0.assigned_at,
        ur1_0.is_active,
        ur1_0.permission_json,
        ur1_0.role_name,
        ur1_0.user_id 
    from
        user_roles ur1_0 
    where
        ur1_0.user_id=? 
        and ur1_0.is_active=1
Hibernate: 
    select
        ur1_0.user_role_id,
        ur1_0.assigned_at,
        ur1_0.is_active,
        ur1_0.permission_json,
        ur1_0.role_name,
        ur1_0.user_id 
    from
        user_roles ur1_0 
    where
        ur1_0.user_id=? 
        and ur1_0.is_active=1
Hibernate: 
    select
        ur1_0.user_role_id,
        ur1_0.assigned_at,
        ur1_0.is_active,
        ur1_0.permission_json,
        ur1_0.role_name,
        ur1_0.user_id 
    from
        user_roles ur1_0 
    where
        ur1_0.user_id=? 
        and ur1_0.is_active=1
Hibernate: 
    select
        ur1_0.user_role_id,
        ur1_0.assigned_at,
        ur1_0.is_active,
        ur1_0.permission_json,
        ur1_0.role_name,
        ur1_0.user_id 
    from
        user_roles ur1_0 
    where
        ur1_0.user_id=? 
        and ur1_0.is_active=1
Hibernate: 
    select
        ur1_0.user_role_id,
        ur1_0.assigned_at,
        ur1_0.is_active,
        ur1_0.permission_json,
        ur1_0.role_name,
        ur1_0.user_id 
    from
        user_roles ur1_0 
    where
        ur1_0.user_id=? 
        and ur1_0.is_active=1
Hibernate: 
    select
        ur1_0.user_role_id,
        ur1_0.assigned_at,
        ur1_0.is_active,
        ur1_0.permission_json,
        ur1_0.role_name,
        ur1_0.user_id 
    from
        user_roles ur1_0 
    where
        ur1_0.user_id=? 
        and ur1_0.is_active=1
Hibernate: 
    select
        ur1_0.user_role_id,
        ur1_0.assigned_at,
        ur1_0.is_active,
        ur1_0.permission_json,
        ur1_0.role_name,
        ur1_0.user_id 
    from
        user_roles ur1_0 
    where
        ur1_0.user_id=? 
        and ur1_0.is_active=1
Hibernate: 
    select
        ur1_0.user_role_id,
        ur1_0.assigned_at,
        ur1_0.is_active,
        ur1_0.permission_json,
        ur1_0.role_name,
        ur1_0.user_id 
    from
        user_roles ur1_0 
    where
        ur1_0.user_id=? 
        and ur1_0.is_active=1
Hibernate: 
    select
        ur1_0.user_role_id,
        ur1_0.assigned_at,
        ur1_0.is_active,
        ur1_0.permission_json,
        ur1_0.role_name,
        ur1_0.user_id 
    from
        user_roles ur1_0 
    where
        ur1_0.user_id=? 
        and ur1_0.is_active=1
Hibernate: 
    select
        ur1_0.user_role_id,
        ur1_0.assigned_at,
        ur1_0.is_active,
        ur1_0.permission_json,
        ur1_0.role_name,
        ur1_0.user_id 
    from
        user_roles ur1_0 
    where
        ur1_0.user_id=? 
        and ur1_0.is_active=1
Hibernate: 
    select
        u1_0.user_id,
        u1_0.avatar_url,
        u1_0.created_at,
        u1_0.email,
        u1_0.full_name,
        u1_0.is_active,
        u1_0.last_login_at,
        u1_0.last_logout_at,
        u1_0.password_hash,
        u1_0.updated_at 
    from
        users u1_0 
    where
        u1_0.user_id=?
Hibernate: 
    select
        ur1_0.user_role_id,
        ur1_0.assigned_at,
        ur1_0.is_active,
        ur1_0.permission_json,
        ur1_0.role_name,
        ur1_0.user_id 
    from
        user_roles ur1_0 
    where
        ur1_0.user_id=?
Hibernate: 
    insert 
    into
        user_roles
        (assigned_at, is_active, permission_json, role_name, user_id, user_role_id) 
    values
        (?, ?, ?, ?, ?, ?)
Hibernate: 
    update
        users 
    set
        avatar_url=?,
        created_at=?,
        email=?,
        full_name=?,
        is_active=?,
        last_login_at=?,
        last_logout_at=?,
        password_hash=?,
        updated_at=? 
    where
        user_id=?
Hibernate: 
    update
        user_roles 
    set
        assigned_at=?,
        is_active=?,
        permission_json=?,
        role_name=?,
        user_id=? 
    where
        user_role_id=?
Hibernate: 
    select
        ur1_0.user_role_id,
        ur1_0.assigned_at,
        ur1_0.is_active,
        ur1_0.permission_json,
        ur1_0.role_name,
        ur1_0.user_id 
    from
        user_roles ur1_0 
    where
        ur1_0.user_id=? 
        and ur1_0.is_active=1
Hibernate: 
    select
        u1_0.user_id,
        u1_0.avatar_url,
        u1_0.created_at,
        u1_0.email,
        u1_0.full_name,
        u1_0.is_active,
        u1_0.last_login_at,
        u1_0.last_logout_at,
        u1_0.password_hash,
        u1_0.updated_at 
    from
        users u1_0 
    where
        u1_0.user_id=?
Hibernate: 
    update
        users 
    set
        avatar_url=?,
        created_at=?,
        email=?,
        full_name=?,
        is_active=?,
        last_login_at=?,
        last_logout_at=?,
        password_hash=?,
        updated_at=? 
    where
        user_id=?
Hibernate: 
    select
        u1_0.user_id,
        u1_0.avatar_url,
        u1_0.created_at,
        u1_0.email,
        u1_0.full_name,
        u1_0.is_active,
        u1_0.last_login_at,
        u1_0.last_logout_at,
        u1_0.password_hash,
        u1_0.updated_at 
    from
        users u1_0 
    where
        u1_0.email=?
Hibernate: 
    update
        users 
    set
        avatar_url=?,
        created_at=?,
        email=?,
        full_name=?,
        is_active=?,
        last_login_at=?,
        last_logout_at=?,
        password_hash=?,
        updated_at=? 
    where
        user_id=?
Hibernate: 
    select
        ur1_0.user_role_id,
        ur1_0.assigned_at,
        ur1_0.is_active,
        ur1_0.permission_json,
        ur1_0.role_name,
        ur1_0.user_id 
    from
        user_roles ur1_0 
    where
        ur1_0.user_id=? 
        and ur1_0.is_active=1
Hibernate: 
    select
        cw1_0.workspace_id,
        cw1_0.course_id,
        cw1_0.created_at,
        cw1_0.description,
        cw1_0.is_active,
        cw1_0.owner_user_id,
        cw1_0.updated_at,
        cw1_0.visibility,
        cw1_0.workspace_title 
    from
        course_workspaces cw1_0 
    where
        cw1_0.is_active=1 
    order by
        cw1_0.created_at desc
Hibernate: 
    select
        cw1_0.workspace_id,
        cw1_0.course_id,
        cw1_0.created_at,
        cw1_0.description,
        cw1_0.is_active,
        cw1_0.owner_user_id,
        cw1_0.updated_at,
        cw1_0.visibility,
        cw1_0.workspace_title 
    from
        course_workspaces cw1_0 
    where
        cw1_0.is_active=1 
    order by
        cw1_0.created_at desc
Hibernate: 
    select
        cd1_0.document_id,
        cd1_0.chapter_id,
        cd1_0.course_id,
        cd1_0.document_title,
        cd1_0.error_message,
        cd1_0.file_path,
        cd1_0.file_size_bytes,
        cd1_0.file_type,
        cd1_0.language,
        cd1_0.mime_type,
        cd1_0.original_filename,
        cd1_0.processing_status,
        cd1_0.total_pages,
        cd1_0.updated_at,
        cd1_0.uploaded_at,
        cd1_0.uploaded_by,
        cd1_0.workspace_id 
    from
        course_documents cd1_0 
    where
        cd1_0.workspace_id=? 
    order by
        cd1_0.uploaded_at desc
Hibernate: 
    select
        cw1_0.workspace_id,
        cw1_0.course_id,
        cw1_0.created_at,
        cw1_0.description,
        cw1_0.is_active,
        cw1_0.owner_user_id,
        cw1_0.updated_at,
        cw1_0.visibility,
        cw1_0.workspace_title 
    from
        course_workspaces cw1_0 
    where
        cw1_0.is_active=1 
    order by
        cw1_0.created_at desc
Hibernate: 
    select
        cd1_0.document_id,
        cd1_0.chapter_id,
        cd1_0.course_id,
        cd1_0.document_title,
        cd1_0.error_message,
        cd1_0.file_path,
        cd1_0.file_size_bytes,
        cd1_0.file_type,
        cd1_0.language,
        cd1_0.mime_type,
        cd1_0.original_filename,
        cd1_0.processing_status,
        cd1_0.total_pages,
        cd1_0.updated_at,
        cd1_0.uploaded_at,
        cd1_0.uploaded_by,
        cd1_0.workspace_id 
    from
        course_documents cd1_0 
    where
        cd1_0.workspace_id=? 
    order by
        cd1_0.uploaded_at desc
Hibernate: 
    select
        count_big(*) 
    from
        course_documents cd1_0 
    where
        cd1_0.document_id=?
Hibernate: 
    select
        count_big(*) 
    from
        course_documents cd1_0 
    where
        cd1_0.document_id=?
Hibernate: 
    select
        dc1_0.chunk_id,
        dc1_0.chapter_id,
        dc1_0.char_count,
        dc1_0.chunk_index,
        dc1_0.chunk_overlap,
        dc1_0.chunk_size,
        dc1_0.chunk_strategy,
        dc1_0.content,
        dc1_0.course_id,
        dc1_0.created_at,
        dc1_0.document_id,
        dc1_0.page_end,
        dc1_0.page_start,
        dc1_0.token_count,
        dc1_0.word_count,
        dc1_0.workspace_id 
    from
        document_chunks dc1_0 
    where
        dc1_0.document_id=? 
    order by
        dc1_0.chunk_index
Hibernate: 
    select
        dc1_0.chunk_id,
        dc1_0.chapter_id,
        dc1_0.char_count,
        dc1_0.chunk_index,
        dc1_0.chunk_overlap,
        dc1_0.chunk_size,
        dc1_0.chunk_strategy,
        dc1_0.content,
        dc1_0.course_id,
        dc1_0.created_at,
        dc1_0.document_id,
        dc1_0.page_end,
        dc1_0.page_start,
        dc1_0.token_count,
        dc1_0.word_count,
        dc1_0.workspace_id 
    from
        document_chunks dc1_0 
    where
        dc1_0.document_id=? 
    order by
        dc1_0.chunk_index
Hibernate: 
    select
        count_big(*) 
    from
        course_documents cd1_0 
    where
        cd1_0.document_id=?
Hibernate: 
    select
        count_big(*) 
    from
        course_documents cd1_0 
    where
        cd1_0.document_id=?
Hibernate: 
    select
        dc1_0.chunk_id,
        dc1_0.chapter_id,
        dc1_0.char_count,
        dc1_0.chunk_index,
        dc1_0.chunk_overlap,
        dc1_0.chunk_size,
        dc1_0.chunk_strategy,
        dc1_0.content,
        dc1_0.course_id,
        dc1_0.created_at,
        dc1_0.document_id,
        dc1_0.page_end,
        dc1_0.page_start,
        dc1_0.token_count,
        dc1_0.word_count,
        dc1_0.workspace_id 
    from
        document_chunks dc1_0 
    where
        dc1_0.document_id=? 
    order by
        dc1_0.chunk_index
Hibernate: 
    select
        dc1_0.chunk_id,
        dc1_0.chapter_id,
        dc1_0.char_count,
        dc1_0.chunk_index,
        dc1_0.chunk_overlap,
        dc1_0.chunk_size,
        dc1_0.chunk_strategy,
        dc1_0.content,
        dc1_0.course_id,
        dc1_0.created_at,
        dc1_0.document_id,
        dc1_0.page_end,
        dc1_0.page_start,
        dc1_0.token_count,
        dc1_0.word_count,
        dc1_0.workspace_id 
    from
        document_chunks dc1_0 
    where
        dc1_0.document_id=? 
    order by
        dc1_0.chunk_index
