question,expected_answer,expected_source,expected_page,subject,is_out_of_scope,category,difficulty,concept_id,chapter,evidence_quote
Nguyên tắc tương sinh của Ngũ hành được nêu như thế nào?,"Tương sinh là sự sinh hóa cho nhau, như Thổ sinh Kim, Kim sinh Thủy, Thủy sinh Mộc, Mộc sinh Hỏa và Hỏa sinh Thổ.",75770b9b-cdbf-4038-90e2-f25e1f4426fe_triethocmaclenin.pdf,20,Triết học Mác - Lênin,False,listing,MEDIUM,f96cd4eebee00cd612cc,Chương II,"lấy nhau, xoắn lấy nhau.  
- Tư tưởng triết học về Ngũ hành  
Từ ""Ngũ hành"" được dịch là năm yếu tố. Nhưng ta không nên coi chúng là nh ững 
yếu tố tĩnh mà nên coi là năm thế lực động có ảnh hưởng đến nhau. Từ ""Hành"" có nghĩa 
là ""làm"", ""ho ạt động"", cho nên t ừ ""Ng ũ hành"" theo ngh ĩa đen là n ăm hoạt động, ha y 
năm tác nhân. Ng ười ta c ũng g ọi là ""ng ũ đức"" có ngh ĩa là n ăm thế l ực. ""Th ứ nh ất là 
Thủy, hai là Hỏa, ba là Mộc, bốn là Kim, năm là Thổ.  
Cuối Tây Chu, xu ất hiện thuyết Ngũ hành đan xen. Ng ũ hành được dùng để giải 
thích sự sinh trưởng của vạn vật trong vũ trụ. ""Thổ mộc hỏa đan xen thành ra trăm vật"", 
""hoà h ợp thì sinh ra v ật, đồng nh ất thì không ti ếp nối"" (Quốc ngữ - trịnh ngữ). Tức là 
nói những vật giống nhau thì không thể kết hợp thành vật mới, chỉ có những vật có tính 
chất khác nhau m ới có thể hóa sinh thành v ật mới. Tiếp theo là thuyết Ngũ hành tương 
thắng, rồi xuất hiện thuyết Ngũ hành tương sinh đã bổ khuyết chỗ chưa đầy đủ của thuyết 
Ngũ hành đan xen. 
Tư tưởng Ngũ hành đến thời Chiến Quốc đã phát triển thành một thuyết tương đối 
hoàn chỉnh là ""Ngũ hành sinh thắng"". ""Sinh"" có nghĩa là dựa vào nhau mà tồn tại, thắng 
có nghĩa là đối lập lẫn nhau. 
Như vậy, tư tưởng triết học về Ngũ hành có xu h ướng phân tích c ấu trúc c ủa vạn 
vật và quy nó về những yếu tố khởi nguyên với những tính chất khác nhau, nhưng tương 
tác với nhau.  
Năm yếu tố này không tồn tại biệt lập tuyệt đối mà trong một hệ thống ảnh hưởng 
sinh - khắc với nhau theo hai nguyên tắc sau: 
+ Tương sinh (sinh hóa cho nhau): Th ổ sinh Kim; Kim sinh Thủy; Thủy sinh Mộc; 
"
Trình bày nội dung trọng tâm của giáo trình về quy luật.,"Quy luật được hiểu là mối liên hệ khách quan, bản chất, tất nhiên, phổ biến và lặp lại giữa các mặt của sự vật hoặc giữa các sự vật.",75770b9b-cdbf-4038-90e2-f25e1f4426fe_triethocmaclenin.pdf,121,Triết học Mác - Lênin,False,definition,MEDIUM,c715fbb5c8a8789461e4,Chương VIII,"I- Một số vấn đề lý luận chung về quy luật 
1. Khái niệm ""quy luật"" 
Trong đời s ống hàng ngày, đằng sau các hi ện t ượng m uôn hình m uôn v ẻ, c on 
người d ần d ần nh ận th ức được tính tr ật t ự và m ối liên h ệ có tính l ặp lại c ủa các h iện 
tượng, từ đó hình thành nên khái ni ệm ""quy lu ật"". Với tư cách là ph ạm trù c ủa lý luận 
nhận thức, khái ni ệm ""quy lu ật"" là s ản phẩm của tư duy khoa h ọc phản ánh s ự liên h ệ 
của các s ự vật và tính chỉnh thể của chúng. V.I.Lênin vi ết: ""Khái ni ệm quy luật là một 
trong những giai đoạn của sự nhận thức của con người về tính thống nhất và về liên hệ, 
về sự phụ thuộc lẫn nhau và tính chỉnh thể của quá trình thế giới""1. 
Với tư cách là cái t ồn tại ngay trong hi ện thực, quy luật là m ối liên h ệ bản chất, 
tất nhiên, phổ biến và lặp lại giữa các mặt, các yếu tố, các thuộc tính bên trong mỗi một 
sự vật, hay giữa các sự vật, hiện tượng với nhau. 
Các quy lu ật của tự nhiên, c ủa xã h ội cũng như của tư duy con ng ười đều mang 
tính khách quan. Con ng ười không th ể tạo ra ho ặc xóa b ỏ được quy lu ật mà chỉ nhận 
thức và vận dụng nó trong thực tiễn. 
Các quy luật được phản ánh trong các khoa học không phải là sự sáng tạo tùy ý của 
con ng ười. Các quy lu ật do khoa h ọc phát hi ện ra chính là s ự ph ản ánh các quy  lu ật 
khách quan của tự nhiên, xã hội cũng như tư duy con người. 
2. Phân loại quy luật 
Các quy lu ật hết sức đa dạng. Chúng khác nhau v ề mức độ phổ biến, về phạm vi 
bao quát, về tính chất, về vai trò của chúng đối với quá trình vận động và phát triển của 
sự vật. Do vậy, việc phân loại quy luật là cần thiết đ"
Hãy giải thích kiến thức Triết học Mác - Lênin liên quan đến quy luật.,"Quy luật là mối theo cách trình bày của tài liệu liên hệ khách quan, bản chất, tất nhiên, phổ biến và lặp lại giữa các mặt của sự vật hoặc giữa các sự vật.",75770b9b-cdbf-4038-90e2-f25e1f4426fe_triethocmaclenin.pdf,121,Triết học Mác - Lênin,False,definition,MEDIUM,e460fa4b3ca00098f234,Chương VIII,"I- Một số vấn đề lý luận chung về quy luật 
1. Khái niệm ""quy luật"" 
Trong đời s ống hàng ngày, đằng sau các hi ện t ượng m uôn hình m uôn v ẻ, c on 
người d ần d ần nh ận th ức được tính tr ật t ự và m ối liên h ệ có tính l ặp lại c ủa các h iện 
tượng, từ đó hình thành nên khái ni ệm ""quy lu ật"". Với tư cách là ph ạm trù c ủa lý luận 
nhận thức, khái ni ệm ""quy lu ật"" là s ản phẩm của tư duy khoa h ọc phản ánh s ự liên h ệ 
của các s ự vật và tính chỉnh thể của chúng. V.I.Lênin vi ết: ""Khái ni ệm quy luật là một 
trong những giai đoạn của sự nhận thức của con người về tính thống nhất và về liên hệ, 
về sự phụ thuộc lẫn nhau và tính chỉnh thể của quá trình thế giới""1. 
Với tư cách là cái t ồn tại ngay trong hi ện thực, quy luật là m ối liên h ệ bản chất, 
tất nhiên, phổ biến và lặp lại giữa các mặt, các yếu tố, các thuộc tính bên trong mỗi một 
sự vật, hay giữa các sự vật, hiện tượng với nhau. 
Các quy lu ật của tự nhiên, c ủa xã h ội cũng như của tư duy con ng ười đều mang 
tính khách quan. Con ng ười không th ể tạo ra ho ặc xóa b ỏ được quy lu ật mà chỉ nhận 
thức và vận dụng nó trong thực tiễn. 
Các quy luật được phản ánh trong các khoa học không phải là sự sáng tạo tùy ý của 
con ng ười. Các quy lu ật do khoa h ọc phát hi ện ra chính là s ự ph ản ánh các quy  lu ật 
khách quan của tự nhiên, xã hội cũng như tư duy con người. 
2. Phân loại quy luật 
Các quy lu ật hết sức đa dạng. Chúng khác nhau v ề mức độ phổ biến, về phạm vi 
bao quát, về tính chất, về vai trò của chúng đối với quá trình vận động và phát triển của 
sự vật. Do vậy, việc phân loại quy luật là cần thiết đ"
Trình bày nội dung trọng tâm của giáo trình về giai đoạn Lênin có ý nghĩa gì đối với triết học Mác.,"Giai đoạn Lênin được hiểu là sự bảo vệ, bổ sung và phát triển triết học Mác trong điều kiện lịch sử mới.",75770b9b-cdbf-4038-90e2-f25e1f4426fe_triethocmaclenin.pdf,63,Triết học Mác - Lênin,False,history,MEDIUM,1a3cd4c61224fad4490f,Chương III,"hủ nghĩa thần bí, 
phép biện chứng trở thành một tất yếu tuyệt đối với khoa học tự nhiên, khoa học này đã 
rời bỏ địa hạt mà trước kia trong đó chỉ có nh ững phạm trù c ố định cũng đủ. Sự phát 
triển mạnh mẽ của khoa h ọc ngày nay càng ch ứng tỏ sự cần thiết phải có t ư duy bi ện 
chứng duy vật và ngược lại phải phát triển lý luận triết học của chủ nghĩa Mác dựa trên 
những thành tựu của khoa học hiện đại. 
5. Giai đoạn Lênin trong sự phát triển triết học Mác 
Sau C.Mác và Ph. Ăngghen, triết h ọc Mác được Lênin b ổ sung và phát tri ển một 
cách sáng tạo trong tình hình mới. 
V.I.Lênin (1870 - 1924) đã vận dụng sáng t ạo học thuyết của Mác để giải quyết 
những vấn đề của cách m ạng vô s ản trong thời đại chủ nghĩa đế quốc và bước đầu xây 
dựng chủ nghĩa xã hội. Ông đã có đóng góp to lớn vào sự phát triển lý luận của chủ nghĩa 
Mác nói chung, triết học Mác nói riêng. 
Trong những tác phẩm lớn ban đầu của mình, như Những ""người bạn dân"" là th ế 
nào và h ọ đấu tranh ch ống những người dân chủ - xã h ội ra sao? và Nội dung kinh t ế 
của chủ nghĩa dân tuý và sự phê phán trong cuốn sách của ông Xtơruvê về nội dung đó, 
Lênin đã v ạch tr ần b ản chất ph ản cách m ạng, gi ả danh ""ng ười b ạn c ủa dân"" c ủa phái 
dân tuý Nga vào nh ững n ăm 90 c ủa th ế k ỷ XIX. V ề tri ết h ọc ông đã phê phán quan 
điểm duy tâm ch ủ quan v ề l ịch s ử c ủa nh ững nhà dân tuý. Trong cu ộc đấu tranh đó, 
Lênin không những đã bảo vệ chủ nghĩa Mác kh ỏi sự xuyên t ạc của những người dân 
tuý mà còn phát triển, làm phong phú thêm quan điểm duy vật lịch sử, nhất là lý luận về 
hình thái kinh tế - xã hội "
"Hãy giải thích kiến thức Triết học Mác - Lênin liên quan đến theo Lênin, chủ nghĩa Mác ra đời có quan hệ thế nào với văn minh thế giới.","Lênin khẳng định chủ theo cách trình bày của tài liệu nghĩa Mác không phải học thuyết đóng kín mà là sự kế thừa trực tiếp các thành tựu lớn của triết học, kinh tế chính trị học và chủ nghĩa xã hội.",75770b9b-cdbf-4038-90e2-f25e1f4426fe_triethocmaclenin.pdf,50,Triết học Mác - Lênin,False,summary,MEDIUM,03dcf6d3d032fd75e4f6,Chương III,"y giai cấp vô sản là vũ khi vật chất 
của mình, giai cấp vô sản cũng thấy triết học là vũ khí tinh thần của mình""1
2. Nguồn gốc lý luận và những tiền đề khoa học tự nhiên 
a) Nguồn gốc lý luận 
Để xây d ựng học thuyết của mình ngang t ầm cao c ủa trí tu ệ nhân lo ại, C.Mác và 
Ph.Ăngghen đã k ế th ừa nh ững thành t ựu trong l ịch s ử t ư t ưởng c ủa nhân lo ại. Lê nin 
viết: ""Lịch sử triết học và lịch sử khoa học xã hội chỉ ra một cách hoàn toàn rõ ràng rằng 
chủ nghĩa Mác không có gì là gi ống ""chủ nghĩa tông phái"", hi ểu theo nghĩa là m ột học 
thuyết đóng kín và c ứng nh ắc, n ảy sinh ở ngoài con đường phát tri ển v ĩ đại c ủa v ăn 
minh thế giới"". Người còn chỉ rõ, học thuyết của Mác ""ra đời là sự thừa kế thẳng và trực 
tiếp nh ững h ọc thuy ết c ủa nh ững đại bi ểu xu ất s ắc nh ất trong tri ết h ọc, trong kinh t ế 
chính trị học và trong chủ nghĩa xã hội""2. 
Triết h ọc c ổ điển Đức, đặc bi ệt v ới hai nhà tri ết h ọc tiêu bi ểu là Hêghen và 
Phoiơbắc, là nguồn gốc lý luận trực tiếp của triết học Mác. 
C.Mác và Ph. Ăngghen đã t ừng là nh ững ng ười theo h ọc tri ết h ọc Hêghen. Sau 
này, cả khi đã từ bỏ chủ nghĩa duy tâm của triết học Hêghen, các ông v ẫn đánh giá cao 
tư tưởng biện chứng của nó. Chính cái ""h ạt nhân hợp lý"" đó đã được Mác kế thừa bằng 
cách cải tạo, lột bỏ cái vỏ thần bí để xây d ựng nên lý l uận mới của phép bi ện chứng - 
phép biện chứng duy vật. Trong khi phê phán chủ nghĩa duy tâm của Hêghen, C.Mác đã 
dựa vào truy ền thống của chủ nghĩa duy v ật triết học mà trực tiếp là chủ nghĩa duy v ật 
triết học của Phoiơbắc; đồng thời đã cải tạo chủ nghĩa d"
Hãy giải thích kiến thức Triết học Mác - Lênin liên quan đến giai đoạn Lênin có ý nghĩa gì đối với triết học Mác.,"Giai đoạn Lênin là theo cách trình bày của tài liệu sự bảo vệ, bổ sung và phát triển triết học Mác trong điều kiện lịch sử mới.",75770b9b-cdbf-4038-90e2-f25e1f4426fe_triethocmaclenin.pdf,63,Triết học Mác - Lênin,False,history,MEDIUM,c8f8b8b01ba3954ab79b,Chương III,"hủ nghĩa thần bí, 
phép biện chứng trở thành một tất yếu tuyệt đối với khoa học tự nhiên, khoa học này đã 
rời bỏ địa hạt mà trước kia trong đó chỉ có nh ững phạm trù c ố định cũng đủ. Sự phát 
triển mạnh mẽ của khoa h ọc ngày nay càng ch ứng tỏ sự cần thiết phải có t ư duy bi ện 
chứng duy vật và ngược lại phải phát triển lý luận triết học của chủ nghĩa Mác dựa trên 
những thành tựu của khoa học hiện đại. 
5. Giai đoạn Lênin trong sự phát triển triết học Mác 
Sau C.Mác và Ph. Ăngghen, triết h ọc Mác được Lênin b ổ sung và phát tri ển một 
cách sáng tạo trong tình hình mới. 
V.I.Lênin (1870 - 1924) đã vận dụng sáng t ạo học thuyết của Mác để giải quyết 
những vấn đề của cách m ạng vô s ản trong thời đại chủ nghĩa đế quốc và bước đầu xây 
dựng chủ nghĩa xã hội. Ông đã có đóng góp to lớn vào sự phát triển lý luận của chủ nghĩa 
Mác nói chung, triết học Mác nói riêng. 
Trong những tác phẩm lớn ban đầu của mình, như Những ""người bạn dân"" là th ế 
nào và h ọ đấu tranh ch ống những người dân chủ - xã h ội ra sao? và Nội dung kinh t ế 
của chủ nghĩa dân tuý và sự phê phán trong cuốn sách của ông Xtơruvê về nội dung đó, 
Lênin đã v ạch tr ần b ản chất ph ản cách m ạng, gi ả danh ""ng ười b ạn c ủa dân"" c ủa phái 
dân tuý Nga vào nh ững n ăm 90 c ủa th ế k ỷ XIX. V ề tri ết h ọc ông đã phê phán quan 
điểm duy tâm ch ủ quan v ề l ịch s ử c ủa nh ững nhà dân tuý. Trong cu ộc đấu tranh đó, 
Lênin không những đã bảo vệ chủ nghĩa Mác kh ỏi sự xuyên t ạc của những người dân 
tuý mà còn phát triển, làm phong phú thêm quan điểm duy vật lịch sử, nhất là lý luận về 
hình thái kinh tế - xã hội "
Tóm tắt luận điểm có các từ khóa sau: nguyên nhân trực tiếp dẫn đến sự xuất hiện của nhà nước.,Nguyên nhân trực tiếp theo cách trình bày của tài liệu của sự xuất hiện nhà nước là những mâu thuẫn giai cấp không thể điều hòa được.,75770b9b-cdbf-4038-90e2-f25e1f4426fe_triethocmaclenin.pdf,174,Triết học Mác - Lênin,False,cause,MEDIUM,0b7eed706c6c6b8f4131,Chương XII,"I- Nhà nước 
1. Nguồn gốc và bản chất của nhà nước  
a) Nguồn gốc của nhà nước  
Lịch s ử cho  th ấy không ph ải khi nào xã h ội c ũng có nhà n ước. Trong xã h ội 
nguyên thuỷ, do kinh t ế còn th ấp kém, ch ưa có s ự phân hóa giai c ấp, cho nên ch ưa có 
nhà nước. Đứng đầu các th ị tộc và b ộ lạc là các t ộc trưởng do nhân dân b ầu ra, quy ền 
lực của những người đứng đầu thuộc về uy tín và đạo đức, việc điều chỉnh các quan hệ 
xã hội được thực hiện bằng những quy tắc chung. Trong tay h ọ không có và không c ần 
một công cụ cưỡng bức đặc biệt nào. 
Lực lượng sản xuất phát triển đã dẫn đến sự ra đời chế độ tư hữu và t ừ đó xã h ội 
phân chia t hành các giai  cấp đối kháng và cu ộc đấu tranh giai c ấp không th ể điều hoà 
được xuất hiện. Điều đó dẫn đến nguy cơ các giai cấp chẳng những tiêu diệt lẫn nhau mà 
còn tiêu diệt luôn cả xã h ội. Để thảm hoạ đó không diễn ra, một cơ quan quyền lực đặc 
biệt đã ra đời. Đó là nhà nước. Nhà nước đầu tiên trong lịch sử là nhà nước chiếm hữu nô 
lệ, xuất hiện trong cuộc đấu tranh không điều hoà giữa giai cấp chủ nô và giai cấp nô lệ. 
Tiếp đó là nhà nước phong kiến, nhà nước tư sản. 
Nguyên nhân trực tiếp của sự xuất hiện nhà nước là mâu thuẫn giai cấp không thể 
điều hoà được. Đúng như V.I.Lênin nhận định: ""Nhà nước là sản phẩm và biểu hiện của 
những mâu thuẫn giai cấp không thể điều hoà được. Bất cứ ở đâu, hễ lúc nào và ch ừng 
nào mà, về mặt khách quan, những mâu thuẫn giai cấp không thể điều hoà được, thì nhà 
nước xuất hiện. Và ng ược lại: sự tồn tại của nhà nước chứng tỏ rằng những mâu thuẫn 
giai cấp là không t hể điều hoà được""1."
"Theo giáo trình, khoa h ọc và trào l ưu nhân bản phi duy lý dường như là gì?","Trào l ưu duy khoa h ọc và trào l ưu nhân bản phi duy lý dường như là đối lập nhau, nhưng trên thực tế lại bổ sung cho nhau, vì chúng đều đều phản ánh những mâu thuẫn cơ bản trong lòng chủ nghĩa tư bản hiện đại.",75770b9b-cdbf-4038-90e2-f25e1f4426fe_triethocmaclenin.pdf,66,Triết học Mác - Lênin,False,definition,MEDIUM,c91537e71914c1140a8c,Chương IV,"Từ đầu thế kỷ XX, nh ất là từ sau Chi ến tranh th ế giới thứ hai, tr iết học phương 
Tây hi ện đại không ng ừng phân hóa thành nhi ều tr ường phái, nh ưng xoay quanh hai 
trào lưu chủ yếu, đó là ch ủ nghĩa duy khoa h ọc và ch ủ nghĩa nhân bản phi duy lý. 
Chủ nghĩa duy lý và chủ nghĩa nhân đạo là hai vũ khí tư tưởng của giai cấp tư sản 
chống lại chế độ phong kiến, th ần học và ch ủ ngh ĩa kinh vi ện. Trong cu ộc đấu tranh 
của giai c ấp t ư s ản nh ằm xác l ập và phát tri ển c hủ ngh ĩa t ư b ản, ch ống chuyên ch ế 
phong kiến thì chủ nghĩa duy lý và chủ nghĩa nhân đạo thống nhất với nhau và đã có vai 
trò lịch sử tiến bộ. 
Dưới chế độ tư bản, tiến bộ của khoa học kỹ thuật đã thúc đẩy sản xuất phát triển 
mạnh mẽ nhưng vẫn không đưa lại ""tự do, bình đẳng, bác ái"". Trái lại, nó còn dẫn đến các 
cuộc khủng hoảng xã h ội, khủng hoảng tinh th ần, khủng hoảng sinh thái, khủng hoảng 
nhân cách ngày càng sâu sắc, đẩy con người vào tình trạng tha hóa toàn diện và nặng nề hơn. 
Trong điều kiện lịch sử đó, triết học phương Tây đã diễn ra sự tách biệt và sự đối 
lập gi ữa ch ủ ngh ĩa duy l ý và chủ nghĩa nhân b ản. Trào l ưu duy khoa h ọc và trào l ưu 
nhân bản phi duy lý dường như là đối lập nhau, nhưng trên thực tế lại bổ sung cho nhau, 
vì chúng đều đều phản ánh nh ững mâu thuẫn cơ bản trong lòng ch ủ nghĩa tư bản hiện 
đại.   
1. Chủ nghĩa thực chứng 
Các triết gia thuộc trào lưu chủ nghĩa duy khoa học chủ trương xây dựng triết học 
theo mô hình ""các khoa h ọc thực ch ứng"". Theo h ọ, tri ết h ọc không nên nghiên c ứu 
những vấn đề như bản chất của sự vật, các quy  luật chung c ủa"
Trình bày nội dung trọng tâm của giáo trình về vận động được hiểu là gì trong triết học duy vật biện chứng.,"Vận động được hiểu là phương thức tồn tại của vật chất, bao gồm mọi sự biến đổi nói chung của các sự vật và hiện tượng.",75770b9b-cdbf-4038-90e2-f25e1f4426fe_triethocmaclenin.pdf,82,Triết học Mác - Lênin,False,definition,MEDIUM,032bd5be2ea084dd3b24,Chương V,"dạng hoặc các hình thức mới của vật thể trong thế giới. 
- Khi nh ận th ức các hi ện t ượng thu ộc đời s ống xã h ội, định ngh ĩa v ật ch ất c ủa 
V.I.Lênin đã cho phép xác định cái gì là vật chất trong lĩnh vực xã h ội. Từ đó giúp các 
nhà khoa học có c ơ sở lý lu ận để giải thích những nguyên nhân c uối cùng của các biến 
cố xã hội, những nguyên nhân thuộc về sự vận động của phương thức sản xuất; trên cơ sở 
ấy, người ta có thể tìm ra các phương án tối ưu để hoạt động thúc đẩy xã hội phát triển. 
3. Những phương thức tồn tại của vật chất 
Tìm hiểu những phương thức tồn tại của vật chất nhằm trả lời cho câu hỏi: Những 
dạng cụ thể của vật chất biểu hiện sự tồn tại của mình bằng cách nào. T heo quan điểm 
của chủ nghĩa duy vật biện chứng, các dạng cụ thể của vật chất biểu hiện sự tồn tại của 
mình bằng vận động, không gian, thời gian. 
a) Vận động 
Theo quan điểm của chủ nghĩa duy vật biện chứng, vận động không chỉ là sự thay 
đổi v ị trí trong không gian (hình th ức v ận động th ấp, gi ản đơn c ủa v ật ch ất) mà theo 
nghĩa chung nhất, vận động là mọi sự biến đổi. Ph. Ăngghen vi ết ""V ận động hi ểu theo 
nghĩa chung nhất (...) bao g ồm tất cả mọi sự thay đổi và mọi quá trình di ễn ra trong v ũ 
trụ, kể từ sự thay đổi vị trí đơn giản cho đến tư duy""1. 
Khi định nghĩa vận động là sự biến đổi nói chung, t hì vận động ""là thuộc tính cố 
hữu của vật chất"", ""là phương thức tồn tại của vật chất""2. Điều này có ngh ĩa là vật chất 
tồn t ại b ằng v ận động. Trong v ận động và thông qua v ận động mà các d ạng v ật chất 
biểu hiện sự tồn tại của mình, Một khi chúng ta nh ận thức được "
Hãy giải thích kiến thức Triết học Mác - Lênin liên quan đến mối liên hệ phổ biến.,"Mối liên hệ phổ theo cách trình bày của tài liệu biến là sự quy định, tác động, chuyển hóa lẫn nhau giữa các sự vật, hiện tượng hoặc giữa các mặt, yếu tố của cùng một sự vật.",75770b9b-cdbf-4038-90e2-f25e1f4426fe_triethocmaclenin.pdf,95,Triết học Mác - Lênin,False,definition,MEDIUM,6ca4f11f8dd93a092f43,Chương VI,"Phép biện chứng duy v ật được xây d ựng trên c ơ sở một hệ thống những nguyên 
lý, nh ững ph ạm trù c ơ b ản, nh ững quy lu ật ph ổ bi ến ph ản ánh đúng đắn hi ện t hực. 
Trong hệ thống đó nguyên lý về mối liên hệ phổ biến và nguyên lý về sự phát triển là hai 
nguyên lý khái quát nh ất. Vì thế Ph.Ăngghen đã định nghĩa: ""phép biện chứng chẳng qua 
chỉ là môn khoa học về những quy luật phổ biến của sự vận động và sự phát triển của tự 
nhiên, của xã hội loài người và của tư duy""1. 
I- Nguyên lý về mối liên hệ phổ biến 
1. Khái niệm mối liên hệ 
Các sự vật, các hiện tượng và các quá trình khác nhau của thế giới có mối liên hệ 
qua l ại, tác động, ảnh h ưởng l ẫn nhau hay chúng t ồn t ại bi ệt l ập, tách r ời nhau? N ếu 
chúng có mối liên hệ qua lại thì cái gì quy định mối liên hệ đó? 
Trong l ịch s ử tri ết h ọc, để tr ả l ời những câu h ỏi đó ta th ấy có nhi ều quan điểm 
khác nhau. Trả lời câu hỏi thứ nhất, những người theo quan điểm siêu hình cho rằng các 
sự vật, hiện tượng tồn tại biệt lập, tách rời nhau, cái này tồn tại bên cạnh cái kia. Chúng 
không có sự phụ thuộc, không có sự ràng buộc và quy định lẫn nhau. Nếu giữa chúng có 
sự quy định lẫn nhau thì cũng chỉ là những quy định b ề ngoài, m ang tính ng ẫu nhiên. 
Tuy v ậy trong s ố nh ững ng ười theo quan điểm siêu hình c ũng có m ột s ố người cho 
rằng, các s ự vật, hiện tượng có m ối liên h ệ với nhau và m ối liên hệ rất đa dạng, phong 
phú, song các hình th ức liên  h ệ khác nhau không có kh ả n ăng chuy ển hóa l ẫn nhau. 
Chẳng h ạn, gi ới vô c ơ và gi ới h ữu c ơ không có liên h ệ gì v ới nhau; t ồn t ại độc l ập, "
"Theo giáo trình, bản chất của nhà nước là gì?",Nhà nước là bộ máy quyền lực do giai cấp thống trị về kinh tế thiết lập để duy trì sự thống trị và trấn áp các giai cấp khác.,75770b9b-cdbf-4038-90e2-f25e1f4426fe_triethocmaclenin.pdf,175,Triết học Mác - Lênin,False,definition,MEDIUM,4a8f224c07633a8a7303,Chương XII,"phương ti ện m ới để đàn áp và bóc l ột giai c ấp khác. Vì th ế, v ề b ản ch ất “Nhà n ước 
chẳng qua chỉ là một bộ máy của một giai cấp này dùng để trấn áp một giai cấp khác”1, 
là bộ máy dùng để duy trì sự thống trị của giai cấp này đối với giai cấp khác, là c ơ quan 
quyền lực của một giai c ấp đối với toàn xã h ội, là công c ụ chuyên chính c ủa một giai 
cấp. Không có và không th ể có nhà n ước đứng trên các giai c ấp hoặc nhà n ước chung 
cho mọi giai cấp. Nhà nước chính là một bộ máy do giai cấp thống trị về kinh tế thiết lập 
ra nhằm hợp pháp hóa và c ủng cố s ự áp b ức c ủa chúng đối với quần chúng lao động. 
Giai cấp thống trị sử dụng bộ máy nhà nước để đàn áp, c ưỡng b ức các giai c ấp khác 
trong khuôn khổ lợi ích của giai cấp thống trị. Đó là bản chất của nhà nước theo nguyên 
nghĩa, tức nhà nước của giai cấp bóc lột. 
Theo bản chất đó, nhà nước không thể là lực lượng điều hòa sự xung đột giai cấp, 
mà trái lại, nó càng làm cho mâu thuẫn giai cấp ngày càng gay g ắt. Cũng theo bản chất 
đó, nhà n ước là b ộ máy quan tr ọng nhất của kiến trúc th ượng tầng trong xã h ội có giai 
cấp. Tất cả những hoạt động chính tr ị, văn hóa, xã h ội do nhà n ước tiến hành, xét cho 
cùng, đều xuất phát từ lợi ích của giai cấp thống trị.  
Thực tế lịch sử đã chứng minh rằng, cho dù được che giấu dưới hình thức tinh vi 
như thế nào, cho dù có b ị khúc xạ qua những lăng kính phức tạp ra sao, nhà n ước trong 
mọi xã hội có giai c ấp đối kháng cũng chỉ là công cụ bảo vệ lợi ích của giai cấp thống 
trị. 
Tuy nhiên cũng có trường hợp, nhà nước giữ được một mức độ độc lập nào đó đối 
với "
Cấu trúc dữ liệu cây AVL cân bằng như thế nào?,Tôi chưa tìm thấy thông tin này trong tài liệu đã được huấn luyện.,,,Triết học Mác - Lênin,True,out_of_scope,MEDIUM,8b836ac93786126dbb8d,OUT_OF_SCOPE,
"Theo giáo trình, thị tộc là gì?",Thị tộc là một đơn vị sản xuất và là một hình thức tồn tại cơ bản của xã hội nguyên thuỷ.,75770b9b-cdbf-4038-90e2-f25e1f4426fe_triethocmaclenin.pdf,163,Triết học Mác - Lênin,False,definition,MEDIUM,a2a2167ad830ac21c4ab,Chương XI,"I- Những hình thức cộng đồng người trong lịch sử 
1. Những hình thức cộng đồng người trước dân tộc 
Để tồn tại và phát triển, con người phải gắn kết với nhau thành những cộng đồng. 
Trong quá trình phát tri ển của xã hội, trước khi dân tộc ra đời, các hình thức cộng đồng 
người cũng biến đổi từ thị tộc đến bộ lạc, bộ tộc. 
a) Thị tộc 
Là cộng đồng người (gồm khoảng vài tr ăm người) có cùng một huyết thống. Thị 
tộc là một đơn vị sản xuất và là một hình thức tồn tại cơ bản của xã hội nguyên thuỷ. Do 
trình độ của lực lượng sản xuất chưa phát triển, nguồn sống chủ yếu dựa vào trồng trọt 
và chăn nuôi, vì vậy vai trò của người phụ nữ trong thị tộc có một vị trí đặc biệt. Chế độ 
quần hôn th ời kỳ đầu và địa vị độc tôn của người phụ nữ trong s ản xuất chính là c ơ sở 
hình thành hình th ức th ị t ộc m ẫu quy ền đầu tiên trong l ịch s ử. S ự phát tri ển c ủa l ực 
lượng sản xuất đã làm thay đổi vị trí của người đàn ông trong ch ế độ thị tộc. Hình thức 
thị tộc phụ quyền đã ra đời thay thế hình th ức thị tộc mẫu quyền. Thị tộc là hình th ức 
cộng đồng người đầu tiên trong lịch sử. 
Ngoài đặc trưng chung về huyết thống là ch ủ y ếu, thị t ộc còn có nh ững quan h ệ 
cộng đồng về ngôn ngữ, tập quán, tín ngưỡng, v ăn hóa. Mỗi thị tộc có khu v ực cư trú, 
vùng săn bắt và tên gọi riêng. 
Cơ sở tồn tại về kinh t ế của thị tộc là quy ền sở hữu chung v ề tư liệu sản xuất và 
tài s ản. H ọ cùng lao động và m ọi s ản ph ẩm được chia đều cho t ất c ả các thành viên 
trong thị tộc. 
Lãnh đạo thị tộc là m ột hội đồng thị tộc, đứng đầu là t ộc trưởng được mọi người 
bầu ra. Vi ệc quản lý điều h"
"Theo giáo trình, chủ nghĩa duy lý và chủ nghĩa nhân đạo là gì?","Chủ nghĩa duy lý và chủ nghĩa nhân đạo là hai vũ khí tư tưởng của giai cấp tư sản chống lại chế độ phong kiến, thần học và chủ ngh ĩa kinh vi ện.",75770b9b-cdbf-4038-90e2-f25e1f4426fe_triethocmaclenin.pdf,66,Triết học Mác - Lênin,False,definition,MEDIUM,280c1c5e56b1821976dc,Chương IV,"Từ đầu thế kỷ XX, nh ất là từ sau Chi ến tranh th ế giới thứ hai, tr iết học phương 
Tây hi ện đại không ng ừng phân hóa thành nhi ều tr ường phái, nh ưng xoay quanh hai 
trào lưu chủ yếu, đó là ch ủ nghĩa duy khoa h ọc và ch ủ nghĩa nhân bản phi duy lý. 
Chủ nghĩa duy lý và chủ nghĩa nhân đạo là hai vũ khí tư tưởng của giai cấp tư sản 
chống lại chế độ phong kiến, th ần học và ch ủ ngh ĩa kinh vi ện. Trong cu ộc đấu tranh 
của giai c ấp t ư s ản nh ằm xác l ập và phát tri ển c hủ ngh ĩa t ư b ản, ch ống chuyên ch ế 
phong kiến thì chủ nghĩa duy lý và chủ nghĩa nhân đạo thống nhất với nhau và đã có vai 
trò lịch sử tiến bộ. 
Dưới chế độ tư bản, tiến bộ của khoa học kỹ thuật đã thúc đẩy sản xuất phát triển 
mạnh mẽ nhưng vẫn không đưa lại ""tự do, bình đẳng, bác ái"". Trái lại, nó còn dẫn đến các 
cuộc khủng hoảng xã h ội, khủng hoảng tinh th ần, khủng hoảng sinh thái, khủng hoảng 
nhân cách ngày càng sâu sắc, đẩy con người vào tình trạng tha hóa toàn diện và nặng nề hơn. 
Trong điều kiện lịch sử đó, triết học phương Tây đã diễn ra sự tách biệt và sự đối 
lập gi ữa ch ủ ngh ĩa duy l ý và chủ nghĩa nhân b ản. Trào l ưu duy khoa h ọc và trào l ưu 
nhân bản phi duy lý dường như là đối lập nhau, nhưng trên thực tế lại bổ sung cho nhau, 
vì chúng đều đều phản ánh nh ững mâu thuẫn cơ bản trong lòng ch ủ nghĩa tư bản hiện 
đại.   
1. Chủ nghĩa thực chứng 
Các triết gia thuộc trào lưu chủ nghĩa duy khoa học chủ trương xây dựng triết học 
theo mô hình ""các khoa h ọc thực ch ứng"". Theo h ọ, tri ết h ọc không nên nghiên c ứu 
những vấn đề như bản chất của sự vật, các quy  luật chung c ủa"
Ôn tập mục kiến thức có các từ khóa: chủ nghĩa thực chứng thuộc.,Chủ nghĩa thực chứng theo cách trình bày của tài liệu được trình bày trong phần các trào lưu triết học phương Tây hiện đại ngoài mácxít.,75770b9b-cdbf-4038-90e2-f25e1f4426fe_triethocmaclenin.pdf,66,Triết học Mác - Lênin,False,classification,MEDIUM,3541529c78c547991eab,Chương IV,"n, ch ống chuyên ch ế 
phong kiến thì chủ nghĩa duy lý và chủ nghĩa nhân đạo thống nhất với nhau và đã có vai 
trò lịch sử tiến bộ. 
Dưới chế độ tư bản, tiến bộ của khoa học kỹ thuật đã thúc đẩy sản xuất phát triển 
mạnh mẽ nhưng vẫn không đưa lại ""tự do, bình đẳng, bác ái"". Trái lại, nó còn dẫn đến các 
cuộc khủng hoảng xã h ội, khủng hoảng tinh th ần, khủng hoảng sinh thái, khủng hoảng 
nhân cách ngày càng sâu sắc, đẩy con người vào tình trạng tha hóa toàn diện và nặng nề hơn. 
Trong điều kiện lịch sử đó, triết học phương Tây đã diễn ra sự tách biệt và sự đối 
lập gi ữa ch ủ ngh ĩa duy l ý và chủ nghĩa nhân b ản. Trào l ưu duy khoa h ọc và trào l ưu 
nhân bản phi duy lý dường như là đối lập nhau, nhưng trên thực tế lại bổ sung cho nhau, 
vì chúng đều đều phản ánh nh ững mâu thuẫn cơ bản trong lòng ch ủ nghĩa tư bản hiện 
đại.   
1. Chủ nghĩa thực chứng 
Các triết gia thuộc trào lưu chủ nghĩa duy khoa học chủ trương xây dựng triết học 
theo mô hình ""các khoa h ọc thực ch ứng"". Theo h ọ, tri ết h ọc không nên nghiên c ứu 
những vấn đề như bản chất của sự vật, các quy  luật chung c ủa thế giới, v.v. mà đi tìm 
phương pháp khoa học có hiệu quả nhất, đáng tin cậy nhất mới là nội dung chủ yếu của 
việc nghiên cứu triết học. 
Trong các tr ường phái theo ch ủ ngh ĩa duy khoa h ọc, tr ường phái có ảnh h ưởng 
lớn và lâu nhất là chủ nghĩa thực chứng. 
Các nhà triết học thực chứng cho rằng, chỉ có các hi ện tượng hoặc sự kiện, mới là 
""cái thực chứng"", do đó họ không thừa nhận bất cứ cái gì ngoài hi ện tượng, không thừa 
nhận bản chất của sự vật, họ muốn lẩn tránh vấn đề cơ bản của "
"Theo giáo trình, nghĩa duy lý và chủ nghĩa nhân đạo thống nhất với nhau và đã có đặc điểm gì?","Trong cu ộc đấu tranh của giai cấp t ư sản nhằm xác l ập và phát tri ển c hủ ngh ĩa t ư bản, chống chuyên chế phong kiến thì chủ nghĩa duy lý và chủ nghĩa nhân đạo thống nhất với nhau và đã có vai trò lịch sử tiến bộ.",75770b9b-cdbf-4038-90e2-f25e1f4426fe_triethocmaclenin.pdf,66,Triết học Mác - Lênin,False,factual,MEDIUM,21ab6b8616b175d3401b,Chương IV,"Từ đầu thế kỷ XX, nh ất là từ sau Chi ến tranh th ế giới thứ hai, tr iết học phương 
Tây hi ện đại không ng ừng phân hóa thành nhi ều tr ường phái, nh ưng xoay quanh hai 
trào lưu chủ yếu, đó là ch ủ nghĩa duy khoa h ọc và ch ủ nghĩa nhân bản phi duy lý. 
Chủ nghĩa duy lý và chủ nghĩa nhân đạo là hai vũ khí tư tưởng của giai cấp tư sản 
chống lại chế độ phong kiến, th ần học và ch ủ ngh ĩa kinh vi ện. Trong cu ộc đấu tranh 
của giai c ấp t ư s ản nh ằm xác l ập và phát tri ển c hủ ngh ĩa t ư b ản, ch ống chuyên ch ế 
phong kiến thì chủ nghĩa duy lý và chủ nghĩa nhân đạo thống nhất với nhau và đã có vai 
trò lịch sử tiến bộ. 
Dưới chế độ tư bản, tiến bộ của khoa học kỹ thuật đã thúc đẩy sản xuất phát triển 
mạnh mẽ nhưng vẫn không đưa lại ""tự do, bình đẳng, bác ái"". Trái lại, nó còn dẫn đến các 
cuộc khủng hoảng xã h ội, khủng hoảng tinh th ần, khủng hoảng sinh thái, khủng hoảng 
nhân cách ngày càng sâu sắc, đẩy con người vào tình trạng tha hóa toàn diện và nặng nề hơn. 
Trong điều kiện lịch sử đó, triết học phương Tây đã diễn ra sự tách biệt và sự đối 
lập gi ữa ch ủ ngh ĩa duy l ý và chủ nghĩa nhân b ản. Trào l ưu duy khoa h ọc và trào l ưu 
nhân bản phi duy lý dường như là đối lập nhau, nhưng trên thực tế lại bổ sung cho nhau, 
vì chúng đều đều phản ánh nh ững mâu thuẫn cơ bản trong lòng ch ủ nghĩa tư bản hiện 
đại.   
1. Chủ nghĩa thực chứng 
Các triết gia thuộc trào lưu chủ nghĩa duy khoa học chủ trương xây dựng triết học 
theo mô hình ""các khoa h ọc thực ch ứng"". Theo h ọ, tri ết h ọc không nên nghiên c ứu 
những vấn đề như bản chất của sự vật, các quy  luật chung c ủa"
Hãy giải thích kiến thức Triết học Mác - Lênin liên quan đến thị tộc là hình thức cộng đồng người.,"Thị tộc là cộng đồng bao gồm khoảng vài trăm người có cùng huyết thống, đồng thời là đơn vị sản xuất và hình thức tồn tại cơ bản của xã hội nguyên thủy.",75770b9b-cdbf-4038-90e2-f25e1f4426fe_triethocmaclenin.pdf,163,Triết học Mác - Lênin,False,definition,MEDIUM,9ff9e7df9778d6f96383,Chương XI,"I- Những hình thức cộng đồng người trong lịch sử 
1. Những hình thức cộng đồng người trước dân tộc 
Để tồn tại và phát triển, con người phải gắn kết với nhau thành những cộng đồng. 
Trong quá trình phát tri ển của xã hội, trước khi dân tộc ra đời, các hình thức cộng đồng 
người cũng biến đổi từ thị tộc đến bộ lạc, bộ tộc. 
a) Thị tộc 
Là cộng đồng người (gồm khoảng vài tr ăm người) có cùng một huyết thống. Thị 
tộc là một đơn vị sản xuất và là một hình thức tồn tại cơ bản của xã hội nguyên thuỷ. Do 
trình độ của lực lượng sản xuất chưa phát triển, nguồn sống chủ yếu dựa vào trồng trọt 
và chăn nuôi, vì vậy vai trò của người phụ nữ trong thị tộc có một vị trí đặc biệt. Chế độ 
quần hôn th ời kỳ đầu và địa vị độc tôn của người phụ nữ trong s ản xuất chính là c ơ sở 
hình thành hình th ức th ị t ộc m ẫu quy ền đầu tiên trong l ịch s ử. S ự phát tri ển c ủa l ực 
lượng sản xuất đã làm thay đổi vị trí của người đàn ông trong ch ế độ thị tộc. Hình thức 
thị tộc phụ quyền đã ra đời thay thế hình th ức thị tộc mẫu quyền. Thị tộc là hình th ức 
cộng đồng người đầu tiên trong lịch sử. 
Ngoài đặc trưng chung về huyết thống là ch ủ y ếu, thị t ộc còn có nh ững quan h ệ 
cộng đồng về ngôn ngữ, tập quán, tín ngưỡng, v ăn hóa. Mỗi thị tộc có khu v ực cư trú, 
vùng săn bắt và tên gọi riêng. 
Cơ sở tồn tại về kinh t ế của thị tộc là quy ền sở hữu chung v ề tư liệu sản xuất và 
tài s ản. H ọ cùng lao động và m ọi s ản ph ẩm được chia đều cho t ất c ả các thành viên 
trong thị tộc. 
Lãnh đạo thị tộc là m ột hội đồng thị tộc, đứng đầu là t ộc trưởng được mọi người 
bầu ra. Vi ệc quản lý điều h"
"Theo giáo trình, thật sự ổn định nhưng việc xác lập chủ quyền về mặt lãnh thổ là gì?",Mặc dù chưa thật sự ổn định nhưng việc xác lập chủ quyền về mặt lãnh thổ là đặc trưng mới của bộ lạc so với thị tộc.,75770b9b-cdbf-4038-90e2-f25e1f4426fe_triethocmaclenin.pdf,164,Triết học Mác - Lênin,False,definition,MEDIUM,6fc054cd14f66dd74b88,Chương XI,"ngưỡng và cùng chung sống trên một vùng lãnh thổ. Mặc dù chưa thật sự ổn định nhưng 
việc xác lập chủ quyền về mặt lãnh thổ là đặc trưng mới của bộ lạc so với thị tộc. 
Bộ lạc có hình thức sở hữu cao hơn thị tộc. Ngoài sở hữu riêng của thị tộc, bộ lạc 
còn có những sở hữu khác bao gồm vùng lãnh thổ, nơi trồng trọt, săn bắt và chăn nuôi... 
Lãnh đạo bộ lạc là một hội đồng các tộc trưởng. Trong bộ lạc có một thủ lĩnh tối 
cao nhưng mọi quyền hành quản lý bộ lạc đều do hội nghị của hội đồng các tộc trưởng 
và thủ lĩnh quân sự quyết định. Hình thức phát triển cao nhất của bộ lạc là liên m inh bộ 
lạc được hình thành từ sự liên kết nhiều bộ lạc. 
Trong xã h ội nguyên thu ỷ, b ộ l ạc là h ình th ức t ốt n hất để phát triển sản xuất. 
Chính trong thời kỳ này, công cụ sản xuất bằng kim loại đã được hình thành tạo nên hình 
thức phân công lao động xã h ội đầu tiên giữa trồng trọt và ch ăn nuôi, nông nghi ệp với 
thủ công nghi ệp... Đó là ti ền đề khách quan c ủa sự xuất hiện sở hữu tư nhân. D ựa trên 
sở hữu tư nhân, bộ tộc ra đời thay thế cho hình thức bộ lạc và liên minh các bộ lạc. 
c) Bộ tộc 
Là một cộng đồng dân cư được hình thành t ừ sự liên k ết của nhiều bộ lạc và liên 
minh các b ộ l ạc trên cù ng một vùng lãnh th ổ nhất định. Bộ t ộc đông đảo h ơn b ộ lạc. 
Mỗi bộ tộc có tên gọi và có những đặc điểm về kinh tế, văn hóa riêng. Khác với bộ lạc 
và th ị tộc, b ộ tộc có vùng lã nh t hổ tương đối ổn định, dân c ư đa dạng và đan xen, đa 
ngôn ngữ và v ăn hóa, trong đó ngôn ng ữ của bộ lạc nào chi ếm vị trí trung tâm c ủa sự 
giao lưu và phát triển kinh tế sẽ trở thành ngôn ngữ c"
Hãy giải thích kiến thức Triết học Mác - Lênin liên quan đến nhận thức lý luận.,"Nhận thức lý luận theo cách trình bày của tài liệu là trình độ nhận thức gián tiếp, khái quát, hệ thống hóa bản chất và quy luật của sự vật.",75770b9b-cdbf-4038-90e2-f25e1f4426fe_triethocmaclenin.pdf,143,Triết học Mác - Lênin,False,definition,MEDIUM,34fa53555c8c6d91db59,Chương IX,"n; nếu căn cứ trên tính chất tự phát hay 
tự giác của quá trình nhận thức, có thể chia nhận thức thành nhận thức thông thường và 
nhận thức khoa học, v.v.. 
a) Nhận thức kinh nghiệm và nhận thức lý luận 
Nhận thức kinh nghiệm là loại nhận thức hình thành từ sự quan sát trực tiếp các sự 
vật hiện tượng trong t ự nhiên, xã h ội hay trong  các thí ngh iệm khoa h ọc. Kết quả của 
nhận thức kinh nghiệm là những tri thức kinh nghiệm. Tri thức này có hai loại là tri thức 
kinh nghi ệm thông th ường và tri th ức kinh nghi ệm khoa h ọc. Tri th ức kinh nghi ệm 
thông thường là loại tri thức được hình thành từ sự quan sát trực tiếp hàng ngày về cuộc 
sống và lao động sản xuất. Còn tri th ức kinh nghi ệm khoa h ọc là lo ại tri thức thu được 
từ sự khảo sát các thí ng hiệm khoa h ọc. Hai lo ại tri th ức này có quan h ệ chặt chẽ với 
nhau, xâm  nh ập vào nhau để t ạo nên tính phong phú, sinh động c ủa nh ận th ức kinh 
nghiệm. 
Nhận th ức lý lu ận (g ọi t ắt là lý lu ận) là lo ại nhận th ức gián ti ếp, tr ừu t ượng và 
khái quát về bản chất và quy luật của các sự vật, hiện tượng. Nhận thức lý luận có chức 
năng gián ti ếp vì nó được hình thành và phát tri ển trên c ơ s ở c ủa nh ận th ức kinh 
nghiệm. Nhận thức lý luận có tính tr ừu tượng và khái quát vì nó ch ỉ tập trung phản ánh 
cái bản chất mang tính quy luật của sự vật và hiện tượng. Do đó, tri thức lý luận - kết quả 
của nhận thức lý luận - thể hiện chân lý sâu sắc hơn, chính xác hơn và có hệ thống hơn. 
Nhận thức kinh nghiệm và nhận thức lý luận là hai giai đoạn nhận thức khác nhau, 
nhưng có q uan h ệ bi ện c hứng v ới nhau. Tron"
Trình bày nội dung trọng tâm của giáo trình về ý nghĩa phương pháp luận của nguyên lý mối liên hệ phổ biến.,"Nó đòi hỏi phải theo cách trình bày của tài liệu có quan điểm toàn diện, quan điểm lịch sử - cụ thể và tránh xem xét sự vật một cách phiến diện, cô lập.",75770b9b-cdbf-4038-90e2-f25e1f4426fe_triethocmaclenin.pdf,99,Triết học Mác - Lênin,False,methodology,MEDIUM,0b7f72a200a538c85ef7,Chương VI,"c 
nước chậm phát triển và kém phát triển. 
Những điều kiện nêu ra ở trên cho thấy, dù sự vật, hiện tượng có thể có những giai 
đoạn vận động đi lên nh ư thế này ho ặc như thế khác, nh ưng xem xét toàn b ộ quá trình 
thì chúng vẫn tuân theo khuynh hướng chung. 
3. Ý nghĩa phương pháp luận 
Nguyên lý về sự phát triển cho thấy trong hoạt động nhận thức và hoạt động thực 
tiễn con người phải tôn trọng quan điểm phát triển. 
Quan điểm phát triển đòi hỏi khi nhận thức, khi giải quyết một vấn đề nào đó con 
người phải đặt chúng ở trạng thái động, nằm trong khuynh hướng chung là phát triển. 
Quan điểm phát tri ển đòi h ỏi không ch ỉ nắm b ắt những cái hiện đang tồn tại ở 
sự v ật, mà còn ph ải th ấy rõ khuynh h ướng phát tri ển trong t ương lai c ủa chúng, ph ải 
thấy được những bi ến đổi đi lên c ũng nh ư nh ững bi ến đổi có tính ch ất th ụt lùi. Song 
điều cơ bản là phải khái quát những bi ến đổi để vạch ra khuynh h ướng bi ến đổi chính 
của sự vật. 
Xem xét s ự vật theo quan điểm phát tri ển còn ph ải biết phân chia quá trình phát 
triển của sự vật ấy thành nh ững giai đoạn. Trên c ơ sở ấy để tìm ra ph ương pháp nh ận 
thức và cách tác động phù hợp nhằm thúc đẩy sự vật tiến triển nhanh hơn hoặc kìm hãm 
sự phát triển của nó, tùy theo sự phát triển đó có lợi hay có hại đối với đời sống của con 
người.  
Quan điểm phát triển góp phần khắc phục tư tưởng bảo thủ, trì trệ, định kiến trong 
hoạt động nhận thức và hoạt động thực tiễn. 
 Với t ư cách là nh ững nguyên t ắc phương pháp lu ận, quan điểm toàn diện, quan 
điểm lịch sử - cụ thể, quan điểm phát triển góp phần định hướng, chỉ "
Chủ nghĩa duy vật biện chứng hiểu bản chất nhận thức như thế nào?,"Nhận thức là quá trình phản ánh tích cực, tự giác và sáng tạo hiện thực khách quan vào bộ óc con người trên cơ sở thực tiễn.",75770b9b-cdbf-4038-90e2-f25e1f4426fe_triethocmaclenin.pdf,137,Triết học Mác - Lênin,False,definition,MEDIUM,f94c95d6853cba1e5802,Chương IX,"một cách khoa h ọc, đặc biệt là chưa thấy được đầy đủ vai trò c ủa th ực ti ễn đối v ới 
nhận thức. 
b) Quan niệm về bản chất nhận thức của chủ nghĩa duy vật biện 
chứng 
Sự ra đời của chủ nghĩa duy vật biện chứng đã tạo ra một cuộc cách mạng trong lý 
luận nhận thức. Bằng sự kế thừa những yếu tố hợp lý, phát tri ển một cách sáng t ạo và 
được m inh ch ứng b ởi nh ững thành t ựu c ủa khoa h ọc, k ỹ th uật, c ủa th ực ti ễn xã h ội, 
C.Mác và Ph.Ăngghen đã xây dựng nên học thuyết về nhận thức. Học thuyết này ra đời 
dựa trên những nguyên tắc cơ bản sau: 
Một là, thừa nhận thế giới vật chất tồn tại khách quan độc lập đối với ý thức của con 
người. 
Hai là, thừa nhận khả năng nhận thức được thế giới của con người. Coi nhận thức 
là sự phản ánh hi ện thực khách quan vào trong b ộ óc c ủa con ng ười, là hoạt động tìm 
hiểu khách thể của chủ thể. Không có cái gì là không t hể nhận thức được mà chỉ có cái 
con người chưa nhận thức được nhưng sẽ nhận thức được. 
Ba là, khẳng định sự phản ánh đó là một quá trình biện chứng, tích cực, tự giác và 
sáng tạo. Quá trình phản ánh ấy diễn ra theo trình tự từ chưa biết đến biết, từ biết ít đến 
biết nhiều, đi từ hiện tượng đến bản chất và từ bản chất kém sâu s ắc đến bản chất sâu 
sắc hơn. 
Bốn là, coi thực tiễn là cơ sở chủ yếu và trực tiếp nhất của nhận thức, là động lực, 
mục đích của nhận thức và là tiêu chuẩn để kiểm tra chân lý. 
Dựa trên những nguyên tắc cơ bản đó, chủ nghĩa duy vật biện chứng khẳng định:  
Về bản chất, nhận thức là quá trình phản ánh tích cực, tự giác và sáng tạo thế giới 
khách quan vào bộ óc  người trên cơ sở thực"
Hãy giải thích kiến thức Triết học Mác - Lênin liên quan đến cách mạng xã hội theo nghĩa rộng và nghĩa hẹp được hiểu.,"Theo nghĩa rộng, cách theo cách trình bày của tài liệu mạng xã hội là biến đổi bước ngoặt và căn bản về chất trong mọi lĩnh vực đời sống; theo nghĩa hẹp, đó là việc lật đổ chế độ chính trị lỗi thời và thiết lập chế độ tiến bộ hơn.",75770b9b-cdbf-4038-90e2-f25e1f4426fe_triethocmaclenin.pdf,181,Triết học Mác - Lênin,False,comparison,MEDIUM,b0978ed918e29c704da4,Chương XII,"điểm xác lập nhà nước ấy, tùy thuộc vào tương quan lực lượng giữa các giai cấp và khối 
liên minh giai cấp tạo thành cơ sở xã hội của nhà nước, tùy thuộc vào nhiệm vụ kinh tế - 
chính trị - xã hội mà nhà nước đó phải thực hiện, tùy thuộc vào truyền thống chính trị của 
dân tộc. Hình thức cụ thể của nhà nước trong thời kỳ quá độ có thể rất khác nhau, nhưng 
bản chất của chúng chỉ là một: chuyên chính cách mạng của giai cấp vô sản. 
II- Cách mạng xã hội 
1. Bản chất và vai trò của cách mạng xã hội 
a) Khái niệm cách mạng xã hội 
Theo nghĩa rộng, cách mạng xã hội là sự biến đổi có tính chất bước ngoặt và căn 
bản về chất trong mọi lĩnh vực đời sống xã hội, là phương thức thay thế hình thái kinh tế 
- xã hội lỗi thời bằng hình thái kinh tế - xã hội cao hơn. 
Theo nghĩa hẹp, cách mạng xã h ội là việc lật đổ một chế độ chính trị đã lỗi thời, 
thiết lập một chế độ chính trị tiến bộ hơn.  
Dù theo nghĩa rộng hay nghĩa hẹp, giành chính quyền vẫn là vấn đề cơ bản của mọi 
cuộc cách mạng xã hội. Bởi vì, chỉ khi nào giành được chính quyền, giai cấp cách mạng 
mới xác l ập được n ền c huyên chính c ủa m ình, ti ến t ới b ảo đảm được quy ền l ực c ủa 
mình trên mọi lĩnh vực của đời sống xã hội.  
Tiến hóa xã h ội cũng là hình th ức phát tri ển c ủa xã h ội. Nh ưng khác v ới cách  
mạng xã hội, nó là quá trình phát triển diễn ra một cách tuần tự, dần dần với những biến 
đổi cục bộ trong một hình thái kinh t ế - xã h ội nhất định. Song ti ến hóa xã h ội và cách 
mạng xã h ội th ống nh ất biện ch ứng v ới nhau: cách m ạng xã h ội ch ỉ trở thành t ất yếu 
lịch sử khi những tiền đề của nó đượ"
Trình bày nội dung trọng tâm của giáo trình về phái duy danh và phái duy thực thuộc bối cảnh triết học nào.,"Đây được hiểu là hai khuynh hướng tiêu biểu trong triết học Tây Âu trung cổ, gắn với tranh luận về quan hệ giữa cái chung và cái riêng.",75770b9b-cdbf-4038-90e2-f25e1f4426fe_triethocmaclenin.pdf,30,Triết học Mác - Lênin,False,comparison,MEDIUM,0260e5b67f74bfd9e2aa,Chương II," đế, tinh th ần thế gi ới, là ""ý ni ệm"". Cái chung là cái có tr ước và t ồn t ại khách 
quan trong các sự vật riêng lẻ. Đó chính là quan điểm duy tâm, có nguồn gốc từ thuyết ý 
niệm của Platôn. 
Thiên chúa giáo chính th ống nghiêng v ề phái duy th ực. P hái duy danh có xu 
hướng duy v ật và ch ống l ại s ự th ống tr ị c ủa g iáo h ội. Song, nó không th ấy được s ự 
thống nhất biện chứng giữa cái chung và cái riêng.  
III- Triết học Tây Âu thời phục hưng và cận đại 
1. Triết học Tây Âu thời kỳ phục hưng thế kỷ XV - XVI 
Thế kỷ XV - XVI ở Tây Âu được gọi là thời kỳ Phục hưng với ý nghĩa là thời kỳ 
có sự khôi phục lại nền văn hóa cổ đại. Về mặt hình thái kinh t ế - xã h ội đó là th ời kỳ 
quá độ từ xã hội phong kiến sang xã hội tư bản. 
Thời kỳ này, sự phát triển của khoa học đã dần dần đoạn tuyệt với thần học và tôn 
giáo thời kỳ trung c ổ, bước lên con đường phát tri ển độc lập. Giai cấp tư sản mới hình 
thành và là giai cấp tiến bộ, có nhu cầu phát triển khoa học tự nhiên để tạo cơ sở cho sự 
phát triển kỹ thuật và sản xuất. Sự phát tri ển của khoa h ọc, về khách quan đã trở thành 
vũ khí mạnh mẽ chống thế giới quan duy tâm tôn giáo. 
Sự phát triển khoa học tự nhiên đã đòi hỏi có s ự khái quát tr iết học, rút ra nh ững 
kết luận có tính chất duy vật từ các tri thức khoa học cụ thể. 
Thời k ỳ này đã có  nh ững nhà khoa h ọc và tri ết h ọc tiêu biểu nh ư: Nicôlai 
Côpécních, Brunô, Gali lê, Nicôlai Kuzan, Tômát Morơ, v.v.. 
Trong các n hà t ư t ưởng đó thì Côpécních (1475 - 1 543), người Ba Lan, có ảnh 
hưởng lớn lao đến sự phát tr iển của triết học và khoa h ọc thời kỳ phục"
Trình bày nội dung trọng tâm của giáo trình về chất là gì trong quy luật lượng - chất.,"Chất được hiểu là tính quy định khách quan vốn có của sự vật, là sự thống nhất hữu cơ của các thuộc tính làm cho sự vật là nó và phân biệt nó với cái khác.",75770b9b-cdbf-4038-90e2-f25e1f4426fe_triethocmaclenin.pdf,123,Triết học Mác - Lênin,False,definition,MEDIUM,4fba1c359cb0e40f6b21,Chương VIII,"Chất là ph ạm trù tr iết học dùng để chỉ tính quy định khách quan v ốn có c ủa sự 
vật, là sự thống nhất hữu cơ của những thuộc tính làm cho s ự vật là nó chứ không phải 
là cái khác. 
Mỗi sự vật, hiện tượng trong th ế giới đều có nh ững chất vốn có, là m nên chính 
chúng. Nhờ đó chúng mới khác với các sự vật, hiện tượng khác. 
Thuộc tính  c ủa s ự v ật là nh ững tính ch ất, nh ững tr ạng thái, những y ếu t ố c ấu 
thành s ự vật,... Đó là nh ững cái vốn có của sự vật từ khi sự vật được sinh ra hoặc được 
hình thành t rong sự vận động và phát tri ển của nó. Tuy n hiên những thuộc tính vốn có 
của sự vật, hiện tượng chỉ được bộc lộ ra thông qua s ự tác động qua l ại với các s ự vật, 
hiện tượng khác. Chúng ta chỉ có thể biết nhiệt độ cao hay thấp của không khí thông qua 
sự tác động qua lại của nó với cơ quan xúc giác của chúng ta. Chất của một người cụ thể 
chỉ được bộc lộ thông qua quan h ệ của người đó với những người khác, với môi trường 
xung quanh, thông qua lời nói và việc làm của người ấy. Như vậy, muốn nhận thức đúng 
đắn về những thuộc tính của sự vật, chúng ta ph ải thông qua s ự tác động qua lại của sự 
vật đó với bản thân chúng ta hoặc thông qua quan hệ, mối liên hệ qua lại của nó với các 
sự vật khác. 
Mỗi sự vật có r ất nhiều thuộc tính; mỗi thuộc tính l ại biểu hiện một chất của sự 
vật. Do vậy, mỗi sự vật có rất nhiều chất. Chất và sự vật có mối quan hệ chặt chẽ, không 
tách r ời nhau. Trong hi ện th ực khách quan không th ể t ồn tại s ự v ật không có ch ất và 
không thể có chất nằm ngoài sự vật. 
Chất của sự vật được biểu hiện qua những thuộc tính của nó. Nh"
Trình bày nội dung trọng tâm của giáo trình về nguyên nhân trực tiếp dẫn đến sự xuất hiện của nhà nước.,Nguyên nhân trực tiếp của sự xuất hiện nhà nước được hiểu là những mâu thuẫn giai cấp không thể điều hòa được.,75770b9b-cdbf-4038-90e2-f25e1f4426fe_triethocmaclenin.pdf,174,Triết học Mác - Lênin,False,cause,MEDIUM,5e6bd80d696b9ba34cd9,Chương XII,"I- Nhà nước 
1. Nguồn gốc và bản chất của nhà nước  
a) Nguồn gốc của nhà nước  
Lịch s ử cho  th ấy không ph ải khi nào xã h ội c ũng có nhà n ước. Trong xã h ội 
nguyên thuỷ, do kinh t ế còn th ấp kém, ch ưa có s ự phân hóa giai c ấp, cho nên ch ưa có 
nhà nước. Đứng đầu các th ị tộc và b ộ lạc là các t ộc trưởng do nhân dân b ầu ra, quy ền 
lực của những người đứng đầu thuộc về uy tín và đạo đức, việc điều chỉnh các quan hệ 
xã hội được thực hiện bằng những quy tắc chung. Trong tay h ọ không có và không c ần 
một công cụ cưỡng bức đặc biệt nào. 
Lực lượng sản xuất phát triển đã dẫn đến sự ra đời chế độ tư hữu và t ừ đó xã h ội 
phân chia t hành các giai  cấp đối kháng và cu ộc đấu tranh giai c ấp không th ể điều hoà 
được xuất hiện. Điều đó dẫn đến nguy cơ các giai cấp chẳng những tiêu diệt lẫn nhau mà 
còn tiêu diệt luôn cả xã h ội. Để thảm hoạ đó không diễn ra, một cơ quan quyền lực đặc 
biệt đã ra đời. Đó là nhà nước. Nhà nước đầu tiên trong lịch sử là nhà nước chiếm hữu nô 
lệ, xuất hiện trong cuộc đấu tranh không điều hoà giữa giai cấp chủ nô và giai cấp nô lệ. 
Tiếp đó là nhà nước phong kiến, nhà nước tư sản. 
Nguyên nhân trực tiếp của sự xuất hiện nhà nước là mâu thuẫn giai cấp không thể 
điều hoà được. Đúng như V.I.Lênin nhận định: ""Nhà nước là sản phẩm và biểu hiện của 
những mâu thuẫn giai cấp không thể điều hoà được. Bất cứ ở đâu, hễ lúc nào và ch ừng 
nào mà, về mặt khách quan, những mâu thuẫn giai cấp không thể điều hoà được, thì nhà 
nước xuất hiện. Và ng ược lại: sự tồn tại của nhà nước chứng tỏ rằng những mâu thuẫn 
giai cấp là không t hể điều hoà được""1."
"Tóm tắt luận điểm có các từ khóa sau: theo Lênin, chủ nghĩa Mác ra đời có quan hệ thế nào với văn minh thế giới.","Lênin khẳng định chủ theo cách trình bày của tài liệu nghĩa Mác không phải học thuyết đóng kín mà là sự kế thừa trực tiếp các thành tựu lớn của triết học, kinh tế chính trị học và chủ nghĩa xã hội.",75770b9b-cdbf-4038-90e2-f25e1f4426fe_triethocmaclenin.pdf,50,Triết học Mác - Lênin,False,summary,MEDIUM,082139f2d2e1e8abc467,Chương III,"y giai cấp vô sản là vũ khi vật chất 
của mình, giai cấp vô sản cũng thấy triết học là vũ khí tinh thần của mình""1
2. Nguồn gốc lý luận và những tiền đề khoa học tự nhiên 
a) Nguồn gốc lý luận 
Để xây d ựng học thuyết của mình ngang t ầm cao c ủa trí tu ệ nhân lo ại, C.Mác và 
Ph.Ăngghen đã k ế th ừa nh ững thành t ựu trong l ịch s ử t ư t ưởng c ủa nhân lo ại. Lê nin 
viết: ""Lịch sử triết học và lịch sử khoa học xã hội chỉ ra một cách hoàn toàn rõ ràng rằng 
chủ nghĩa Mác không có gì là gi ống ""chủ nghĩa tông phái"", hi ểu theo nghĩa là m ột học 
thuyết đóng kín và c ứng nh ắc, n ảy sinh ở ngoài con đường phát tri ển v ĩ đại c ủa v ăn 
minh thế giới"". Người còn chỉ rõ, học thuyết của Mác ""ra đời là sự thừa kế thẳng và trực 
tiếp nh ững h ọc thuy ết c ủa nh ững đại bi ểu xu ất s ắc nh ất trong tri ết h ọc, trong kinh t ế 
chính trị học và trong chủ nghĩa xã hội""2. 
Triết h ọc c ổ điển Đức, đặc bi ệt v ới hai nhà tri ết h ọc tiêu bi ểu là Hêghen và 
Phoiơbắc, là nguồn gốc lý luận trực tiếp của triết học Mác. 
C.Mác và Ph. Ăngghen đã t ừng là nh ững ng ười theo h ọc tri ết h ọc Hêghen. Sau 
này, cả khi đã từ bỏ chủ nghĩa duy tâm của triết học Hêghen, các ông v ẫn đánh giá cao 
tư tưởng biện chứng của nó. Chính cái ""h ạt nhân hợp lý"" đó đã được Mác kế thừa bằng 
cách cải tạo, lột bỏ cái vỏ thần bí để xây d ựng nên lý l uận mới của phép bi ện chứng - 
phép biện chứng duy vật. Trong khi phê phán chủ nghĩa duy tâm của Hêghen, C.Mác đã 
dựa vào truy ền thống của chủ nghĩa duy v ật triết học mà trực tiếp là chủ nghĩa duy v ật 
triết học của Phoiơbắc; đồng thời đã cải tạo chủ nghĩa d"
Quang hợp ở thực vật diễn ra qua những giai đoạn nào?,Tôi chưa tìm thấy thông tin này trong tài liệu đã được huấn luyện.,,,Triết học Mác - Lênin,True,out_of_scope,MEDIUM,d8c659b2cee5240450e5,OUT_OF_SCOPE,
"Theo giáo trình, nếu giữa chúng có sự quy định lẫn nhau thì cũng chỉ là gì?","Nếu giữa chúng có sự quy định lẫn nhau thì cũng chỉ là những quy định bề ngoài, m ang tính ngẫu nhiên.",75770b9b-cdbf-4038-90e2-f25e1f4426fe_triethocmaclenin.pdf,95,Triết học Mác - Lênin,False,definition,MEDIUM,653b41c1d35d7abfd071,Chương VI,"Phép biện chứng duy v ật được xây d ựng trên c ơ sở một hệ thống những nguyên 
lý, nh ững ph ạm trù c ơ b ản, nh ững quy lu ật ph ổ bi ến ph ản ánh đúng đắn hi ện t hực. 
Trong hệ thống đó nguyên lý về mối liên hệ phổ biến và nguyên lý về sự phát triển là hai 
nguyên lý khái quát nh ất. Vì thế Ph.Ăngghen đã định nghĩa: ""phép biện chứng chẳng qua 
chỉ là môn khoa học về những quy luật phổ biến của sự vận động và sự phát triển của tự 
nhiên, của xã hội loài người và của tư duy""1. 
I- Nguyên lý về mối liên hệ phổ biến 
1. Khái niệm mối liên hệ 
Các sự vật, các hiện tượng và các quá trình khác nhau của thế giới có mối liên hệ 
qua l ại, tác động, ảnh h ưởng l ẫn nhau hay chúng t ồn t ại bi ệt l ập, tách r ời nhau? N ếu 
chúng có mối liên hệ qua lại thì cái gì quy định mối liên hệ đó? 
Trong l ịch s ử tri ết h ọc, để tr ả l ời những câu h ỏi đó ta th ấy có nhi ều quan điểm 
khác nhau. Trả lời câu hỏi thứ nhất, những người theo quan điểm siêu hình cho rằng các 
sự vật, hiện tượng tồn tại biệt lập, tách rời nhau, cái này tồn tại bên cạnh cái kia. Chúng 
không có sự phụ thuộc, không có sự ràng buộc và quy định lẫn nhau. Nếu giữa chúng có 
sự quy định lẫn nhau thì cũng chỉ là những quy định b ề ngoài, m ang tính ng ẫu nhiên. 
Tuy v ậy trong s ố nh ững ng ười theo quan điểm siêu hình c ũng có m ột s ố người cho 
rằng, các s ự vật, hiện tượng có m ối liên h ệ với nhau và m ối liên hệ rất đa dạng, phong 
phú, song các hình th ức liên  h ệ khác nhau không có kh ả n ăng chuy ển hóa l ẫn nhau. 
Chẳng h ạn, gi ới vô c ơ và gi ới h ữu c ơ không có liên h ệ gì v ới nhau; t ồn t ại độc l ập, "
Trình bày nội dung trọng tâm của giáo trình về không gian và thời gian có quan hệ thế nào với vật chất.,"Không gian và thời gian được hiểu là những hình thức tồn tại của vật chất, gắn liền với vật chất đang vận động.",75770b9b-cdbf-4038-90e2-f25e1f4426fe_triethocmaclenin.pdf,84,Triết học Mác - Lênin,False,definition,MEDIUM,9a2b065504198279d98a,Chương V," định, chưa thay đổi. 
Đứng i m là t ạm th ời vì v ận động c á bi ệt  có xu h ướng hình thành s ự v ật, hi ện 
tượng ổn định nào đó, còn vận động nói chung, tức là sự tác động qua lại lẫn nhau giữa 
sự vật và hiện tượng làm cho tất cả không ngừng biến đổi. 
Ph.Ăngghen chỉ rõ ""vận động riêng biệt có xu h ướng chuyển thành cân b ằng, vận 
động toàn bộ phá hoại sự cân bằng riêng biệt""1 và ""mọi sự cân bằng chỉ là tương đối và 
tạm thời""2. 
b) Không gian, thời gian
Trong lịch sử triết học, xung quanh các ph ạm trù không gian và th ời gian đã có 
nhiều quan điểm khác nhau. N hững người theo chủ nghĩa duy tâm phủ nhận tính khách 
quan của không gian và thời gian.  
Vào thời thế kỷ XVII - XVIII, các nhà duy vật siêu hình tập trung phân tích các 
khách thể vĩ mô vận động trong tốc độ thông thường nên đã tách rời không gian và thời 
gian với vật chất.  
Trên cơ sở các thành tựu của khoa học và thực tiễn, chủ nghĩa duy vật biện chứng 
cho rằng: 
Bất kỳ một khách th ể vật chất nào c ũng chiếm một ví tr í nhất định, có m ột kích 
thước nhất định, ở vào một khung cảnh nhất định trong tương quan với những khách thể 
khác. Các hình thức tồn tại như vậy của khách thể vật chất được gọi là không gian. 
Mặt khác, sự tồn tại của các khách th ể vật chất còn được biểu hiện ở mức độ lâu 
dài hay m au chóng, ở s ự k ế ti ếp trước hay sau c ủa các g iai đoạn v ận động. Các hình 
thức tồn tại như vậy được gọi là  thời gian. 
Không gian và th ời gian g ắn bó m ật thiết v ới nhau và g ắn liền v ới v ật ch ất, là 
phương thức tồn tại của vật chất. Điều đó có ngh ĩa là không có m ột dạng vật chất nào 
tồ"
Sản xuất vật chất có vai trò gì đối với xã hội?,"Sản xuất vật chất là cơ sở của sự tồn tại và phát triển xã hội, vì nó tạo ra điều kiện vật chất cho đời sống con người.",75770b9b-cdbf-4038-90e2-f25e1f4426fe_triethocmaclenin.pdf,151,Triết học Mác - Lênin,False,definition,MEDIUM,2538df0905987bf78c14,Chương X,"uá trình t ồn tại và phát triển, con người không thỏa mãn với những cái đã 
có sẵn trong giới tự nhiên, mà luôn luôn ti ến hành sản xuất vật chất nhằm tạo ra các t ư 
liệu sinh hoạt thỏa mãn nhu cầu ngày càng phong phú, đa dạng của con người. Việc sản 
xuất ra các t ư liệu sinh hoạt là yêu c ầu khách quan c ủa đời sống xã hội. Bằng việc ""sản 
xuất ra nh ững t ư li ệu sinh ho ạt c ủa mình, nh ư th ế con ng ười đã gián ti ếp s ản xu ất ra 
chính đời sống vật chất của mình""1. 
Trong quá trình s ản xuất ra của cải vật chất cho sự tồn tại và phát tri ển của mình, 
con người đồng thời sáng tạo ra toàn bộ các mặt của đời sống xã hội. Tất cả các quan hệ 
xã hội về nhà nước, pháp quyền, đạo đức, nghệ thuật, tôn giáo, v.v. đều hình thành, biến 
đổi trên cơ sở sản xuất vật chất. Khái quát lịch sử phát triển của nhân loại, C.Mác đã kết 
luận: ""Việc sản xuất ra những tư liệu sinh hoạt vật chất trực tiếp và chính, mỗi một giai 
đoạn phát triển kinh tế nhất định của một dân t ộc hay một thời đại tạo ra một cơ sở, từ 
đó mà người ta phát triển các th ể chế nhà n ước, các quan điểm pháp quy ền, nghệ thuật 
và thậm chí cả những quan niệm tôn giáo của con người ta""2. 
Trong quá trình s ản xuất vật chất, con người không ngừng làm biến đổi tự nhiên, 
biến đổi xã hội, đồng thời làm biến đổi bản thân mình. Sản xuất vật chất không ng ừng 
phát triển. Sự phát triển của sản xuất vật chất quyết định sự biến đổi, phát triển các mặt 
của đời sống xã hội, quyết định phát triển xã hội từ thấp đến cao. Chính vì vậy, phải tìm 
cơ sở sâu xa của các hiện tượng xã hội ở trong nền sản xuất vật chất của xã hội."
Ôn tập mục kiến thức có các từ khóa: mối liên hệ phổ biến.,"Mối liên hệ phổ theo cách trình bày của tài liệu biến là sự quy định, tác động, chuyển hóa lẫn nhau giữa các sự vật, hiện tượng hoặc giữa các mặt, yếu tố của cùng một sự vật.",75770b9b-cdbf-4038-90e2-f25e1f4426fe_triethocmaclenin.pdf,95,Triết học Mác - Lênin,False,definition,MEDIUM,e248ced563e9237455b9,Chương VI,"Phép biện chứng duy v ật được xây d ựng trên c ơ sở một hệ thống những nguyên 
lý, nh ững ph ạm trù c ơ b ản, nh ững quy lu ật ph ổ bi ến ph ản ánh đúng đắn hi ện t hực. 
Trong hệ thống đó nguyên lý về mối liên hệ phổ biến và nguyên lý về sự phát triển là hai 
nguyên lý khái quát nh ất. Vì thế Ph.Ăngghen đã định nghĩa: ""phép biện chứng chẳng qua 
chỉ là môn khoa học về những quy luật phổ biến của sự vận động và sự phát triển của tự 
nhiên, của xã hội loài người và của tư duy""1. 
I- Nguyên lý về mối liên hệ phổ biến 
1. Khái niệm mối liên hệ 
Các sự vật, các hiện tượng và các quá trình khác nhau của thế giới có mối liên hệ 
qua l ại, tác động, ảnh h ưởng l ẫn nhau hay chúng t ồn t ại bi ệt l ập, tách r ời nhau? N ếu 
chúng có mối liên hệ qua lại thì cái gì quy định mối liên hệ đó? 
Trong l ịch s ử tri ết h ọc, để tr ả l ời những câu h ỏi đó ta th ấy có nhi ều quan điểm 
khác nhau. Trả lời câu hỏi thứ nhất, những người theo quan điểm siêu hình cho rằng các 
sự vật, hiện tượng tồn tại biệt lập, tách rời nhau, cái này tồn tại bên cạnh cái kia. Chúng 
không có sự phụ thuộc, không có sự ràng buộc và quy định lẫn nhau. Nếu giữa chúng có 
sự quy định lẫn nhau thì cũng chỉ là những quy định b ề ngoài, m ang tính ng ẫu nhiên. 
Tuy v ậy trong s ố nh ững ng ười theo quan điểm siêu hình c ũng có m ột s ố người cho 
rằng, các s ự vật, hiện tượng có m ối liên h ệ với nhau và m ối liên hệ rất đa dạng, phong 
phú, song các hình th ức liên  h ệ khác nhau không có kh ả n ăng chuy ển hóa l ẫn nhau. 
Chẳng h ạn, gi ới vô c ơ và gi ới h ữu c ơ không có liên h ệ gì v ới nhau; t ồn t ại độc l ập, "
Trình bày nội dung trọng tâm của giáo trình về các tính chất cơ bản của mối liên hệ.,"Mối liên hệ có theo cách trình bày của tài liệu tính khách quan, tính phổ biến và tính đa dạng, phong phú.",75770b9b-cdbf-4038-90e2-f25e1f4426fe_triethocmaclenin.pdf,96,Triết học Mác - Lênin,False,listing,MEDIUM,23b241b9ebcb8459bc3c,Chương VI,"tượng tạo thành thế giới, dù có đa dạng, phong phú, có khác nhau bao nhiêu, song chúng 
đều chỉ là nh ững dạng khác nhau c ủa một th ế gi ới duy nh ất, th ống nh ất - th ế gi ới v ật 
chất. Nhờ có tính th ống nhất đó, chúng không th ể tồn tại biệt lập, tách rời nhau, mà tồn 
tại trong sự tác động qua lại, chuyển hóa l ẫn nhau theo nh ững quan h ệ xác định. Chính 
trên c ơ sở đó, tri ết h ọc duy v ật biện ch ứng kh ẳng định rằng, liên hệ là ph ạm trù tri ết 
học dùng để chỉ sự quy định, sự tác động qua lại, sự chuyển hóa l ẫn nhau giữa các sự 
vật, hiện tượng hay giữa các mặt của một sự vật, của một hiện tượng trong thế giới. 
2. Các tính chất của mối liên hệ 
Theo quan điểm của chủ nghĩa duy vật biện chứng, mối liên hệ có ba tính chất cơ 
bản: Tính khách quan, tính phổ biến và tính đa dạng, phong phú. 
- Tính khách quan của mối liên hệ biểu hiện: các mối liên hệ là vốn có của mọi sự 
vật, hiện tượng; nó không phụ thuộc vào ý thức của con người. 
- Tính phổ biến của mối liên hệ biểu hiện: bất kỳ một sự vật, hiện tượng nào; ở bất 
kỳ không gian nào và ở bất kỳ thời gian nào cũng có mối liên hệ với những sự vật, hiện 
tượng khác. Ngay trong cùng một sự vật, hiện tượng thì bất kỳ một thành phần nào, một 
yếu tố nào cũng có mối liên hệ với những thành phần, những yếu tố khác. 
- Tính đa dạng, phong phú của mối liên hệ biểu hiện: sự vật khác nhau, hiện tượng 
khác nhau, không gian khác nhau, thời gian khác nhau thì các mối liên hệ biểu hiện khác 
nhau. Có thể chia các mối liên hệ thành nhiều loại: mối liên hệ bên trong, mối liên hệ bên 
ngoài, mối liên hệ chủ yếu, mối liên hệ thứ"
Trình bày nội dung trọng tâm của giáo trình về chủ nghĩa duy vật và chủ nghĩa duy tâm được phân biệt chủ yếu theo tiêu chuẩn nào.,"Chúng được phân biệt theo cách trình bày của tài liệu theo cách trả lời vấn đề giữa vật chất và ý thức cái nào có trước, cái nào quyết định cái nào.",75770b9b-cdbf-4038-90e2-f25e1f4426fe_triethocmaclenin.pdf,7,Triết học Mác - Lênin,False,comparison,MEDIUM,bd14941c477b9c1ccb59,Chương I,"ay không con 
người cũng phải nhận thức thế giới và nhận thức bản thân mình. Những tri thức này dần 
dần hình thành nên th ế giới quan. Khi đã hình thành, thế giới quan lại trở thành nhân tố 
định hướng cho quá trình con ng ười tiếp tục nhận thức thế giới. Có thể ví thế giới quan 
như một ""thấu kính"", qua đó con người nhìn nhận thế giới xung quanh cũng như tự xem 
xét chính bản thân mình để xác định cho mình mục đích, ý nghĩa cuộc sống và lựa chọn 
cách thức hoạt động đạt được mục đích, ý nghĩa đó. Như vậy thế giới quan đúng đắn là 
tiền đề để xác lập nhân sinh quan tích cực và trình độ phát triển của thế giới quan là tiêu 
chí quan trọng về sự trưởng thành của mỗi cá nhân cũng như của mỗi cộng đồng xã hội 
nhất định. 
Triết học ra đời với tư cách là hạt nhân lý luận của thế giới quan, làm cho thế giới 
quan phát triển như một quá trình t ự giác dựa trên sự tổng kết kinh nghiệm thực tiễn và 
tri thức do các khoa học đưa lại. Đó là chức năng thế giới quan của triết học. 
Các trường phái chính c ủa triết học là sự diễn tả thế giới quan khác nhau, đối lập 
nhau bằng lý lu ận; đó là các thế giới quan tri ết học, phân biệt với thế giới quan thông 
thường. 
2. Chủ nghĩa duy vật, chủ nghĩa duy tâm và thuyết không thể biết 
a) Chủ nghĩa duy vật và chủ nghĩa duy tâm 
Việc giải quyết mặt thứ nhất vấn đề cơ bản của triết học đã chia các nhà tri ết học 
thành hai trường phái lớn. Những người cho rằng vật chất, giới tự nhiên là cái có trước và 
quyết định ý thức của con người được coi là các nhà duy vật; học thuyết của họ hợp thành 
các môn phái khác nhau của chủ nghĩa duy vật. Ngược lạ"
Tư tưởng yêu nước Việt Nam trong giáo trình được xem xét ở khía cạnh nào?,"Giáo trình xem xét các nội dung triết học trong tư tưởng yêu nước Việt Nam, như quan niệm về dân tộc, quốc gia độc lập và vai trò của nhân dân.",75770b9b-cdbf-4038-90e2-f25e1f4426fe_triethocmaclenin.pdf,41,Triết học Mác - Lênin,False,summary,MEDIUM,10b5fac90e64c1fee33b,Chương II,"chủ nghĩa duy v ật và chủ nghĩa duy tâm chưa đạt tới trình độ sâu s ắc và 
toàn diện. 
II- Những nội dung của tư tưởng yêu nước Việt Nam 
Có thể nói, sự phát triển tư tưởng yêu nước là sợi chỉ đỏ của lịch sử tư tưởng Việt 
Nam. Điều đó được cắt nghĩa bởi nước Việt Nam t ồn tại và phát tr iển trong điều kiện 
đấu tranh ch ống sự bành tr ướng và xâm lược của phong ki ến phương Bắc cùng các đế 
quốc khác. T ư tưởng đó là cái ph ản ánh t ồn tại đã được sản sinh ra và phát tri ển trong 
điều kiện phục vụ cho s ự đấu tranh để sống còn đó. Điều đó c ũng cho th ấy tính đặc 
thù c ủa lịch sử tư tưởng tri ết học Việt Nam không những thể hiện trong những hệ thống 
lý luận bên ngoài mà ng ười Việt Nam tiếp thu được và Việt hóa m à còn th ể hiện trong 
việc nhận thức về quy luật giữ nước và dựng nước. 
Yêu nước là m ột truyền thống lớn của dân t ộc. Nhưng yêu nước có th ể là m ột ý 
chí, một tâm lý, m ột tình c ảm xã h ội, đồng thời cũng có th ể là nh ững lý lu ận. Với tư 
cách là m ột bộ phận của lịch sử tư t ưởng triết học Việt Nam, t ư tưởng yêu n ước ph ải 
được xét trên bình di ện lý lu ận, mà ở đây là lý lu ận về dân t ộc độc lập và qu ốc gia có 
chủ quyền, về chiến lược và sách lược chiến thắng kẻ thù, về nhận thức và vận dụng quy 
luật của cuộc chiến tranh gi ữ nước, tức là những vấn đề lý lu ận lớn làm c ơ sở cho chủ 
nghĩa yêu nước. 
Nội dung c ủa t ư t ưởng yêu n ước Vi ệt Nam có th ể xét trên các ph ương di ện: 
Những nhận thức về dân tộc và dân tộc độc lập, những quan niệm về Nhà nước của một 
quốc gia độc lập ngang hàng v ới phương Bắc, những nhận thức về nguồn gốc và động"
Cái chung là gì?,"Cái chung là những mặt, thuộc tính, mối liên hệ lặp lại ở nhiều cái riêng.",75770b9b-cdbf-4038-90e2-f25e1f4426fe_triethocmaclenin.pdf,103,Triết học Mác - Lênin,False,definition,MEDIUM,aa3227b797518be19caa,Chương VII,"ản của phép biện chứng duy vật. 
II- Cái riêng và cái chung 
1. Khái niệm cái riêng và cái chung 
Trong cu ộc s ống hàng ngày, chúng ta th ường ti ếp xúc v ới nh ững s ự v ật, h iện 
tượng, quá trình khác nhau nh ư: Cái bàn, cái n hà, cái cây c ụ th ể, v.v.. M ỗi s ự v ật đó 
được gọi là m ột cái riên g, đồng thời, chúng ta c ũng thấy giữa chúng l ại có nh ững mặt 
giống nhau nh ư nh ững cái bàn đều được làm t ừ g ỗ, đều có m àu s ắc, hình d ạng. M ặt 
giống nhau đó người ta gọi là cái chung của những cái bàn.  
Vậy cái riêng là phạm trù chỉ một sự vật, một hiện tượng, một quá trình nhất định. 
Cái chung là phạm trù triết học dùng để chỉ những mặt, những thuộc tính không những có ở 
một kết cấu vật chất nhất định, mà còn được lặp lại trong nhiều sự vật, hiện tượng hay 
quá trình riêng lẻ khác.  
Cần phân biệt “cái riêng” với “cái đơn nhất”. “Cái đơn nhất” là ph ạm trù để ch ỉ 
những nét, nh ững mặt, những thuộc tính... chỉ có ở một sự vật, một kết cấu vật chất, mà 
không lặp lại ở sự vật, hiện tượng, kết cấu vật chất khác. T hí dụ, thủ đô Hà Nội là một 
“cái riêng”, ngoài các đặc điểm chung giống các thành ph ố khác c ủa Việt Nam, còn có 
những nét riêng như có phố cổ, có Hồ Gươm, có những nét văn hóa truyền thống mà chỉ 
ở Hà Nội mới có, đó là cái đơn nhất.  
2. Quan hệ biện chứng giữa ""cái riêng"" và ""cái chung""   
Trong lịch sử triết học đã có hai qua n điểm trái ngược nhau v ề mối quan h ệ giữa 
“cái riêng” và “cái chung”: 
Phái duy thực cho rằng, “cái riêng” chỉ tồn tại tạm thời, thoáng qua, không phải là 
cái tồn tại vĩnh viễn, chỉ có “cái chung” mới tồn tại vĩnh viễn,"
Hãy giải thích kiến thức Triết học Mác - Lênin liên quan đến không gian và thời gian có quan hệ thế nào với vật chất.,"Không gian và thời theo cách trình bày của tài liệu gian là những hình thức tồn tại của vật chất, gắn liền với vật chất đang vận động.",75770b9b-cdbf-4038-90e2-f25e1f4426fe_triethocmaclenin.pdf,84,Triết học Mác - Lênin,False,definition,MEDIUM,b1a063359f110437cd55,Chương V," định, chưa thay đổi. 
Đứng i m là t ạm th ời vì v ận động c á bi ệt  có xu h ướng hình thành s ự v ật, hi ện 
tượng ổn định nào đó, còn vận động nói chung, tức là sự tác động qua lại lẫn nhau giữa 
sự vật và hiện tượng làm cho tất cả không ngừng biến đổi. 
Ph.Ăngghen chỉ rõ ""vận động riêng biệt có xu h ướng chuyển thành cân b ằng, vận 
động toàn bộ phá hoại sự cân bằng riêng biệt""1 và ""mọi sự cân bằng chỉ là tương đối và 
tạm thời""2. 
b) Không gian, thời gian
Trong lịch sử triết học, xung quanh các ph ạm trù không gian và th ời gian đã có 
nhiều quan điểm khác nhau. N hững người theo chủ nghĩa duy tâm phủ nhận tính khách 
quan của không gian và thời gian.  
Vào thời thế kỷ XVII - XVIII, các nhà duy vật siêu hình tập trung phân tích các 
khách thể vĩ mô vận động trong tốc độ thông thường nên đã tách rời không gian và thời 
gian với vật chất.  
Trên cơ sở các thành tựu của khoa học và thực tiễn, chủ nghĩa duy vật biện chứng 
cho rằng: 
Bất kỳ một khách th ể vật chất nào c ũng chiếm một ví tr í nhất định, có m ột kích 
thước nhất định, ở vào một khung cảnh nhất định trong tương quan với những khách thể 
khác. Các hình thức tồn tại như vậy của khách thể vật chất được gọi là không gian. 
Mặt khác, sự tồn tại của các khách th ể vật chất còn được biểu hiện ở mức độ lâu 
dài hay m au chóng, ở s ự k ế ti ếp trước hay sau c ủa các g iai đoạn v ận động. Các hình 
thức tồn tại như vậy được gọi là  thời gian. 
Không gian và th ời gian g ắn bó m ật thiết v ới nhau và g ắn liền v ới v ật ch ất, là 
phương thức tồn tại của vật chất. Điều đó có ngh ĩa là không có m ột dạng vật chất nào 
tồ"
Trình bày nội dung trọng tâm của giáo trình về định nghĩa vật chất của Lênin xem vật chất.,"Vật chất được hiểu là phạm trù triết học dùng để chỉ thực tại khách quan được đem lại cho con người trong cảm giác, được cảm giác chép lại, chụp lại, phản ánh và tồn tại không lệ thuộc vào cảm giác.",75770b9b-cdbf-4038-90e2-f25e1f4426fe_triethocmaclenin.pdf,79,Triết học Mác - Lênin,False,definition,MEDIUM,c4e49591b8f1fe6f1500,Chương V,"h ệ thống các qua n 
hệ xã h ội đã t ạo c ơ s ở khoa h ọc để nh ận th ức đúng đắn các hi ện t ượng xã h ội, để 
nghiên c ứu những quy l uật khách quan c ủa xã h ội. 
Như v ậy, bản ch ất c ủa thế giới là v ật ch ất; thế gi ới th ống nhất ở tính vật ch ất. 
Thế giới vật chất có nguyên nhân t ự nó, vĩnh hằng và vô tận với vô số những biểu hiện 
muôn hình muôn vẻ. 
2. Vật chất 
a) Lược khảo các quan điểm trước Mác về vật chất 
Vật chất với tư cách là phạm trù tri ết học đã có l ịch sử khoảng 2.500 n ăm. Ngay 
từ lúc mới ra đời, xung quanh phạm trù vật chất đã diễn ra cuộc đấu tranh không khoan 
nhượng gi ữa ch ủ ngh ĩa duy v ật v à ch ủ ngh ĩa duy tâm . Gi ống nh ư m ọi ph ạm trù  
khác, ph ạm trù vật chất có quá trình phát sinh và phát tri ển gắn liền với hoạt động thực 
tiễn của con người và với sự hiểu biết của con người về giới tự nhiên. 
Theo quan điểm của chủ nghĩa duy tâm thì th ực thể của thế giới, cơ sở của mọi 
tồn tại là một bản nguyên tinh th ần nào đó, có thể là ""ý chí của Thượng đế"" là ""ý niệm 
tuyệt đối"", v.v..  
Theo quan điểm của chủ nghĩa duy vật thì thực thể của thế giới là vật chất, cái tồn 
tại một cách vĩnh cửu, tạo nên mọi sự vật và hiện tượng cùng với những thuộc tính của 
chúng. 
Vào th ời c ổ đại các nhà tri ết h ọc duy v ật đã đồng nh ất v ật ch ất nói chung v ới 
những dạng cụ thể của nó, t ức là nh ững vật thể hữu hình, c ảm tính đang tồn tại ở thế 
giới bên ngoài.  Đỉnh cao c ủa tư tưởng duy v ật cổ đại về vật là thuy ết nguyên t ử của 
Lơxíp và Đêmôcrít. Nguyên tử là các phần tử cực nhỏ, cứng, không thể xâm nhập được, 
không c ảm giác được. Nguyên"
Hình thức là gì?,"Hình thức là phương thức tồn tại và phát triển của sự vật, là hệ thống các mối liên hệ tương đối bền vững giữa các yếu tố của nội dung.",75770b9b-cdbf-4038-90e2-f25e1f4426fe_triethocmaclenin.pdf,112,Triết học Mác - Lênin,False,definition,MEDIUM,5d224247262a6ee3c6f1,Chương VII,"văn học là toàn  bộ những sự kiện của cuộc sống 
hiện thực mà tác ph ẩm phản ánh, còn hình th ức bên trong c ủa tác ph ẩm đó là th ể loại, 
những phương pháp thể hiện được tác giả sử dụng trong tác phẩm như phương pháp kết 
cấu bố cục, nghệ thuật xây dựng hình tượng, các thủ pháp miêu tả, tu từ... Ngoài ra, một 
tác ph ẩm v ăn h ọc còn  có hình th ức b ề ngoài nh ư m àu s ắc trình bày, kh ổ sách, ki ểu 
chữ... Trong cặp phạm trù nội dung và hình thức, phép biện chứng duy vật chủ yếu muốn 
nói đến hình th ức bên trong g ắn liền với nội dung, là c ơ cấu của nội dung ch ứ không 
muốn nói đến hình thức bề ngoài của sự vật. 
2. Mối quan hệ biện chứng giữa nội dung và hình thức 
a) Sự thống nhất giữa nội dung và hình thức 
Vì nội dung là những mặt, những yếu tố, những quá trình tạo nên sự vật, còn hình 
thức là hệ thống các mối liên hệ tương đối bền vững giữa các yếu tố của nội dung. Nên 
nội dung và hình th ức luôn g ắn bó ch ặt chẽ với nhau trong m ột thể thống nhất. Không 
có hình thức nào tồn tại thuần túy không chứa đựng nội dung, ngược lại cũng không có 
nội dung nào lại không tồn tại trong một hình thức xác định. Nội dung nào có hình th ức 
đó. 
Nội dung và hình th ức không t ồn tại tách rời nhau, nh ưng không ph ải vì th ế mà 
lúc nào nội dung và hình thức cũng phù hợp với nhau. Không phải một nội dung bao giờ 
cũng chỉ được thể hiện ra trong một hình thức nhất định, và một hình thức luôn chỉ chứa 
một nội dung nhất định, mà một nội dung trong quá trình phát triển có thể có nhiều hình 
thức thể hiện, ngược lại, một hình th ức có th ể thể hiện nhiều nội dung khác nhau. Thí"
Quan niệm về nhà nước của một quốc gia độc lập gắn với nội dung gì trong tư tưởng Việt Nam?,"Nó gắn với ý thức độc lập dân tộc, chủ quyền quốc gia và khẳng định vị thế ngang hàng của quốc gia độc lập.",75770b9b-cdbf-4038-90e2-f25e1f4426fe_triethocmaclenin.pdf,43,Triết học Mác - Lênin,False,summary,MEDIUM,6b4e585e53d843eeb570,Chương II,"tranh giành độc lập dân tộc. 
Xây dựng nhà n ước trong lúc b ấy giờ không t hể không tính tới các y ếu tố: quốc 
hiệu, quốc đô, đế hiệu, niên hiệu,... Làm sao để các danh h iệu đó vừa thể hiện được sự 
độc l ập c ủa dân t ộc, v ừa cho th ấy s ự b ền v ững, s ự phát tri ển và s ự ngang hàng v ới 
phương Bắc. Các triều đại độc lập của Việt Nam đều chú ý đáp ứng những yêu cầu trên. 
Chính vì vậy mà sau khi quét s ạch lũ thống trị phương Bắc, Lý Bí đã từ bỏ luôn các tên 
gọi mà h ọ đã áp đặt cho n ước ta, nh ư: ""Giao C hỉ"", ""Giao Châu"", ""Nam Giao"", ""L ĩnh 
Nam"", v.v. những tên gắn liền với sự phụ thuộc vào phương Bắc, và đặt tên nước là Vạn 
Xuân. Ti ếp đến nhà Đinh g ọi là Đại C ồ Vi ệt, nhà Lý g ọi là Đại Vi ệt... Tên hi ệu c ủa 
người đứng đầu trong n ước cũng được chuyển từ Vương sang Đế để chứng tỏ sự độc 
lập và ngang hàng v ới hoàng đế phương Bắc, như từ Trưng Vương đến Lý Nam Đế, từ 
Triệu Việt Vương đến Mai Hắc Đế, Đinh Tiên Hoàng... Kinh đô cũng được chuyển từ Cổ 
Loa đến Hoa Lư, rồi từ Hoa Lư đến Thăng Long để có được nơi ""Trung tâm  bờ cõi đất 
nước... v ị trí ở gi ữa b ốn ph ương, muôn v ật phong phú t ốt t ươi... ch ỗ t ụ h ọp c ủa b ốn 
phương"" (Chiếu dời đô của Lý Công Uẩn), nơi xứng đáng là kinh đô của một nước phát 
triển. Như vậy là đầu thời kỳ độc lập, Việt Nam - m ột quốc gia dân t ộc phong ki ến về 
mặt chính thể từ quốc hiệu, đế hiệu, đến niên hiệu, kinh đô, v.v. đều được nhận thức đầy 
đủ và ở đó mỗi tên gọi là một tư thế của sự độc lập, tự chủ, tự cường. 
3. Những nhận thức về nguồn gốc về sự động lực của cuộc chiến tranh 
cứu nước và giữ nước 
Lý lu ận"
Hãy giải thích kiến thức Triết học Mác - Lênin liên quan đến vận động được hiểu là gì trong triết học duy vật biện chứng.,"Vận động là phương thức tồn tại của vật chất, bao bao gồm mọi sự biến đổi nói chung của các sự vật và hiện tượng.",75770b9b-cdbf-4038-90e2-f25e1f4426fe_triethocmaclenin.pdf,82,Triết học Mác - Lênin,False,definition,MEDIUM,a7a3d8ad2a5617e0997a,Chương V,"dạng hoặc các hình thức mới của vật thể trong thế giới. 
- Khi nh ận th ức các hi ện t ượng thu ộc đời s ống xã h ội, định ngh ĩa v ật ch ất c ủa 
V.I.Lênin đã cho phép xác định cái gì là vật chất trong lĩnh vực xã h ội. Từ đó giúp các 
nhà khoa học có c ơ sở lý lu ận để giải thích những nguyên nhân c uối cùng của các biến 
cố xã hội, những nguyên nhân thuộc về sự vận động của phương thức sản xuất; trên cơ sở 
ấy, người ta có thể tìm ra các phương án tối ưu để hoạt động thúc đẩy xã hội phát triển. 
3. Những phương thức tồn tại của vật chất 
Tìm hiểu những phương thức tồn tại của vật chất nhằm trả lời cho câu hỏi: Những 
dạng cụ thể của vật chất biểu hiện sự tồn tại của mình bằng cách nào. T heo quan điểm 
của chủ nghĩa duy vật biện chứng, các dạng cụ thể của vật chất biểu hiện sự tồn tại của 
mình bằng vận động, không gian, thời gian. 
a) Vận động 
Theo quan điểm của chủ nghĩa duy vật biện chứng, vận động không chỉ là sự thay 
đổi v ị trí trong không gian (hình th ức v ận động th ấp, gi ản đơn c ủa v ật ch ất) mà theo 
nghĩa chung nhất, vận động là mọi sự biến đổi. Ph. Ăngghen vi ết ""V ận động hi ểu theo 
nghĩa chung nhất (...) bao g ồm tất cả mọi sự thay đổi và mọi quá trình di ễn ra trong v ũ 
trụ, kể từ sự thay đổi vị trí đơn giản cho đến tư duy""1. 
Khi định nghĩa vận động là sự biến đổi nói chung, t hì vận động ""là thuộc tính cố 
hữu của vật chất"", ""là phương thức tồn tại của vật chất""2. Điều này có ngh ĩa là vật chất 
tồn t ại b ằng v ận động. Trong v ận động và thông qua v ận động mà các d ạng v ật chất 
biểu hiện sự tồn tại của mình, Một khi chúng ta nh ận thức được "
Trình bày nội dung trọng tâm của giáo trình về nguồn gốc lý luận trực tiếp của triết học Mác.,"Nguồn gốc lý luận trực tiếp được hiểu là triết học cổ điển Đức, đặc biệt là triết học Hêghen và Phoiơbắc.",75770b9b-cdbf-4038-90e2-f25e1f4426fe_triethocmaclenin.pdf,50,Triết học Mác - Lênin,False,history,MEDIUM,7f46528a36828e1d7a2b,Chương III,"luận tiến bộ và cách mạng mới. Đó là lý luận thể hiện thế giới quan cách mạng của giai 
cấp cách m ạng tri ệt để nh ất trong l ịch s ử, do đó, k ết h ợp m ột cách h ữu c ơ tính các h 
mạng và tính khoa học trong bản chất của mình; nhờ đó, nó có khả năng giải đáp bằng lý 
luận những vấn đề của thời đại đặt ra. Lý luận như vậy đã được sáng tạo nên bởi C.Mác 
và Ph.Ăngghen, trong đó tri ết học đóng vai trò là c ơ sở lý lu ận chung: c ơ sở thế giới 
quan và phương pháp luận. ""Giống như triết học thấy giai cấp vô sản là vũ khi vật chất 
của mình, giai cấp vô sản cũng thấy triết học là vũ khí tinh thần của mình""1
2. Nguồn gốc lý luận và những tiền đề khoa học tự nhiên 
a) Nguồn gốc lý luận 
Để xây d ựng học thuyết của mình ngang t ầm cao c ủa trí tu ệ nhân lo ại, C.Mác và 
Ph.Ăngghen đã k ế th ừa nh ững thành t ựu trong l ịch s ử t ư t ưởng c ủa nhân lo ại. Lê nin 
viết: ""Lịch sử triết học và lịch sử khoa học xã hội chỉ ra một cách hoàn toàn rõ ràng rằng 
chủ nghĩa Mác không có gì là gi ống ""chủ nghĩa tông phái"", hi ểu theo nghĩa là m ột học 
thuyết đóng kín và c ứng nh ắc, n ảy sinh ở ngoài con đường phát tri ển v ĩ đại c ủa v ăn 
minh thế giới"". Người còn chỉ rõ, học thuyết của Mác ""ra đời là sự thừa kế thẳng và trực 
tiếp nh ững h ọc thuy ết c ủa nh ững đại bi ểu xu ất s ắc nh ất trong tri ết h ọc, trong kinh t ế 
chính trị học và trong chủ nghĩa xã hội""2. 
Triết h ọc c ổ điển Đức, đặc bi ệt v ới hai nhà tri ết h ọc tiêu bi ểu là Hêghen và 
Phoiơbắc, là nguồn gốc lý luận trực tiếp của triết học Mác. 
C.Mác và Ph. Ăngghen đã t ừng là nh ững ng ười theo h ọc tri ết h ọc Hêghen. "
Hãy giải thích kiến thức Triết học Mác - Lênin liên quan đến chất là gì trong quy luật lượng - chất.,"Chất là tính quy theo cách trình bày của tài liệu định khách quan vốn có của sự vật, là sự thống nhất hữu cơ của các thuộc tính làm cho sự vật là nó và phân biệt nó với cái khác.",75770b9b-cdbf-4038-90e2-f25e1f4426fe_triethocmaclenin.pdf,123,Triết học Mác - Lênin,False,definition,MEDIUM,89fc78989f76d502c496,Chương VIII,"Chất là ph ạm trù tr iết học dùng để chỉ tính quy định khách quan v ốn có c ủa sự 
vật, là sự thống nhất hữu cơ của những thuộc tính làm cho s ự vật là nó chứ không phải 
là cái khác. 
Mỗi sự vật, hiện tượng trong th ế giới đều có nh ững chất vốn có, là m nên chính 
chúng. Nhờ đó chúng mới khác với các sự vật, hiện tượng khác. 
Thuộc tính  c ủa s ự v ật là nh ững tính ch ất, nh ững tr ạng thái, những y ếu t ố c ấu 
thành s ự vật,... Đó là nh ững cái vốn có của sự vật từ khi sự vật được sinh ra hoặc được 
hình thành t rong sự vận động và phát tri ển của nó. Tuy n hiên những thuộc tính vốn có 
của sự vật, hiện tượng chỉ được bộc lộ ra thông qua s ự tác động qua l ại với các s ự vật, 
hiện tượng khác. Chúng ta chỉ có thể biết nhiệt độ cao hay thấp của không khí thông qua 
sự tác động qua lại của nó với cơ quan xúc giác của chúng ta. Chất của một người cụ thể 
chỉ được bộc lộ thông qua quan h ệ của người đó với những người khác, với môi trường 
xung quanh, thông qua lời nói và việc làm của người ấy. Như vậy, muốn nhận thức đúng 
đắn về những thuộc tính của sự vật, chúng ta ph ải thông qua s ự tác động qua lại của sự 
vật đó với bản thân chúng ta hoặc thông qua quan hệ, mối liên hệ qua lại của nó với các 
sự vật khác. 
Mỗi sự vật có r ất nhiều thuộc tính; mỗi thuộc tính l ại biểu hiện một chất của sự 
vật. Do vậy, mỗi sự vật có rất nhiều chất. Chất và sự vật có mối quan hệ chặt chẽ, không 
tách r ời nhau. Trong hi ện th ực khách quan không th ể t ồn tại s ự v ật không có ch ất và 
không thể có chất nằm ngoài sự vật. 
Chất của sự vật được biểu hiện qua những thuộc tính của nó. Nh"
Trình bày nội dung trọng tâm của giáo trình về mâu thuẫn biện chứng.,"Mâu thuẫn biện chứng được hiểu là sự thống nhất và đấu tranh giữa các mặt đối lập trong cùng một sự vật, hiện tượng hoặc quá trình.",75770b9b-cdbf-4038-90e2-f25e1f4426fe_triethocmaclenin.pdf,128,Triết học Mác - Lênin,False,definition,MEDIUM,3d7fd861e056a2b088a1,Chương VIII,"cụ thể hay quan h ệ cụ thể. Mặt khác, đời sống xã hội của con người rất đa dạng, phong 
phú do rất nhiều yếu tố cấu thành, do đó để thực hiện được bước nhảy toàn bộ, trước hết, 
phải thực hiện những bước nhảy cục bộ làm thay đổi về chất của từng yếu tố. 
Sự thay đổi về chất của sự vật còn phụ thuộc vào sự thay đổi phương thức liên kết 
giữa các y ếu t ố t ạo thành s ự v ật. Do đó, trong ho ạt động phải bi ết cách tác động vào 
phương thức liên k ết giữa các y ếu tố tạo thành s ự vật trên c ơ sở hiểu rõ b ản chất, quy 
luật, kết cấu của sự vật đó. Chẳng hạn, trên cơ sở hiểu biết đúng đắn về gen, con ng ười 
có th ể tác động vào ph ương th ức liên k ết giữa các nhân t ố tạo thành ge n làm cho gen 
biến đổi. Trong một t ập th ể c ơ ch ế qu ản lý, lãnh đạo và quan h ệ gi ữa các thành viên 
trong tập thể ấy thay đổi có tính ch ất toàn b ộ thì r ất có th ể sẽ làm cho t ập thể đó vững 
mạnh. 
III- Quy luật thống nhất và đấu tranh của các mặt đối lập  
Quy luật thống nhất và đấu tranh c ủa các mặt đối lập (quy lu ật mâu thuẫn) là h ạt 
nhân của phép biện chứng. V. I. Lênin viết: ""Có thể định nghĩa vắn tắt phép biện chứng 
là học thuyết về sự thống nhất của các m ặt đối lập. Như thế là n ắm được hạt nhân c ủa 
phép biện chứng, nhưng điều đó đòi hỏi phải có nh ững giải thích và m ột sự phát tri ển 
thêm""1. 
1. Khái niệm các mặt đối lập, mâu thuẫn, sự thống nhất và đấu tranh 
của các mặt đối lập 
Tất c ả các s ự v ật, hi ện t ượng trên th ế gi ới đều ch ứa đựng những mặt trái ngược 
nhau. Trong nguyên tử có điện tử và hạt nhân; trong sinh vật có đồng hóa và dị hóa; trong 
kinh tế thị "
Tính thống nhất vật chất của thế giới khẳng định điều gì?,"Nó khẳng định thế giới thống nhất ở tính vật chất, các sự vật và hiện tượng đều là những dạng tồn tại khác nhau của vật chất.",75770b9b-cdbf-4038-90e2-f25e1f4426fe_triethocmaclenin.pdf,77,Triết học Mác - Lênin,False,definition,MEDIUM,cf0be8701fd9e94d1b8d,Chương V,"I- vật chất và các phương thức tồn tại của vật chất 
1. Tính thống nhất vật chất của thế giới 
Nếu quan sát ta th ấy, các sự vật và hiện tượng trong thế giới cực kỳ đa dạng; mặt 
khác, chúng c ũng r ất g ắn bó h ết s ức mật thi ết v ới nhau, ph ụ thu ộc vào nhau và hoàn 
toàn thống nhất với nhau.  
Các nhà tri ết h ọc duy tâm  tì m ngu ồn g ốc, b ản ch ất c ủa t hế gi ới ở ""ý ni ệm 
tuyệt đối"" ho ặc ở ý th ức con ng ười; ng ược l ại thì các nhà duy v ật tr ước Mác có 
khuynh h ướng chung là tìm  ngu ồn g ốc, b ản ch ất c ủa th ế giới ngay trong b ản thân nó. 
Nhưng do ảnh hưởng c ủa quan điểm siêu hình - m áy móc nên h ọ cho r ằng m ọi hi ện 
tượng của thế giới đều được cấu tạo từ những vật thể ban đầu giống nhau, th ống nhất 
với nhau, cùng bị chi phối bởi một số quy luật nhất định. Quan điểm ấy không phản ánh 
được tính nhiều vẻ, tính vô tận của thế giới hiện thực.  
 Bằng sự phát tri ển lâu dài c ủa bản thân tr iết học và s ự phát tri ển của khoa h ọc, 
chủ nghĩa duy vật biện chứng khẳng định rằng, bản chất của thế giới là vật chất, thế giới 
thống nhất ở tính vật chất. Điều đó được thể hiện ở những điểm cơ bản sau đây: 
Một là, chỉ có m ột thế giới duy nh ất và th ống nhất là th ế giới vật chất. Thế giới 
vật chất tồn tại khách quan, có trước và độc lập với ý thức con người. 
Hai là, mọi bộ phận của thế giới vật chất đều có mối liên hệ thống nhất với nhau, 
biểu hiện ở chỗ chúng đều là những dạng cụ thể của vật chất, là những kết cấu vật chất, 
hoặc có nguồn gốc vật chất, do vật chất sinh ra và cùng ch ịu sự chi phối của những quy 
luật khách quan phổ biến của thế giới "
Hãy giải thích kiến thức Triết học Mác - Lênin liên quan đến quan hệ giữa cá nhân và xã hội là quan hệ.,"Cá nhân và xã theo cách trình bày của tài liệu hội có quan hệ biện chứng: xã hội là điều kiện hình thành cá nhân, còn hoạt động của cá nhân góp phần cải biến xã hội.",75770b9b-cdbf-4038-90e2-f25e1f4426fe_triethocmaclenin.pdf,208,Triết học Mác - Lênin,False,relationship,MEDIUM,dbeb3f979c54c5ef06f3,Chương XIV,"2. Biện chứng giữa cá nhân và xã hội 
Xã hội là khái ni ệm dùng để chỉ cộng đồng các cá nhân tron g mối quan h ệ biện 
chứng với nhau, trong đó cộng đồng nhỏ nhất của một xã h ội là c ộng đồng tập thể gia 
đình, cơ quan, đơn vị... và lớn hơn là cộng đồng xã hội quốc gia, dân tộc…  và rộng lớn 
nhất là cồng đồng nhân loại. 
Nguyên tắc cơ bản của việc xác lập mối quan hệ giữa cá nhân và t ập thể cũng như 
mối quan hệ giữa cá nhân và các cộng đồng xã hội nói chung  chính là mối quan hệ giữa lợi 
ích cá nhân và  lợi ích cộng đồng xã hội. Đó cũng là mối quan hệ vừa có sự  thống nhất vừa 
có mâu thuẫn.  
Mỗi cá nhân v ới tư cách là m ột con ng ười, không  bao gi ờ có th ể tách r ời kh ỏi 
những c ộng đồng xã  hội nh ất định, đồng th ời m ối qu an h ệ gi ữa cá nhân và xã h ội 
là hiện t ượng có tính l ịch s ử.  
Là m ột hi ện t ượng l ịch s ử, quan h ệ cá nhân - xã hội luôn luôn v ận động, bi ến 
đổi và phát  tri ển, trong đó, sự thay đổi về chất chỉ diễn ra khi có s ự thay thế hình thái 
kinh t ế - xã h ội này b ằng hình thái kinh t ế - xã h ội khác. Trong giai đoạn c ộng s ản 
nguyên thuỷ, không có s ự đối kháng giữa cá nhân và xã h ội. Lợi ích cá nhân và l ợi ích 
xã hội căn bản là thống nhất. Khi xã h ội phân chia giai cấp, quan h ệ cá nhân và xã h ội 
vừa có th ống nhất vừa có m âu thuẫn và mâu thuẫn đối kháng. Trong chủ nghĩa xã h ội, 
những điều kiện của xã hội mới tạo tiền đề cho cá nhân, để mỗi cá nhân phát huy n ăng 
lực và bản sắc riêng của mình, phù hợp với lợi ích và m ục tiêu của xã hội mới. Vì vậy, 
xã hội xã hội chủ nghĩa và cá nhân là th ống nhất biện chứng, là ti"
Tóm tắt luận điểm có các từ khóa sau: ý nghĩa phương pháp luận của nguyên lý mối liên hệ phổ biến.,"Nó đòi hỏi phải theo cách trình bày của tài liệu có quan điểm toàn diện, quan điểm lịch sử - cụ thể và tránh xem xét sự vật một cách phiến diện, cô lập.",75770b9b-cdbf-4038-90e2-f25e1f4426fe_triethocmaclenin.pdf,99,Triết học Mác - Lênin,False,methodology,MEDIUM,f5f5c78775512f75bc04,Chương VI,"c 
nước chậm phát triển và kém phát triển. 
Những điều kiện nêu ra ở trên cho thấy, dù sự vật, hiện tượng có thể có những giai 
đoạn vận động đi lên nh ư thế này ho ặc như thế khác, nh ưng xem xét toàn b ộ quá trình 
thì chúng vẫn tuân theo khuynh hướng chung. 
3. Ý nghĩa phương pháp luận 
Nguyên lý về sự phát triển cho thấy trong hoạt động nhận thức và hoạt động thực 
tiễn con người phải tôn trọng quan điểm phát triển. 
Quan điểm phát triển đòi hỏi khi nhận thức, khi giải quyết một vấn đề nào đó con 
người phải đặt chúng ở trạng thái động, nằm trong khuynh hướng chung là phát triển. 
Quan điểm phát tri ển đòi h ỏi không ch ỉ nắm b ắt những cái hiện đang tồn tại ở 
sự v ật, mà còn ph ải th ấy rõ khuynh h ướng phát tri ển trong t ương lai c ủa chúng, ph ải 
thấy được những bi ến đổi đi lên c ũng nh ư nh ững bi ến đổi có tính ch ất th ụt lùi. Song 
điều cơ bản là phải khái quát những bi ến đổi để vạch ra khuynh h ướng bi ến đổi chính 
của sự vật. 
Xem xét s ự vật theo quan điểm phát tri ển còn ph ải biết phân chia quá trình phát 
triển của sự vật ấy thành nh ững giai đoạn. Trên c ơ sở ấy để tìm ra ph ương pháp nh ận 
thức và cách tác động phù hợp nhằm thúc đẩy sự vật tiến triển nhanh hơn hoặc kìm hãm 
sự phát triển của nó, tùy theo sự phát triển đó có lợi hay có hại đối với đời sống của con 
người.  
Quan điểm phát triển góp phần khắc phục tư tưởng bảo thủ, trì trệ, định kiến trong 
hoạt động nhận thức và hoạt động thực tiễn. 
 Với t ư cách là nh ững nguyên t ắc phương pháp lu ận, quan điểm toàn diện, quan 
điểm lịch sử - cụ thể, quan điểm phát triển góp phần định hướng, chỉ "
Hãy giải thích kiến thức Triết học Mác - Lênin liên quan đến bước nhảy.,Bước nhảy là sự theo cách trình bày của tài liệu chuyển hóa về chất của sự vật do sự thay đổi về lượng đạt tới điểm nút.,75770b9b-cdbf-4038-90e2-f25e1f4426fe_triethocmaclenin.pdf,126,Triết học Mác - Lênin,False,definition,MEDIUM,cabc436df0d5804b41e1,Chương VIII,"trình độ tri thức, giúp h ọ ti ến lên trình độ cao h ơn. Cũng gi ống nh ư v ậy, khi n ước t ừ 
trạng thái lỏng sang trạng thái hơi thì vận tốc của các phân tử nước cao hơn, thể tích của 
nước ở tr ạng thái h ơi s ẽ l ớn h ơn th ể tích c ủa nó ở tr ạng thái l ỏng v ới cùng m ột kh ối 
lượng, tính chất hoà tan một số chất tan của nó cũng sẽ khác đi, v.v.. 
Như vậy, không ch ỉ những thay đổi về lượng dẫn đến những thay đổi về chất mà 
những thay đổi về chất cũng đã dẫn đến những thay đổi về lượng. 
c) Các hình thức cơ bản của bước nhảy 
Bước nh ảy để chuy ển hóa v ề ch ất c ủa s ự v ật h ết s ức đa dạng và phong phú v ới 
những hình th ức rất khác nhau. N hững hình th ức b ước nh ảy được quy ết định b ởi b ản 
thân sự vật, bởi những điều kiện cụ thể trong đó sự vật thực hiện bước nhảy.  
Dựa trên nhịp điệu thực hiện bước nhảy của bản thân sự vật có thể phân chia thành 
bước nhảy đột biến và bước nhảy dần dần. 
Bước nhảy đột biến là bước nhảy được thực hiện trong một thời gian rất ngắn làm 
thay đổi chất của toàn bộ kết cấu cơ bản của sự vật. 
Chẳng hạn, khối lượng Uranium 235 (Ur 235) được tăng đến khối lượng tới hạn 
thì sẽ xảy ra vụ nổ nguyên tử trong chốc lát.  
Bước nhảy dần dần là b ước nhảy được thực hiện từ từ, từng bước bằng cách tích 
luỹ dần dần những nhân tố của chất mới và những nhân tố của chất cũ dần dần mất đi. 
Chẳng hạn, quá trình chuyển hóa từ vượn thành người diễn ra rất lâu dài, hàng v ạn năm. 
Quá trì nh cách m ạng đưa n ước ta t ừ m ột n ước nông nghi ệp l ạc h ậu quá độ lên ch ủ 
nghĩa xã h ội là m ột thời kỳ lâu dài, qua nhi ều bước nhảy dần dần. Quá tr"
Hãy giải thích kiến thức Triết học Mác - Lênin liên quan đến phủ định biện chứng.,"Phủ định biện chứng theo cách trình bày của tài liệu là sự phủ định khách quan, có tính kế thừa, do mâu thuẫn bên trong của sự vật quy định và tạo điều kiện cho sự phát triển.",75770b9b-cdbf-4038-90e2-f25e1f4426fe_triethocmaclenin.pdf,132,Triết học Mác - Lênin,False,definition,MEDIUM,3c69661254767de7faaf,Chương VIII,"i tri ết h ọc có quan ni ệm khác nhau v ề ph ủ định. Có quan 
điểm cho rằng, sự vật mới ra đời thay thế sự vật cũ hầu như lặp lại toàn bộ quá trình của 
sự vật cũ. Có quan điểm coi sự phủ định là sự diệt vong hoàn toàn c ủa cái cũ, chấm dứt 
hoàn toàn sự vận động và phát triển của sự vật. Chủ nghĩa duy vật biện chứng, cho rằng 
sự chuyển hóa t ừ những thay đổi về lượng dẫn đến những thay đổi về chất, sự đấu tranh 
thường xuyên của các mặt đối lập làm cho mâu thuẫn được giải quyết, từ đó dẫn đến sự 
vật cũ mất đi, sự vật mới ra đời. Sự thay thế diễn ra liên tục tạo nên sự vận động và phát 
triển không ngừng của sự vật. Sự vật mới ra đời là kết quả của phủ định sự vật cũ. Điều 
đó cũng có ngh ĩa sự phủ định là ti ền đề, điều kiện cho s ự phát triển liên t ục, cho s ự ra 
đời của cái mới thay thế cái cũ. Đó là phủ định biện chứng. 
Phủ định biện chứng là phạm trù triết học dùng để chỉ sự phủ định tự thân, là mắt 
khâu trong quá trình dẫn tới sự ra đời sự vật mới, tiến bộ hơn sự vật cũ.  
Đặc trưng cơ bản của phủ định biện chứng là tính khách quan và tính kế thừa. 
Phủ định biện chứng mang tính khách quan vì nguyên nhân của s ự ph ủ định n ằm 
ngay trong b ản thân s ự vật. Đó chính là k ết quả giải quyết những mâu thuẫn bên trong 
sự vật. Nhờ việc giải quyết những mâu thuẫn mà sự vật luôn phát triển, vì thế, phủ định 
biện chứng là một tất yếu khách quan trong quá trình v ận động và phát triển của sự vật. 
Đương nhiên, m ỗi s ự v ật có ph ương thức ph ủ định riêng tùy thu ộc vào s ự gi ải quy ết 
mâu thuẫn của bản thân chúng. Điều đó cũng có nghĩa, phủ định biện chứng không phụ"
Tóm tắt luận điểm có các từ khóa sau: nhận thức kinh nghiệm.,"Nhận thức kinh nghiệm theo cách trình bày của tài liệu là trình độ nhận thức hình thành trực tiếp từ quan sát, trải nghiệm và hoạt động thực tiễn.",75770b9b-cdbf-4038-90e2-f25e1f4426fe_triethocmaclenin.pdf,143,Triết học Mác - Lênin,False,definition,MEDIUM,4a746abf4733ce357a8c,Chương IX,"2. Cấp độ của quá trình nhận thức 
Có nhiều các tiếp cận để tìm hiểu về các cấp độ của quá trình nhận thức. Nếu căn 
cứ trên mức độ thâm nhập vào bản chất của đối tượng nhận thức, có thể chia nhận thức 
thành nhận thức kinh nghiệm và nhận thức lý luận; nếu căn cứ trên tính chất tự phát hay 
tự giác của quá trình nhận thức, có thể chia nhận thức thành nhận thức thông thường và 
nhận thức khoa học, v.v.. 
a) Nhận thức kinh nghiệm và nhận thức lý luận 
Nhận thức kinh nghiệm là loại nhận thức hình thành từ sự quan sát trực tiếp các sự 
vật hiện tượng trong t ự nhiên, xã h ội hay trong  các thí ngh iệm khoa h ọc. Kết quả của 
nhận thức kinh nghiệm là những tri thức kinh nghiệm. Tri thức này có hai loại là tri thức 
kinh nghi ệm thông th ường và tri th ức kinh nghi ệm khoa h ọc. Tri th ức kinh nghi ệm 
thông thường là loại tri thức được hình thành từ sự quan sát trực tiếp hàng ngày về cuộc 
sống và lao động sản xuất. Còn tri th ức kinh nghi ệm khoa h ọc là lo ại tri thức thu được 
từ sự khảo sát các thí ng hiệm khoa h ọc. Hai lo ại tri th ức này có quan h ệ chặt chẽ với 
nhau, xâm  nh ập vào nhau để t ạo nên tính phong phú, sinh động c ủa nh ận th ức kinh 
nghiệm. 
Nhận th ức lý lu ận (g ọi t ắt là lý lu ận) là lo ại nhận th ức gián ti ếp, tr ừu t ượng và 
khái quát về bản chất và quy luật của các sự vật, hiện tượng. Nhận thức lý luận có chức 
năng gián ti ếp vì nó được hình thành và phát tri ển trên c ơ s ở c ủa nh ận th ức kinh 
nghiệm. Nhận thức lý luận có tính tr ừu tượng và khái quát vì nó ch ỉ tập trung phản ánh 
cái bản chất mang tính quy luật của sự vật và hiện tượng. Do "
Tóm tắt luận điểm có các từ khóa sau: thị tộc là hình thức cộng đồng người.,"Thị tộc là cộng theo cách trình bày của tài liệu đồng gồm khoảng vài trăm người có cùng huyết thống, đồng thời là đơn vị sản xuất và hình thức tồn tại cơ bản của xã hội nguyên thủy.",75770b9b-cdbf-4038-90e2-f25e1f4426fe_triethocmaclenin.pdf,163,Triết học Mác - Lênin,False,definition,MEDIUM,a05ae1c0f160dc1b2480,Chương XI,"I- Những hình thức cộng đồng người trong lịch sử 
1. Những hình thức cộng đồng người trước dân tộc 
Để tồn tại và phát triển, con người phải gắn kết với nhau thành những cộng đồng. 
Trong quá trình phát tri ển của xã hội, trước khi dân tộc ra đời, các hình thức cộng đồng 
người cũng biến đổi từ thị tộc đến bộ lạc, bộ tộc. 
a) Thị tộc 
Là cộng đồng người (gồm khoảng vài tr ăm người) có cùng một huyết thống. Thị 
tộc là một đơn vị sản xuất và là một hình thức tồn tại cơ bản của xã hội nguyên thuỷ. Do 
trình độ của lực lượng sản xuất chưa phát triển, nguồn sống chủ yếu dựa vào trồng trọt 
và chăn nuôi, vì vậy vai trò của người phụ nữ trong thị tộc có một vị trí đặc biệt. Chế độ 
quần hôn th ời kỳ đầu và địa vị độc tôn của người phụ nữ trong s ản xuất chính là c ơ sở 
hình thành hình th ức th ị t ộc m ẫu quy ền đầu tiên trong l ịch s ử. S ự phát tri ển c ủa l ực 
lượng sản xuất đã làm thay đổi vị trí của người đàn ông trong ch ế độ thị tộc. Hình thức 
thị tộc phụ quyền đã ra đời thay thế hình th ức thị tộc mẫu quyền. Thị tộc là hình th ức 
cộng đồng người đầu tiên trong lịch sử. 
Ngoài đặc trưng chung về huyết thống là ch ủ y ếu, thị t ộc còn có nh ững quan h ệ 
cộng đồng về ngôn ngữ, tập quán, tín ngưỡng, v ăn hóa. Mỗi thị tộc có khu v ực cư trú, 
vùng săn bắt và tên gọi riêng. 
Cơ sở tồn tại về kinh t ế của thị tộc là quy ền sở hữu chung v ề tư liệu sản xuất và 
tài s ản. H ọ cùng lao động và m ọi s ản ph ẩm được chia đều cho t ất c ả các thành viên 
trong thị tộc. 
Lãnh đạo thị tộc là m ột hội đồng thị tộc, đứng đầu là t ộc trưởng được mọi người 
bầu ra. Vi ệc quản lý điều h"
Trình bày nội dung trọng tâm của giáo trình về chủ nghĩa Phơrớt gắn với lĩnh vực nghiên cứu nào.,"Chủ nghĩa Phơrớt gắn theo cách trình bày của tài liệu với phân tâm học và việc lý giải đời sống tinh thần con người qua vô thức, bản năng và tâm lý cá nhân.",75770b9b-cdbf-4038-90e2-f25e1f4426fe_triethocmaclenin.pdf,71,Triết học Mác - Lênin,False,summary,MEDIUM,10efd6d525f34178ab0d,Chương IV,"3. Chủ nghĩa Phơrớt 
Chủ ngh ĩa Ph ơrớt c ũng l à m ột tr ường phái có ảnh h ưởng rất lớn của trào l ưu 
chủ nghĩa nhân bản phi duy lý do nhà bệnh học tinh thần, nhà tâm lý học người áo, Phơrớt 
sáng lập. Học thuyết và phương pháp của Phơrớt, có ý ngh ĩa thế giới quan và nhân sinh 
quan tri ết học, có ảnh hưởng rộng lớn đối với các trường phái của chủ ngh ĩa nhân b ản 
tri ết h ọc p hương Tây h iện đại. 
Chủ nghĩa Phơrớt hình thành vào đầu thế kỷ XX trong b ối cảnh chủ nghĩa tư bản 
đang đi vào giai đoạn đế quốc chủ nghĩa, các mâu thuẫn xã hội ngày càng sâu sắc, bệnh 
tâm thần trong xã h ội phát triển nhanh. Sinh h ọc, sinh lý học, tâm lý h ọc, v.v., cũng có 
bước phát tri ển mạnh mẽ, khiến cho nh ững lý lu ận giải thích các hi ện tượng sinh lý và  
tâm lý của con người bằng quan điểm cơ giới dần dần được thay thế bằng nh ững lý l uận 
mới.  
Lý luận về vô thức là bộ phận quan trọng trong hệ thống phân tích tâm lý đầu tiên 
của Phơrớt. Ông chia quá trình tâm  lý của con người thành ba bậc: ý thức, tiềm thức và 
vô thức. Sự suy nghĩ của con người thường tiến hành giữa trạng thái vô th ức và ý th ức. 
ý thức là tâ m lý nh ận biết của con người. Thí dụ, một người nói với mình rằng trời sắp 
mưa, phải mau mau v ề nhà thì suy ngh ĩ đó tiến hành trong tr ạng thái ý th ức, tuân theo 
những hình thức lôgíc. Còn vô th ức là hiện tượng tâm lý n ằm ngoài phạm vi của lý trí, 
do b ản n ăng, thói quen và d ục v ọng c ủa con n gười gây ra. Ho ạt động tâm lý này ti ến 
hành theo nguyên tắc khoái cảm, tức là do tình c ảm và dục vọng chi phối, không bị hạn 
chế v ề th ời gian, không gian và"
Trình bày nội dung trọng tâm của giáo trình về cách mạng xã hội theo nghĩa rộng và nghĩa hẹp được hiểu.,"Theo nghĩa rộng, cách mạng xã hội được hiểu là biến đổi bước ngoặt và căn bản về chất trong mọi lĩnh vực đời sống; theo nghĩa hẹp, đó là việc lật đổ chế độ chính trị lỗi thời và thiết lập chế độ tiến bộ hơn.",75770b9b-cdbf-4038-90e2-f25e1f4426fe_triethocmaclenin.pdf,181,Triết học Mác - Lênin,False,comparison,MEDIUM,c32eb6b514c788b48e1f,Chương XII,"điểm xác lập nhà nước ấy, tùy thuộc vào tương quan lực lượng giữa các giai cấp và khối 
liên minh giai cấp tạo thành cơ sở xã hội của nhà nước, tùy thuộc vào nhiệm vụ kinh tế - 
chính trị - xã hội mà nhà nước đó phải thực hiện, tùy thuộc vào truyền thống chính trị của 
dân tộc. Hình thức cụ thể của nhà nước trong thời kỳ quá độ có thể rất khác nhau, nhưng 
bản chất của chúng chỉ là một: chuyên chính cách mạng của giai cấp vô sản. 
II- Cách mạng xã hội 
1. Bản chất và vai trò của cách mạng xã hội 
a) Khái niệm cách mạng xã hội 
Theo nghĩa rộng, cách mạng xã hội là sự biến đổi có tính chất bước ngoặt và căn 
bản về chất trong mọi lĩnh vực đời sống xã hội, là phương thức thay thế hình thái kinh tế 
- xã hội lỗi thời bằng hình thái kinh tế - xã hội cao hơn. 
Theo nghĩa hẹp, cách mạng xã h ội là việc lật đổ một chế độ chính trị đã lỗi thời, 
thiết lập một chế độ chính trị tiến bộ hơn.  
Dù theo nghĩa rộng hay nghĩa hẹp, giành chính quyền vẫn là vấn đề cơ bản của mọi 
cuộc cách mạng xã hội. Bởi vì, chỉ khi nào giành được chính quyền, giai cấp cách mạng 
mới xác l ập được n ền c huyên chính c ủa m ình, ti ến t ới b ảo đảm được quy ền l ực c ủa 
mình trên mọi lĩnh vực của đời sống xã hội.  
Tiến hóa xã h ội cũng là hình th ức phát tri ển c ủa xã h ội. Nh ưng khác v ới cách  
mạng xã hội, nó là quá trình phát triển diễn ra một cách tuần tự, dần dần với những biến 
đổi cục bộ trong một hình thái kinh t ế - xã h ội nhất định. Song ti ến hóa xã h ội và cách 
mạng xã h ội th ống nh ất biện ch ứng v ới nhau: cách m ạng xã h ội ch ỉ trở thành t ất yếu 
lịch sử khi những tiền đề của nó đượ"
Tất nhiên là gì?,"Tất nhiên là cái do những nguyên nhân cơ bản, bên trong của sự vật quy định và trong điều kiện nhất định phải xảy ra như thế chứ không thể khác.",75770b9b-cdbf-4038-90e2-f25e1f4426fe_triethocmaclenin.pdf,109,Triết học Mác - Lênin,False,definition,MEDIUM,01afb3ce9268d6638c09,Chương VII," quả có tác động trở lại nguyên nhân. Vì vậy trong hoạt động thực tiễn chúng ta 
cần phải khai thác, t ận dụng các k ết quả đã đạt được để tạo điều kiện thúc đẩy nguyên 
nhân phát huy tác dụng, nhằm đạt mục đích. Thí dụ, chúng ta cần ph ải t ận d ụng nh ững 
kết qu ả đạt được trong xây d ựng kinh t ế, phát tri ển giáo d ục, v.v., c ủa quá trình đổi 
mới vừa qua để tiếp tục đẩy mạnh công cuộc đổi mới, nhằm xây d ựng thành công ch ủ 
nghĩa xã hội ở nước ta.  
IV- Tất nhiên và ngẫu nhiên 
1. Khái niệm tất nhiên và ngẫu nhiên 
Tất nhiên là ph ạm trù ch ỉ cái do nh ững nguyên nhân c ơ b ản bên tr ong c ủa k ết 
cấu v ật ch ất quy ết định và trong nh ững điều kiện nh ất định nó ph ải x ảy ra nh ư th ế 
chứ không thể khác được.  
Ngẫu nhiên là ph ạm trù chỉ cái không do m ối liên hệ bản chất, bên trong k ết cấu 
vật chất, bên trong s ự vật quyết định mà do các nhân tố bên ngoài, do sự kết hợp nhiều 
hoàn cảnh bên ngoài quyết định. Do đó, nó có th ể xuất hiện, có thể không xuất hiện, có 
thể xuất hiện như thế này, hoặc có thể xuất hiện khác đi.  
Thí d ụ gieo m ột con xúc x ắc s ẽ có m ột trong sáu m ặt úp và m ột trong sáu m ặt 
ngửa là tất nhiên, nhưng mặt nào sấp, mặt nào ngửa ở mỗi lần tung lại không phải là cái 
tất nhiên mà là cái ngẫu nhiên.  
Cần chú ý ph ạm trù tất nhiên có quan h ệ với phạm trù ""cái chung"", nguyên nhân, 
tính quy lu ật, nh ưng không đồng nhất với những phạm trù đó. Cái tất yếu là cái chung, 
nhưng không phải mọi cái chung đều là tất yếu. Nếu cái chung được quyết định bởi bản 
chất nội tại của sự vật, khi đó cái chung g ắn liền với cái tất nhiên, là hình t"
Cơ chế phiên mã DNA thành RNA diễn ra như thế nào?,Tôi chưa tìm thấy thông tin này trong tài liệu đã được huấn luyện.,,,Triết học Mác - Lênin,True,out_of_scope,MEDIUM,4175c93699c80f0301f1,OUT_OF_SCOPE,
Hãy giải thích kiến thức Triết học Mác - Lênin liên quan đến bản chất của nhà nước.,Nhà nước là bộ theo cách trình bày của tài liệu máy quyền lực do giai cấp thống trị về kinh tế thiết lập để duy trì sự thống trị và trấn áp các giai cấp khác.,75770b9b-cdbf-4038-90e2-f25e1f4426fe_triethocmaclenin.pdf,175,Triết học Mác - Lênin,False,definition,MEDIUM,da094c3aee04ec3d46af,Chương XII,"phương ti ện m ới để đàn áp và bóc l ột giai c ấp khác. Vì th ế, v ề b ản ch ất “Nhà n ước 
chẳng qua chỉ là một bộ máy của một giai cấp này dùng để trấn áp một giai cấp khác”1, 
là bộ máy dùng để duy trì sự thống trị của giai cấp này đối với giai cấp khác, là c ơ quan 
quyền lực của một giai c ấp đối với toàn xã h ội, là công c ụ chuyên chính c ủa một giai 
cấp. Không có và không th ể có nhà n ước đứng trên các giai c ấp hoặc nhà n ước chung 
cho mọi giai cấp. Nhà nước chính là một bộ máy do giai cấp thống trị về kinh tế thiết lập 
ra nhằm hợp pháp hóa và c ủng cố s ự áp b ức c ủa chúng đối với quần chúng lao động. 
Giai cấp thống trị sử dụng bộ máy nhà nước để đàn áp, c ưỡng b ức các giai c ấp khác 
trong khuôn khổ lợi ích của giai cấp thống trị. Đó là bản chất của nhà nước theo nguyên 
nghĩa, tức nhà nước của giai cấp bóc lột. 
Theo bản chất đó, nhà nước không thể là lực lượng điều hòa sự xung đột giai cấp, 
mà trái lại, nó càng làm cho mâu thuẫn giai cấp ngày càng gay g ắt. Cũng theo bản chất 
đó, nhà n ước là b ộ máy quan tr ọng nhất của kiến trúc th ượng tầng trong xã h ội có giai 
cấp. Tất cả những hoạt động chính tr ị, văn hóa, xã h ội do nhà n ước tiến hành, xét cho 
cùng, đều xuất phát từ lợi ích của giai cấp thống trị.  
Thực tế lịch sử đã chứng minh rằng, cho dù được che giấu dưới hình thức tinh vi 
như thế nào, cho dù có b ị khúc xạ qua những lăng kính phức tạp ra sao, nhà n ước trong 
mọi xã hội có giai c ấp đối kháng cũng chỉ là công cụ bảo vệ lợi ích của giai cấp thống 
trị. 
Tuy nhiên cũng có trường hợp, nhà nước giữ được một mức độ độc lập nào đó đối 
với "
Trình bày nội dung trọng tâm của giáo trình về ý thức thẩm mỹ.,"Ý thức thẩm mỹ được hiểu là hình thái ý thức xã hội phản ánh hiện thực dưới góc độ cái đẹp, thị hiếu thẩm mỹ và lý tưởng thẩm mỹ.",75770b9b-cdbf-4038-90e2-f25e1f4426fe_triethocmaclenin.pdf,199,Triết học Mác - Lênin,False,definition,MEDIUM,96efcdd47dc2ff24b66b,Chương XIII," x uất - trong đối t ượng lao động, k ỹ thu ật, quá trình công 
nghệ và c ả trong nh ững hình th ức t ổ ch ức t ương ứng c ủa s ản xu ất; ng ười lao động 
không còn là nhân t ố thao tác tr ực tiếp trong hệ thống kỹ thuật mà chủ yếu là vận dụng 
tri thức khoa h ọc để điều khiển quá trình s ản xuất; khoa h ọc cho phép hoàn thi ện các 
phương pháp sản xuất, hoàn thiện việc quản lý kinh tế. Hơn nữa khoa học còn trở thành 
một ngành hoạt động sản xuất với quy mô ngày càng l ớn, bao hàm  hàng lo ạt các v iện, 
phòng thí nghiệm, trạm, trại, xí nghiệp với số cán bộ khoa học ngày càng tăng, vốn đầu 
tư ngày càng l ớn, hiệu quả đầu tư ngày càng cao. Do nh ững biến đổi căn bản về vai trò 
của khoa học đối với sản xuất mà khoa học trở thành lực lượng sản xuất trực tiếp. 
5. ý thức thẩm mỹ 
ý thức thẩm mỹ là sự phản ánh hiện thực vào ý th ức con người trong quan h ệ với 
nhu cầu thưởng thức và sáng t ạo Cái Đẹp. Trong các hình th ức hoạt động thưởng thức 
và sáng tạo Cái Đẹp thì nghệ thuật là hình thức biểu hiện cao nhất của ý thức thẩm mỹ. 
Nghệ thuật ra đời từ rất sớm ngay từ khi xã hội chưa phân chia thành giai cấp. Quá 
trình hình thành nghệ thuật gắn liền với lao động của con người, với thực ti ễn xã h ội. 
Những dấu vết đầu tiên của nghệ thuật đều thuộc về thời kỳ con người đã biết sản xuất 
ra những công cụ bằng đá, bằng xương, bằng sừng, v.v.. 
Cũng như các hình thái ý thức xã hội khác, nghệ thuật bắt nguồn từ tồn tại xã h ội. 
Khác với khoa học và triết học, phản ánh thế giới hiện thực bằng khái niệm, phạm trù, quy 
luật, ngh ệ thu ật ph ản ánh th ế gi ới m ột cách s inh động, "
Trình bày nội dung trọng tâm của giáo trình về thị tộc là hình thức cộng đồng người.,"Thị tộc được hiểu là cộng đồng gồm khoảng vài trăm người có cùng huyết thống, đồng thời là đơn vị sản xuất và hình thức tồn tại cơ bản của xã hội nguyên thủy.",75770b9b-cdbf-4038-90e2-f25e1f4426fe_triethocmaclenin.pdf,163,Triết học Mác - Lênin,False,definition,MEDIUM,c3f3287aca44c57f425a,Chương XI,"I- Những hình thức cộng đồng người trong lịch sử 
1. Những hình thức cộng đồng người trước dân tộc 
Để tồn tại và phát triển, con người phải gắn kết với nhau thành những cộng đồng. 
Trong quá trình phát tri ển của xã hội, trước khi dân tộc ra đời, các hình thức cộng đồng 
người cũng biến đổi từ thị tộc đến bộ lạc, bộ tộc. 
a) Thị tộc 
Là cộng đồng người (gồm khoảng vài tr ăm người) có cùng một huyết thống. Thị 
tộc là một đơn vị sản xuất và là một hình thức tồn tại cơ bản của xã hội nguyên thuỷ. Do 
trình độ của lực lượng sản xuất chưa phát triển, nguồn sống chủ yếu dựa vào trồng trọt 
và chăn nuôi, vì vậy vai trò của người phụ nữ trong thị tộc có một vị trí đặc biệt. Chế độ 
quần hôn th ời kỳ đầu và địa vị độc tôn của người phụ nữ trong s ản xuất chính là c ơ sở 
hình thành hình th ức th ị t ộc m ẫu quy ền đầu tiên trong l ịch s ử. S ự phát tri ển c ủa l ực 
lượng sản xuất đã làm thay đổi vị trí của người đàn ông trong ch ế độ thị tộc. Hình thức 
thị tộc phụ quyền đã ra đời thay thế hình th ức thị tộc mẫu quyền. Thị tộc là hình th ức 
cộng đồng người đầu tiên trong lịch sử. 
Ngoài đặc trưng chung về huyết thống là ch ủ y ếu, thị t ộc còn có nh ững quan h ệ 
cộng đồng về ngôn ngữ, tập quán, tín ngưỡng, v ăn hóa. Mỗi thị tộc có khu v ực cư trú, 
vùng săn bắt và tên gọi riêng. 
Cơ sở tồn tại về kinh t ế của thị tộc là quy ền sở hữu chung v ề tư liệu sản xuất và 
tài s ản. H ọ cùng lao động và m ọi s ản ph ẩm được chia đều cho t ất c ả các thành viên 
trong thị tộc. 
Lãnh đạo thị tộc là m ột hội đồng thị tộc, đứng đầu là t ộc trưởng được mọi người 
bầu ra. Vi ệc quản lý điều h"
Thuyết Âm - Dương trong triết học Trung Hoa cổ đại dùng để giải thích điều gì?,"Thuyết Âm - Dương dùng để giải thích sự vận động, biến hóa của vũ trụ thông qua hai mặt đối lập, thống nhất và chuyển hóa lẫn nhau.",75770b9b-cdbf-4038-90e2-f25e1f4426fe_triethocmaclenin.pdf,19,Triết học Mác - Lênin,False,definition,MEDIUM,2066ffcb9274f2f5282e,Chương II,"đầu tiên của người xưa đối với sự sản sinh biến hóa 
của vũ trụ. Việc sử dụng hai phạm trù Âm - Dương và Ngũ hành đánh dấu bước tiến bộ 
tư duy khoa  học đầu tiên nh ằm thoát khỏi sự khống chế về tư tưởng do các khái ni ệm 
Thượng đế, Quỷ thần truyền thống đem lại. Đó là c ội nguồn của quan điểm duy v ật và 
biện chứng trong tư tưởng triết học của người Trung Hoa. 
- Tư tưởng triết học về Âm - Dương 
""Dương"" nguyên nghĩa là ánh sáng mặt trời hay những gì thu ộc v ề ánh sáng m ặt 
trời và ánh sáng; "" Âm"" có ngh ĩa là thiếu ánh sáng m ặt trời, tức là bóng râm hay bóng 
tối. Về sau, Âm - Dương được coi như hai khí; hai nguyên lý hay hai thế lực vũ trụ: biểu 
thị cho gi ống đực, ho ạt động, h ơi nóng, ánh sáng, khôn ngoan, r ắn r ỏi, v.v. t ức l à 
Dương; g iống cái, th ụ động, khí l ạnh, bóng t ối, ẩm ướt, m ềm m ỏng, v.v. t ức là 
Âm. Chính do sự tác động qua lại giữa chúng mà sinh ra mọi sự vật, hiện tượng trong trời 
đất. Trong Kinh Dịch sau này có b ổ sung thêm l ịch trình bi ến hóa c ủa vũ trụ có kh ởi 
điểm là Thái cực. Từ Thái cực mà sinh ra Lưỡng nghi (âm dương), rồi Tứ tượng, rồi Bát 
quái. Vậy, nguồn gốc vũ trụ là Thái cực, chứ không phải Âm Dương. Đa số học giả đời 
sau cho Thái c ực là th ứ khí ""Tiên Thiên"", trong đó tiềm phục hai nguyên tố ngược nhau 
về tính chất là Âm - Dương. Đây là một quan ni ệm tiến bộ so với quan niệm Thượng đế 
làm chủ vũ trụ của các đời trước.  
Hai th ế lực Âm - D ương không t ồn tại biệt lập mà t hống nhất, chế ước lẫn nhau 
theo các nguyên lý sau: 
- Âm - Dương thống nhất thành thái cực. Nguyên lý này nói lên tính toàn vẹn, tính 
chỉnh"
Hãy giải thích kiến thức Triết học Mác - Lênin liên quan đến quá trình hình thành triết học Mác bắt đầu từ sự chuyển biến tư tưởng của ai.,Nó bắt đầu từ theo cách trình bày của tài liệu quá trình chuyển biến tư tưởng của C.Mác và Ph.Ăngghen.,75770b9b-cdbf-4038-90e2-f25e1f4426fe_triethocmaclenin.pdf,52,Triết học Mác - Lênin,False,history,MEDIUM,c2a97fd36c30b720177d,Chương III," d ựa trên tri th ức 
khoa học tự nhiên h ồi đó. Ăngghen nêu b ật ý n ghĩa c ủa ba phát m inh l ớn đối v ới s ự 
hình thành tri ết học duy vật biện chứng: định luật bảo toàn và chuy ển hóa năng lượng, 
thuyết t ế bào và thuy ết ti ến hóa  c ủa Đácuyn. V ới nh ững phát m inh đó, khoa h ọc đã 
vạch ra m ối liên h ệ thống nhất giữa những dạng tồn tại khác nhau, các hình th ức vận 
động khác nhau trong tính th ống nh ất v ật ch ất c ủa th ế gi ới, v ạch ra tính bi ện ch ứng 
của sự vận động và phát tri ển của nó. Đánh giá v ề ý ngh ĩa của những thành t ựu khoa 
học t ự nhiên t hời ấy, Ăngghen vi ết: "" Quan ni ệm m ới v ề gi ới t ự nhiên đã được hoàn 
thành tr ên những nét c ơ bản: tất cả cái g ì cứng nh ắc đều b ị tan ra, t ất cả cái gì là cố 
định đều biến thành m ây khói, và t ất cả những gì đặc biệt mà người ta cho là t ồn tại 
vĩnh c ửu thì đã tr ở thành nh ất th ời; và ng ười ta đã ch ứng minh r ằng toàn b ộ gi ới t ự 
nhiên đều vận động theo một dòng và một tuần hoàn vĩnh cửu""2. 
Như vậy, triết học Mác c ũng như toàn bộ chủ nghĩa Mác ra đời như một tất yếu 
lịch sử không nh ững vì đời s ống và th ực ti ễn, nh ất là th ực ti ễn cách  m ạng c ủa giai  
cấp công nhân, đòi hỏi phải có lý luận mới soi đường mà còn vì những tiền đề cho sự ra 
đời lý luận mới đã được nhân loại tạo ra. 
II- Quá trình hình thành và phát triển triết học Mác 
1. C.Mác, Ph.Ăngghen và quá trình chuyển biến tư tưởng của các ông 
từ chủ nghĩa duy tâm và dân chủ cách mạng sang chủ nghĩa duy vật và 
cộng sản chủ nghĩa 
Các Mác (5-5-1818 – 14-3-1883) sinh tr ưởng trong m ột gia đình trí th ức (b ố là 
luật"
Ngẫu nhiên là gì?,"Ngẫu nhiên là cái do những nguyên nhân bên ngoài, không cơ bản quy định nên có thể xuất hiện hoặc không xuất hiện, có thể thế này hoặc thế khác.",75770b9b-cdbf-4038-90e2-f25e1f4426fe_triethocmaclenin.pdf,109,Triết học Mác - Lênin,False,definition,MEDIUM,e0549a71aba003754cfc,Chương VII,"ạm trù chỉ cái không do m ối liên hệ bản chất, bên trong k ết cấu 
vật chất, bên trong s ự vật quyết định mà do các nhân tố bên ngoài, do sự kết hợp nhiều 
hoàn cảnh bên ngoài quyết định. Do đó, nó có th ể xuất hiện, có thể không xuất hiện, có 
thể xuất hiện như thế này, hoặc có thể xuất hiện khác đi.  
Thí d ụ gieo m ột con xúc x ắc s ẽ có m ột trong sáu m ặt úp và m ột trong sáu m ặt 
ngửa là tất nhiên, nhưng mặt nào sấp, mặt nào ngửa ở mỗi lần tung lại không phải là cái 
tất nhiên mà là cái ngẫu nhiên.  
Cần chú ý ph ạm trù tất nhiên có quan h ệ với phạm trù ""cái chung"", nguyên nhân, 
tính quy lu ật, nh ưng không đồng nhất với những phạm trù đó. Cái tất yếu là cái chung, 
nhưng không phải mọi cái chung đều là tất yếu. Nếu cái chung được quyết định bởi bản 
chất nội tại của sự vật, khi đó cái chung g ắn liền với cái tất nhiên, là hình th ức thể hiện 
của cái t ất nhiên. Nếu cái chung không được quyết định bởi bản chất nội tại, mà chỉ là 
những sự lặp lại một số những thuộc tính khác ổn định nào đấy của sự vật, khi đó cái 
chung là hình thức thể hiện của cái ngẫu nhiên. Thí dụ, mọi người sinh ra đều có nhu cầu 
ăn, mặc, ở, đi lại, học tập. Đây là những nhu cầu liên quan đến sự tồn tại của con người. 
Do vậy đây là cái chung tất yếu. Nhưng sự giống nhau về sở thích ăn, mặc... không phải 
là cái liên quan đến sự sống còn của con người mà do ý mu ốn chủ quan của mỗi người 
quyết định, do vậy đây là cái chung ngẫu nhiên. 
Không ph ải ch ỉ có cái t ất nhiên m ới có nguyên nhân, m à c ả ng ẫu nhiên và t ất 
nhiên đều có nguyên nhân. Đồng thời cũng không nên cho nh ững hiện tượng"
Cái riêng là gì?,"Cái riêng là một sự vật, hiện tượng, quá trình riêng lẻ nhất định trong hiện thực khách quan.",75770b9b-cdbf-4038-90e2-f25e1f4426fe_triethocmaclenin.pdf,103,Triết học Mác - Lênin,False,definition,MEDIUM,483faf74c013f0435381,Chương VII,"phạm trù không thể phản ánh đúng đắn và đầy đủ hiện thực khách quan được. Vì vậy, hệ 
thống phạm trù của phép biện chứng duy v ật không ph ải là m ột hệ thống đóng kín, b ất 
biến, mà nó th ường xuyên được b ổ sung b ằng nh ững ph ạm trù m ới cùng v ới s ự phát 
triển của thực tiễn và của nhận thức khoa học.  
Trong các chương trước, chúng ta đã nghiên cứu một số phạm trù của triết học như 
phạm trù “vật chất”, “ý thức”, “phản ánh”, v.v.; chương này chúng ta nghiên c ứu một số 
cặp phạm trù cơ bản của phép biện chứng duy vật. 
II- Cái riêng và cái chung 
1. Khái niệm cái riêng và cái chung 
Trong cu ộc s ống hàng ngày, chúng ta th ường ti ếp xúc v ới nh ững s ự v ật, h iện 
tượng, quá trình khác nhau nh ư: Cái bàn, cái n hà, cái cây c ụ th ể, v.v.. M ỗi s ự v ật đó 
được gọi là m ột cái riên g, đồng thời, chúng ta c ũng thấy giữa chúng l ại có nh ững mặt 
giống nhau nh ư nh ững cái bàn đều được làm t ừ g ỗ, đều có m àu s ắc, hình d ạng. M ặt 
giống nhau đó người ta gọi là cái chung của những cái bàn.  
Vậy cái riêng là phạm trù chỉ một sự vật, một hiện tượng, một quá trình nhất định. 
Cái chung là phạm trù triết học dùng để chỉ những mặt, những thuộc tính không những có ở 
một kết cấu vật chất nhất định, mà còn được lặp lại trong nhiều sự vật, hiện tượng hay 
quá trình riêng lẻ khác.  
Cần phân biệt “cái riêng” với “cái đơn nhất”. “Cái đơn nhất” là ph ạm trù để ch ỉ 
những nét, nh ững mặt, những thuộc tính... chỉ có ở một sự vật, một kết cấu vật chất, mà 
không lặp lại ở sự vật, hiện tượng, kết cấu vật chất khác. T hí dụ, thủ đô Hà Nội là một 
“cái riêng”, ngoài các đặc điể"
REST API sử dụng các phương thức HTTP nào?,Tôi chưa tìm thấy thông tin này trong tài liệu đã được huấn luyện.,,,Triết học Mác - Lênin,True,out_of_scope,MEDIUM,8543090a521eb6c834a4,OUT_OF_SCOPE,
Hãy giải thích kiến thức Triết học Mác - Lênin liên quan đến nhận thức kinh nghiệm.,"Nhận thức kinh nghiệm theo cách trình bày của tài liệu là trình độ nhận thức hình thành trực tiếp từ quan sát, trải nghiệm và hoạt động thực tiễn.",75770b9b-cdbf-4038-90e2-f25e1f4426fe_triethocmaclenin.pdf,143,Triết học Mác - Lênin,False,definition,MEDIUM,e86ca641e172ef8a26bc,Chương IX,"2. Cấp độ của quá trình nhận thức 
Có nhiều các tiếp cận để tìm hiểu về các cấp độ của quá trình nhận thức. Nếu căn 
cứ trên mức độ thâm nhập vào bản chất của đối tượng nhận thức, có thể chia nhận thức 
thành nhận thức kinh nghiệm và nhận thức lý luận; nếu căn cứ trên tính chất tự phát hay 
tự giác của quá trình nhận thức, có thể chia nhận thức thành nhận thức thông thường và 
nhận thức khoa học, v.v.. 
a) Nhận thức kinh nghiệm và nhận thức lý luận 
Nhận thức kinh nghiệm là loại nhận thức hình thành từ sự quan sát trực tiếp các sự 
vật hiện tượng trong t ự nhiên, xã h ội hay trong  các thí ngh iệm khoa h ọc. Kết quả của 
nhận thức kinh nghiệm là những tri thức kinh nghiệm. Tri thức này có hai loại là tri thức 
kinh nghi ệm thông th ường và tri th ức kinh nghi ệm khoa h ọc. Tri th ức kinh nghi ệm 
thông thường là loại tri thức được hình thành từ sự quan sát trực tiếp hàng ngày về cuộc 
sống và lao động sản xuất. Còn tri th ức kinh nghi ệm khoa h ọc là lo ại tri thức thu được 
từ sự khảo sát các thí ng hiệm khoa h ọc. Hai lo ại tri th ức này có quan h ệ chặt chẽ với 
nhau, xâm  nh ập vào nhau để t ạo nên tính phong phú, sinh động c ủa nh ận th ức kinh 
nghiệm. 
Nhận th ức lý lu ận (g ọi t ắt là lý lu ận) là lo ại nhận th ức gián ti ếp, tr ừu t ượng và 
khái quát về bản chất và quy luật của các sự vật, hiện tượng. Nhận thức lý luận có chức 
năng gián ti ếp vì nó được hình thành và phát tri ển trên c ơ s ở c ủa nh ận th ức kinh 
nghiệm. Nhận thức lý luận có tính tr ừu tượng và khái quát vì nó ch ỉ tập trung phản ánh 
cái bản chất mang tính quy luật của sự vật và hiện tượng. Do "
Đặc điểm nổi bật của triết học Hy Lạp cổ đại là gì?,"Nó gắn hữu cơ với khoa học tự nhiên, xuất hiện sớm chủ nghĩa duy vật mộc mạc và phép biện chứng tự phát, đồng thời có đấu tranh giữa duy vật và duy tâm.",75770b9b-cdbf-4038-90e2-f25e1f4426fe_triethocmaclenin.pdf,25,Triết học Mác - Lênin,False,listing,MEDIUM,da68c400ab962489ce3e,Chương II,"c lại cũng chính là các  
nhà khoa h ọc cụ thể. Thời kỳ này c ũng diễn ra s ự giao l ưu giữa Hy L ạp và các n ước 
ảrập phương Đông nên tri ết học Hy L ạp cũng chịu sự ảnh hưởng của triết học phương 
Đông. 
Sự ra đời và phát tri ển của triết học Hy L ạp cổ đại có m ột số đặc điểm như: gắn 
hữu cơ với khoa học tự nhiên, hầu hết các nhà triết học duy vật đều là các nhà khoa học 
tự nhiên; s ự ra đời rất sớm chủ nghĩa duy v ật mộc mạc, thô s ơ và phép bi ện chứng tự 
phát; cuộc đấu tranh gi ữa chủ nghĩa duy v ật và c hủ nghĩa duy tâm  biểu hiện qua cu ộc 
đấu tranh gi ữa đường lối triết học của Đêmôcrít và đường lối triết học của Platôn, đại 
diện cho hai tầng lớp chủ nô dân chủ và chủ nô quý tộc; về mặt nhận thức, triết học Hy 
Lạp cổ đại đã theo khuynh hướng của chủ nghĩa duy giác. 
2. Một số triết gia tiêu biểu 
a) Hêraclit (520 - 460 tr. CN) 
Hêraclit là nhà biện chứng nổi tiếng ở Hy L ạp cổ đại. Khác v ới các nhà triết học 
phái Milê, Hêraclit cho r ằng không phải là n ước, apeirôn, không khí, mà chính l ửa là 
nguồn gốc sinh ra t ất th ảy mọi sự vật. ""M ọi cái  biến đổi thành l ửa và l ửa thành m ọi 
cái tựa như trao đổi vàng thành hàng hóa và  hàng hóa t hành vàng"". L ửa không ch ỉ là 
cơ sở của mọi vật mà còn là kh ởi nguyên si nh ra chúng. ""Cái ch ết của lửa - là s ự ra 
đời c ủa không khí , và c ái ch ết c ủa không khí l à sự ra đời c ủa n ước, t ừ cái ch ết c ủa 
nước sinh ra không khí , từ cái ch ết của không khí - l ửa, và n gược lại""1. Bản thân vũ 
trụ không ph ải do chúa  Tr ời ha y m ột l ực l ượng siêu nhi ên th ần bí nào t ạo ra. Nó 
""mãi mãi đã, đang và s ẽ "
Hãy giải thích kiến thức Triết học Mác - Lênin liên quan đến quan niệm phương Tây trước Mác về con người có đặc điểm gì.,"Nó có nhiều khuynh theo cách trình bày của tài liệu hướng khác nhau, từ đề cao lý tính, linh hồn, bản tính tự nhiên đến xem con người như cá nhân độc lập, nhưng còn hạn chế lịch sử.",75770b9b-cdbf-4038-90e2-f25e1f4426fe_triethocmaclenin.pdf,203,Triết học Mác - Lênin,False,summary,MEDIUM,572ea401acbd350931ae,Chương XIV,"độc đáo của triết học Đạo Phật. 
b) Quan niệm về con người trong triết học phương Tây 
Trong suốt chiều dài lịch sử triết học phương Tây từ Cổ đại Hy Lạp trải qua giai đoạn 
Trung cổ, Phục hưng và Cận đại đến nay, những vấn đề triết học về con người vẫn là một 
đề tài tranh luận chưa chấm dứt.  
Thực tế lịch sử đã cho thấy giác độ tiếp cận giải quyết các vấn đề triết học về con 
nngười trong nền triết học phương Tây có nhiều điểm khác với nền triết học phương Đông. 
Nhìn chung, các nhà triết học theo lập trường triết học duy vật đã lựa chọn giác độ khoa học 
tự nhiên để lý giải về bản chất con người và các vấn đề khác có liên quan. Ngay từ thời Cổ 
đại, các nhà triết học duy vật đã từng đưa ra quan niệm về bản chất vật chất tự nhiên của 
con người, coi con ng ười cũng như vạn vật trong giới tự nhiên không có gì th ần bí, đều 
được cấu tạo nên t ừ vật chất. Tiêu biểu là quan ni ệm của Đêmôcrit về bản tính v ật chất 
nguyên tử cấu tạo nên thể xác và linh hồn của con người. Đây cũng là tiền đề phương pháp 
luận của quan điểm nhân sinh theo đường lối Êpiquya... Những quan niệm duy vật như vậy 
đã được tiếp tục phát triển trong nền triết học thời Phục hưng và Cận đại mà tiêu biểu là các 
nhà duy vật nước Anh  và Pháp thế kỷ XVIII; nó cũng là một trong những tiền đề lý luận 
cho chủ nghĩa duy vật nhân bản của Phoiơbắc. Trong một phạm vi nhất định, đó cũng là 
một trong những tiền đề lý luận của quan niệm duy vật về con người trong triết học Mác. 
Đối lập với các nhà triết học duy vật, các nhà triết học duy tâm trong lịch sử triết học 
phương Tây lại chú trọng giác độ hoạt động lý"
Trình bày nội dung trọng tâm của giáo trình về lực lượng sản xuất.,"Lực lượng sản xuất được hiểu là sự thống nhất giữa người lao động với tư liệu sản xuất, thể hiện năng lực thực tiễn của con người trong quá trình sản xuất.",75770b9b-cdbf-4038-90e2-f25e1f4426fe_triethocmaclenin.pdf,152,Triết học Mác - Lênin,False,definition,MEDIUM,64af7db879a5c1dd269e,Chương X,"II- Biện chứng của lực lượng sản xuất và quan hệ sản xuất 
1. Khái niệm phương thức sản xuất, lực lượng sản xuất, quan hệ sản 
xuất 
a) Phương thức sản xuất 
Sản xu ất v ật ch ất được ti ến hành b ằng ph ương th ức sản xuất nhất định. Phương 
thức sản xuất là cách thức con người thực hiện quá trình sản xuất vật chất ở những giai 
đoạn lịch sử nhất định của xã hội loài người. 
Mỗi xã hội được đặc trưng bằng một phương thức sản xuất nhất định. Sự thay thế 
kế tiếp nhau của các phương thức sản xuất trong lịch sử quyết định sự phát triển của xã hội 
loài người từ thấp đến cao. 
Trong s ản xu ất, con ng ười có ""quan h ệ song trùng"": m ột m ặt là quan h ệ gi ữa 
người với tự nhiên, biểu hiện ở lực lượng sản xuất; mặt khác là quan h ệ giữa người với 
người, tức là quan h ệ sản xuất. Phương thức sản xuất chính là s ự thống nhất giữa lực 
lượng sản xuất ở một trình độ nhất định và quan hệ sản xuất tương ứng. 
b) Lực lượng sản xuất 
Lực lượng sản xuất biểu hiện mối quan hệ giữa con người với tự nhiên trong quá 
trình sản xuất. Trong quá trình s ản xuất, con ng ười kết hợp sức lao động của mình với  
tư li ệu s ản xu ất, tr ước h ết là công  c ụ lao động  t ạo thành s ức m ạnh khai thác gi ới t ự 
nhiên, làm ra sản phẩm cần thiết cho cuộc sống của mình. 
Vậy, lực lượng sản xuất là năng lực thực tiễn cải biến giới tự nhiên của con người 
nhằm đáp ứng nhu cầu đời sống của mình. 
Lực lượng sản xuất là sự kết hợp người lao động và tư liệu sản xuất, trong đó ""lực 
lượng s ản xu ất hàng đầu c ủa toàn th ể nhân lo ại là công nhân, là ng ười lao động""1. 
Chính người lao động là ch ủ thể của q"
"Theo giáo trình, lãnh đạo bộ lạc là gì?",Lãnh đạo bộ lạc là một hội đồng các tộc trưởng.,75770b9b-cdbf-4038-90e2-f25e1f4426fe_triethocmaclenin.pdf,164,Triết học Mác - Lênin,False,definition,MEDIUM,cb23f579b7c3f08d65ce,Chương XI,"ngưỡng và cùng chung sống trên một vùng lãnh thổ. Mặc dù chưa thật sự ổn định nhưng 
việc xác lập chủ quyền về mặt lãnh thổ là đặc trưng mới của bộ lạc so với thị tộc. 
Bộ lạc có hình thức sở hữu cao hơn thị tộc. Ngoài sở hữu riêng của thị tộc, bộ lạc 
còn có những sở hữu khác bao gồm vùng lãnh thổ, nơi trồng trọt, săn bắt và chăn nuôi... 
Lãnh đạo bộ lạc là một hội đồng các tộc trưởng. Trong bộ lạc có một thủ lĩnh tối 
cao nhưng mọi quyền hành quản lý bộ lạc đều do hội nghị của hội đồng các tộc trưởng 
và thủ lĩnh quân sự quyết định. Hình thức phát triển cao nhất của bộ lạc là liên m inh bộ 
lạc được hình thành từ sự liên kết nhiều bộ lạc. 
Trong xã h ội nguyên thu ỷ, b ộ l ạc là h ình th ức t ốt n hất để phát triển sản xuất. 
Chính trong thời kỳ này, công cụ sản xuất bằng kim loại đã được hình thành tạo nên hình 
thức phân công lao động xã h ội đầu tiên giữa trồng trọt và ch ăn nuôi, nông nghi ệp với 
thủ công nghi ệp... Đó là ti ền đề khách quan c ủa sự xuất hiện sở hữu tư nhân. D ựa trên 
sở hữu tư nhân, bộ tộc ra đời thay thế cho hình thức bộ lạc và liên minh các bộ lạc. 
c) Bộ tộc 
Là một cộng đồng dân cư được hình thành t ừ sự liên k ết của nhiều bộ lạc và liên 
minh các b ộ l ạc trên cù ng một vùng lãnh th ổ nhất định. Bộ t ộc đông đảo h ơn b ộ lạc. 
Mỗi bộ tộc có tên gọi và có những đặc điểm về kinh tế, văn hóa riêng. Khác với bộ lạc 
và th ị tộc, b ộ tộc có vùng lã nh t hổ tương đối ổn định, dân c ư đa dạng và đan xen, đa 
ngôn ngữ và v ăn hóa, trong đó ngôn ng ữ của bộ lạc nào chi ếm vị trí trung tâm c ủa sự 
giao lưu và phát triển kinh tế sẽ trở thành ngôn ngữ c"
Hãy giải thích kiến thức Triết học Mác - Lênin liên quan đến định nghĩa vật chất của Lênin xem vật chất.,"Vật chất là phạm theo cách trình bày của tài liệu trù triết học dùng để chỉ thực tại khách quan được đem lại cho con người trong cảm giác, được cảm giác chép lại, chụp lại, phản ánh và tồn tại không lệ thuộc vào cảm giác.",75770b9b-cdbf-4038-90e2-f25e1f4426fe_triethocmaclenin.pdf,79,Triết học Mác - Lênin,False,definition,MEDIUM,3edcccdcd86424631e84,Chương V,"h ệ thống các qua n 
hệ xã h ội đã t ạo c ơ s ở khoa h ọc để nh ận th ức đúng đắn các hi ện t ượng xã h ội, để 
nghiên c ứu những quy l uật khách quan c ủa xã h ội. 
Như v ậy, bản ch ất c ủa thế giới là v ật ch ất; thế gi ới th ống nhất ở tính vật ch ất. 
Thế giới vật chất có nguyên nhân t ự nó, vĩnh hằng và vô tận với vô số những biểu hiện 
muôn hình muôn vẻ. 
2. Vật chất 
a) Lược khảo các quan điểm trước Mác về vật chất 
Vật chất với tư cách là phạm trù tri ết học đã có l ịch sử khoảng 2.500 n ăm. Ngay 
từ lúc mới ra đời, xung quanh phạm trù vật chất đã diễn ra cuộc đấu tranh không khoan 
nhượng gi ữa ch ủ ngh ĩa duy v ật v à ch ủ ngh ĩa duy tâm . Gi ống nh ư m ọi ph ạm trù  
khác, ph ạm trù vật chất có quá trình phát sinh và phát tri ển gắn liền với hoạt động thực 
tiễn của con người và với sự hiểu biết của con người về giới tự nhiên. 
Theo quan điểm của chủ nghĩa duy tâm thì th ực thể của thế giới, cơ sở của mọi 
tồn tại là một bản nguyên tinh th ần nào đó, có thể là ""ý chí của Thượng đế"" là ""ý niệm 
tuyệt đối"", v.v..  
Theo quan điểm của chủ nghĩa duy vật thì thực thể của thế giới là vật chất, cái tồn 
tại một cách vĩnh cửu, tạo nên mọi sự vật và hiện tượng cùng với những thuộc tính của 
chúng. 
Vào th ời c ổ đại các nhà tri ết h ọc duy v ật đã đồng nh ất v ật ch ất nói chung v ới 
những dạng cụ thể của nó, t ức là nh ững vật thể hữu hình, c ảm tính đang tồn tại ở thế 
giới bên ngoài.  Đỉnh cao c ủa tư tưởng duy v ật cổ đại về vật là thuy ết nguyên t ử của 
Lơxíp và Đêmôcrít. Nguyên tử là các phần tử cực nhỏ, cứng, không thể xâm nhập được, 
không c ảm giác được. Nguyên"
Ôn tập mục kiến thức có các từ khóa: các tính chất cơ bản mối.,"Mối liên hệ có theo cách trình bày của tài liệu tính khách quan, tính phổ biến và tính đa dạng, phong phú.",75770b9b-cdbf-4038-90e2-f25e1f4426fe_triethocmaclenin.pdf,96,Triết học Mác - Lênin,False,listing,MEDIUM,4259d29eb28f366b14b3,Chương VI,"tượng tạo thành thế giới, dù có đa dạng, phong phú, có khác nhau bao nhiêu, song chúng 
đều chỉ là nh ững dạng khác nhau c ủa một th ế gi ới duy nh ất, th ống nh ất - th ế gi ới v ật 
chất. Nhờ có tính th ống nhất đó, chúng không th ể tồn tại biệt lập, tách rời nhau, mà tồn 
tại trong sự tác động qua lại, chuyển hóa l ẫn nhau theo nh ững quan h ệ xác định. Chính 
trên c ơ sở đó, tri ết h ọc duy v ật biện ch ứng kh ẳng định rằng, liên hệ là ph ạm trù tri ết 
học dùng để chỉ sự quy định, sự tác động qua lại, sự chuyển hóa l ẫn nhau giữa các sự 
vật, hiện tượng hay giữa các mặt của một sự vật, của một hiện tượng trong thế giới. 
2. Các tính chất của mối liên hệ 
Theo quan điểm của chủ nghĩa duy vật biện chứng, mối liên hệ có ba tính chất cơ 
bản: Tính khách quan, tính phổ biến và tính đa dạng, phong phú. 
- Tính khách quan của mối liên hệ biểu hiện: các mối liên hệ là vốn có của mọi sự 
vật, hiện tượng; nó không phụ thuộc vào ý thức của con người. 
- Tính phổ biến của mối liên hệ biểu hiện: bất kỳ một sự vật, hiện tượng nào; ở bất 
kỳ không gian nào và ở bất kỳ thời gian nào cũng có mối liên hệ với những sự vật, hiện 
tượng khác. Ngay trong cùng một sự vật, hiện tượng thì bất kỳ một thành phần nào, một 
yếu tố nào cũng có mối liên hệ với những thành phần, những yếu tố khác. 
- Tính đa dạng, phong phú của mối liên hệ biểu hiện: sự vật khác nhau, hiện tượng 
khác nhau, không gian khác nhau, thời gian khác nhau thì các mối liên hệ biểu hiện khác 
nhau. Có thể chia các mối liên hệ thành nhiều loại: mối liên hệ bên trong, mối liên hệ bên 
ngoài, mối liên hệ chủ yếu, mối liên hệ thứ"
Hãy giải thích kiến thức Triết học Mác - Lênin liên quan đến mâu thuẫn biện chứng.,"Mâu thuẫn biện chứng theo cách trình bày của tài liệu là sự thống nhất và đấu tranh giữa các mặt đối lập trong cùng một sự vật, hiện tượng hoặc quá trình.",75770b9b-cdbf-4038-90e2-f25e1f4426fe_triethocmaclenin.pdf,128,Triết học Mác - Lênin,False,definition,MEDIUM,4dbced71cf84016f2fb2,Chương VIII,"cụ thể hay quan h ệ cụ thể. Mặt khác, đời sống xã hội của con người rất đa dạng, phong 
phú do rất nhiều yếu tố cấu thành, do đó để thực hiện được bước nhảy toàn bộ, trước hết, 
phải thực hiện những bước nhảy cục bộ làm thay đổi về chất của từng yếu tố. 
Sự thay đổi về chất của sự vật còn phụ thuộc vào sự thay đổi phương thức liên kết 
giữa các y ếu t ố t ạo thành s ự v ật. Do đó, trong ho ạt động phải bi ết cách tác động vào 
phương thức liên k ết giữa các y ếu tố tạo thành s ự vật trên c ơ sở hiểu rõ b ản chất, quy 
luật, kết cấu của sự vật đó. Chẳng hạn, trên cơ sở hiểu biết đúng đắn về gen, con ng ười 
có th ể tác động vào ph ương th ức liên k ết giữa các nhân t ố tạo thành ge n làm cho gen 
biến đổi. Trong một t ập th ể c ơ ch ế qu ản lý, lãnh đạo và quan h ệ gi ữa các thành viên 
trong tập thể ấy thay đổi có tính ch ất toàn b ộ thì r ất có th ể sẽ làm cho t ập thể đó vững 
mạnh. 
III- Quy luật thống nhất và đấu tranh của các mặt đối lập  
Quy luật thống nhất và đấu tranh c ủa các mặt đối lập (quy lu ật mâu thuẫn) là h ạt 
nhân của phép biện chứng. V. I. Lênin viết: ""Có thể định nghĩa vắn tắt phép biện chứng 
là học thuyết về sự thống nhất của các m ặt đối lập. Như thế là n ắm được hạt nhân c ủa 
phép biện chứng, nhưng điều đó đòi hỏi phải có nh ững giải thích và m ột sự phát tri ển 
thêm""1. 
1. Khái niệm các mặt đối lập, mâu thuẫn, sự thống nhất và đấu tranh 
của các mặt đối lập 
Tất c ả các s ự v ật, hi ện t ượng trên th ế gi ới đều ch ứa đựng những mặt trái ngược 
nhau. Trong nguyên tử có điện tử và hạt nhân; trong sinh vật có đồng hóa và dị hóa; trong 
kinh tế thị "
Tóm tắt luận điểm có các từ khóa sau: triết học Mác giữ vai trò gì trong học thuyết của Mác và Ăngghen.,"Triết học Mác giữ theo cách trình bày của tài liệu vai trò cơ sở lý luận chung, cơ sở thế giới quan và phương pháp luận của học thuyết cách mạng.",75770b9b-cdbf-4038-90e2-f25e1f4426fe_triethocmaclenin.pdf,50,Triết học Mác - Lênin,False,definition,MEDIUM,e969e106ec3816c4fa56,Chương III,"luận tiến bộ và cách mạng mới. Đó là lý luận thể hiện thế giới quan cách mạng của giai 
cấp cách m ạng tri ệt để nh ất trong l ịch s ử, do đó, k ết h ợp m ột cách h ữu c ơ tính các h 
mạng và tính khoa học trong bản chất của mình; nhờ đó, nó có khả năng giải đáp bằng lý 
luận những vấn đề của thời đại đặt ra. Lý luận như vậy đã được sáng tạo nên bởi C.Mác 
và Ph.Ăngghen, trong đó tri ết học đóng vai trò là c ơ sở lý lu ận chung: c ơ sở thế giới 
quan và phương pháp luận. ""Giống như triết học thấy giai cấp vô sản là vũ khi vật chất 
của mình, giai cấp vô sản cũng thấy triết học là vũ khí tinh thần của mình""1
2. Nguồn gốc lý luận và những tiền đề khoa học tự nhiên 
a) Nguồn gốc lý luận 
Để xây d ựng học thuyết của mình ngang t ầm cao c ủa trí tu ệ nhân lo ại, C.Mác và 
Ph.Ăngghen đã k ế th ừa nh ững thành t ựu trong l ịch s ử t ư t ưởng c ủa nhân lo ại. Lê nin 
viết: ""Lịch sử triết học và lịch sử khoa học xã hội chỉ ra một cách hoàn toàn rõ ràng rằng 
chủ nghĩa Mác không có gì là gi ống ""chủ nghĩa tông phái"", hi ểu theo nghĩa là m ột học 
thuyết đóng kín và c ứng nh ắc, n ảy sinh ở ngoài con đường phát tri ển v ĩ đại c ủa v ăn 
minh thế giới"". Người còn chỉ rõ, học thuyết của Mác ""ra đời là sự thừa kế thẳng và trực 
tiếp nh ững h ọc thuy ết c ủa nh ững đại bi ểu xu ất s ắc nh ất trong tri ết h ọc, trong kinh t ế 
chính trị học và trong chủ nghĩa xã hội""2. 
Triết h ọc c ổ điển Đức, đặc bi ệt v ới hai nhà tri ết h ọc tiêu bi ểu là Hêghen và 
Phoiơbắc, là nguồn gốc lý luận trực tiếp của triết học Mác. 
C.Mác và Ph. Ăngghen đã t ừng là nh ững ng ười theo h ọc tri ết h ọc Hêghen. "
Trình bày nội dung trọng tâm của giáo trình về nguyên nhân.,Nguyên nhân được hiểu là sự tác động lẫn nhau giữa các mặt trong một sự vật hoặc giữa các sự vật với nhau gây ra một biến đổi nhất định.,75770b9b-cdbf-4038-90e2-f25e1f4426fe_triethocmaclenin.pdf,106,Triết học Mác - Lênin,False,definition,MEDIUM,e6fc09d25ce632a7dab9,Chương VII,"III- Nguyên nhân và kết quả  
1. Khái niệm nguyên nhân và kết quả 
Phạm trù nguyên nhân và kết quả phản ánh mối quan hệ hình thành của các sự vật, 
hiện tượng trong hiện thực khách quan. 
Nguyên nhân là ph ạm trù ch ỉ sự tác động lẫn nhau g iữa các m ặt tron g m ột s ự 
vật ho ặc g iữa các s ự v ật v ới nhau, gây ra m ột biến đổi nh ất định nào đó. Còn k ết 
quả là phạm trù chỉ những biến đổi xuất hiện do tác động lẫn nhau giữa các mặt trong 
một sự vật hoặc giữa các sự vật với nhau gây ra. Chẳng hạn, không phải nguồn điện là 
nguyên nhân làm bóng đèn phát sáng m à ch ỉ là t ương tác c ủa dòng điện v ới dây d ẫn 
(trong trường hợp này, v ới dây tóc c ủa bóng đèn) mới thực sự là nguyên nhân làm  cho 
bóng đèn phát sáng. Cu ộc đấu tranh gi ữa giai c ấp vô s ản và giai c ấp tư sản là nguyê n 
nhân đưa đến kết quả là cu ộc cách m ạng vô s ản nổ ra.  
Không nên hi ểu nguyên nhân và k ết quả nằm ở hai s ự vật hoàn toàn khác nhau. 
Chẳng hạn cho dòng điện là nguyên nhân c ủa ánh sáng đèn; giai cấp vô s ản là nguyên 
nhân c ủa cuộc cách m ạng vô s ản... Nếu hi ểu nguyên nhân và k ết quả như v ậy s ẽ dẫn 
đến chỗ cho r ằng nguyên nhân c ủa một sự vật, hiện tượng nào đấy luôn n ằm ngoài sự 
vật, hiện tượng đó và cu ối cùng nh ất định sẽ phải thừa nhận rằng nguyên nhân c ủa thế 
giới vật chất nằm ngoài thế giới vật chất, tức nằm ở thế giới tinh thần. 
Cần phân biệt nguyên nhân với nguyên cớ và nguyên nhân với điều kiện. Nguyên 
cớ và điều kiện không sinh ra k ết quả, mặc dù nó xu ất hiện cùng với nguyên nhân. Thí  
dụ chất xúc tác chỉ là điều kiện để các chất hoá học tác động lẫn nhau"
Tóm tắt luận điểm có các từ khóa sau: mối liên hệ phổ biến.,"Mối liên hệ phổ theo cách trình bày của tài liệu biến là sự quy định, tác động, chuyển hóa lẫn nhau giữa các sự vật, hiện tượng hoặc giữa các mặt, yếu tố của cùng một sự vật.",75770b9b-cdbf-4038-90e2-f25e1f4426fe_triethocmaclenin.pdf,95,Triết học Mác - Lênin,False,definition,MEDIUM,f11d8a0cbe6fa1b852b8,Chương VI,"Phép biện chứng duy v ật được xây d ựng trên c ơ sở một hệ thống những nguyên 
lý, nh ững ph ạm trù c ơ b ản, nh ững quy lu ật ph ổ bi ến ph ản ánh đúng đắn hi ện t hực. 
Trong hệ thống đó nguyên lý về mối liên hệ phổ biến và nguyên lý về sự phát triển là hai 
nguyên lý khái quát nh ất. Vì thế Ph.Ăngghen đã định nghĩa: ""phép biện chứng chẳng qua 
chỉ là môn khoa học về những quy luật phổ biến của sự vận động và sự phát triển của tự 
nhiên, của xã hội loài người và của tư duy""1. 
I- Nguyên lý về mối liên hệ phổ biến 
1. Khái niệm mối liên hệ 
Các sự vật, các hiện tượng và các quá trình khác nhau của thế giới có mối liên hệ 
qua l ại, tác động, ảnh h ưởng l ẫn nhau hay chúng t ồn t ại bi ệt l ập, tách r ời nhau? N ếu 
chúng có mối liên hệ qua lại thì cái gì quy định mối liên hệ đó? 
Trong l ịch s ử tri ết h ọc, để tr ả l ời những câu h ỏi đó ta th ấy có nhi ều quan điểm 
khác nhau. Trả lời câu hỏi thứ nhất, những người theo quan điểm siêu hình cho rằng các 
sự vật, hiện tượng tồn tại biệt lập, tách rời nhau, cái này tồn tại bên cạnh cái kia. Chúng 
không có sự phụ thuộc, không có sự ràng buộc và quy định lẫn nhau. Nếu giữa chúng có 
sự quy định lẫn nhau thì cũng chỉ là những quy định b ề ngoài, m ang tính ng ẫu nhiên. 
Tuy v ậy trong s ố nh ững ng ười theo quan điểm siêu hình c ũng có m ột s ố người cho 
rằng, các s ự vật, hiện tượng có m ối liên h ệ với nhau và m ối liên hệ rất đa dạng, phong 
phú, song các hình th ức liên  h ệ khác nhau không có kh ả n ăng chuy ển hóa l ẫn nhau. 
Chẳng h ạn, gi ới vô c ơ và gi ới h ữu c ơ không có liên h ệ gì v ới nhau; t ồn t ại độc l ập, "
Tóm tắt luận điểm có các từ khóa sau: nguyên nhân sâu xa của cách mạng xã hội.,Nguyên nhân sâu xa theo cách trình bày của tài liệu của cách mạng xã hội là mâu thuẫn giữa lực lượng sản xuất đã phát triển với quan hệ sản xuất cũ trở nên lỗi thời và kìm hãm lực lượng sản xuất.,75770b9b-cdbf-4038-90e2-f25e1f4426fe_triethocmaclenin.pdf,182,Triết học Mác - Lênin,False,cause,MEDIUM,7b7db75a7fba92d66779,Chương XII,"Nguyên nhân sâu xa c ủa cách mạng xã h ội là mâu thuẫn giữa lực lượng sản xuất 
và quan h ệ sản xuất. Lực lượng sản xuất phát triển đến một mức độ nhất định thì quan 
hệ sản xuất cũ trở nên l ỗi thời, kìm hãm sự phát tri ển của các l ực lượng sản xuất. “Từ 
chỗ là nh ững hình th ức phát tri ển c ủa các l ực l ượng s ản xu ất, nh ững quan h ệ ấy tr ở 
thành những xiềng xích c ủa các l ực lượng sản xuất. Khi đó bắt đầu thời đại một cuộc 
cách mạng xã hội”1. 
Trong xã h ội có giai c ấp, mâu thuẫn giữa lực lượng sản xuất và quan h ệ sản xuất 
biểu hi ện v ề m ặt xã h ội thành m âu thu ẫn gi ữa giai c ấp cách m ạng, đại bi ểu cho l ực 
lượng sản xuất mới với giai c ấp thống trị dùng m ọi thủ đoạn, đặc biệt là s ử dụng công 
cụ nhà nước có trong tay để bảo vệ, duy trì quan h ệ sản xuất lỗi thời. Để thay thế quan 
hệ sản xuất cũ bằng quan hệ sản xuất mới cao hơn và làm cho nó trở thành quan hệ sản 
xuất th ống tr ị nh ằm g iải phóng mình, giai c ấp cách  m ạng ph ải ti ến hành đấu tranh 
chống lại giai c ấp thống trị, phải giành l ấy chính quy ền nhà n ước. Do v ậy, cách m ạng 
xã hội là đỉnh cao của đấu tranh giai cấp và là bước nhảy vọt tất yếu trong sự phát triển 
của xã hội có giai cấp; vấn đề chính quyền là vấn đề cơ bản của mọi cuộc cách mạng xã 
hội. 
c) Vai trò của cách mạng xã hội 
Các cuộc cách m ạng xã h ội có v ai trò to l ớn trong đời sống xã h ội. Chỉ có cách  
mạng xã hội mới thay thế được quan hệ sản xuất cũ bằng quan hệ sản xuất mới, tiến bộ, 
thúc đẩy lực lượng sản xuất phát triển; mới thay thế được hình thái kinh t ế - xã h ội cũ 
bằng hình thái kinh t ế - xã h "
Tóm tắt luận điểm có các từ khóa sau: nhận thức lý luận.,"Nhận thức lý luận theo cách trình bày của tài liệu là trình độ nhận thức gián tiếp, khái quát, hệ thống hóa bản chất và quy luật của sự vật.",75770b9b-cdbf-4038-90e2-f25e1f4426fe_triethocmaclenin.pdf,143,Triết học Mác - Lênin,False,definition,MEDIUM,d59b974fe40cd40ec9e9,Chương IX,"n; nếu căn cứ trên tính chất tự phát hay 
tự giác của quá trình nhận thức, có thể chia nhận thức thành nhận thức thông thường và 
nhận thức khoa học, v.v.. 
a) Nhận thức kinh nghiệm và nhận thức lý luận 
Nhận thức kinh nghiệm là loại nhận thức hình thành từ sự quan sát trực tiếp các sự 
vật hiện tượng trong t ự nhiên, xã h ội hay trong  các thí ngh iệm khoa h ọc. Kết quả của 
nhận thức kinh nghiệm là những tri thức kinh nghiệm. Tri thức này có hai loại là tri thức 
kinh nghi ệm thông th ường và tri th ức kinh nghi ệm khoa h ọc. Tri th ức kinh nghi ệm 
thông thường là loại tri thức được hình thành từ sự quan sát trực tiếp hàng ngày về cuộc 
sống và lao động sản xuất. Còn tri th ức kinh nghi ệm khoa h ọc là lo ại tri thức thu được 
từ sự khảo sát các thí ng hiệm khoa h ọc. Hai lo ại tri th ức này có quan h ệ chặt chẽ với 
nhau, xâm  nh ập vào nhau để t ạo nên tính phong phú, sinh động c ủa nh ận th ức kinh 
nghiệm. 
Nhận th ức lý lu ận (g ọi t ắt là lý lu ận) là lo ại nhận th ức gián ti ếp, tr ừu t ượng và 
khái quát về bản chất và quy luật của các sự vật, hiện tượng. Nhận thức lý luận có chức 
năng gián ti ếp vì nó được hình thành và phát tri ển trên c ơ s ở c ủa nh ận th ức kinh 
nghiệm. Nhận thức lý luận có tính tr ừu tượng và khái quát vì nó ch ỉ tập trung phản ánh 
cái bản chất mang tính quy luật của sự vật và hiện tượng. Do đó, tri thức lý luận - kết quả 
của nhận thức lý luận - thể hiện chân lý sâu sắc hơn, chính xác hơn và có hệ thống hơn. 
Nhận thức kinh nghiệm và nhận thức lý luận là hai giai đoạn nhận thức khác nhau, 
nhưng có q uan h ệ bi ện c hứng v ới nhau. Tron"
Docker container khác máy ảo ở điểm nào?,Tôi chưa tìm thấy thông tin này trong tài liệu đã được huấn luyện.,,,Triết học Mác - Lênin,True,out_of_scope,MEDIUM,56b1b85c2bb55d4421f1,OUT_OF_SCOPE,
Trình bày nội dung trọng tâm của giáo trình về vì sao mâu thuẫn là nguồn gốc của vận động và phát triển.,"Vì sự thống nhất theo cách trình bày của tài liệu và đấu tranh của các mặt đối lập tạo ra động lực bên trong thúc đẩy sự vật vận động, biến đổi và phát triển.",75770b9b-cdbf-4038-90e2-f25e1f4426fe_triethocmaclenin.pdf,129,Triết học Mác - Lênin,False,cause,MEDIUM,59959423a72782113369,Chương VIII,"mặt đối l ập. Với ý ngh ĩa đó, ""sự th ống nhất c ủa các m ặt đối l ập"" còn bao hàm c ả s ự 
""đồng nhất"" của các mặt đó. Do có sự ""đồng nhất"" của các mặt đối lập mà trong sự triển 
khai của mâu thuẫn đến một lúc nào đó, các mặt đối lập có thể chuyển hóa lẫn nhau. 
Các m ặt đối l ập không ch ỉ th ống nh ất, mà còn luôn luôn "" đấu tranh"" v ới nhau. 
Đấu tranh của các mặt đối lập là sự tác động qua lại theo xu hướng bài trừ và phủ định 
lẫn nhau.  Hình th ức đấu tranh c ủa các m ặt đối l ập h ết s ức phong phú, đa d ạng, tùy 
thuộc vào tính chất, vào mối quan hệ qua lại giữa các mặt đối lập và tùy điều kiện cụ thể 
diễn ra cuộc đấu tranh giữa chúng. 
2. Mâu thuẫn là nguồn gốc của sự vận động và sự phát triển 
Sự th ống nh ất và đấu tranh c ủa các m ặt đối l ập là hai xu h ướng tác động khác 
nhau của các mặt đối lập tạo thành mâu thuẫn. Như vậy mâu thuẫn biện chứng bao hàm 
cả ""sự thống nhất"" lẫn ""đấu tranh"" c ủa các m ặt đối lập. Sự thống nhất gắn liền với sự 
đứng im, với sự ổn định tạm thời của sự vật. Sự đấu tranh g ắn liền với tính tuyệt đối 
của sự vận động và phát tri ển. Điều đó có nghĩa là:   ""S ự thống nhất (...) của các mặt 
đối lập là có điều kiện, tạm thời, thoáng qua, t ương đối. Sự đấu tranh c ủa các m ặt đối 
lập bài trừ lẫn nhau là tuyệt đối, cũng như sự phát triển, sự vận động là tuyệt đối""1. 
Trong sự tác động qua lại của các mặt đối lập thì đấu tranh của các mặt đối lập quy 
định một cách tất yếu sự thay đổi của các mặt đang tác động và làm cho mâu thuẫn phát 
triển. Lúc đầu mới xuất hiện, mâu thuẫn chỉ là sự khác nhau căn bản, nhưng theo khuynh 
hướng trái "
"Theo giáo trình, ngoài đặc trưng chung về huyết thống là gì?","Ngoài đặc trưng chung về huyết thống là chủ y ếu, thị t ộc còn có những quan h ệ cộng đồng về ngôn ngữ, tập quán, tín ngưỡng, v ăn hóa.",75770b9b-cdbf-4038-90e2-f25e1f4426fe_triethocmaclenin.pdf,163,Triết học Mác - Lênin,False,definition,MEDIUM,4bd1aa833d552dfa213c,Chương XI,"I- Những hình thức cộng đồng người trong lịch sử 
1. Những hình thức cộng đồng người trước dân tộc 
Để tồn tại và phát triển, con người phải gắn kết với nhau thành những cộng đồng. 
Trong quá trình phát tri ển của xã hội, trước khi dân tộc ra đời, các hình thức cộng đồng 
người cũng biến đổi từ thị tộc đến bộ lạc, bộ tộc. 
a) Thị tộc 
Là cộng đồng người (gồm khoảng vài tr ăm người) có cùng một huyết thống. Thị 
tộc là một đơn vị sản xuất và là một hình thức tồn tại cơ bản của xã hội nguyên thuỷ. Do 
trình độ của lực lượng sản xuất chưa phát triển, nguồn sống chủ yếu dựa vào trồng trọt 
và chăn nuôi, vì vậy vai trò của người phụ nữ trong thị tộc có một vị trí đặc biệt. Chế độ 
quần hôn th ời kỳ đầu và địa vị độc tôn của người phụ nữ trong s ản xuất chính là c ơ sở 
hình thành hình th ức th ị t ộc m ẫu quy ền đầu tiên trong l ịch s ử. S ự phát tri ển c ủa l ực 
lượng sản xuất đã làm thay đổi vị trí của người đàn ông trong ch ế độ thị tộc. Hình thức 
thị tộc phụ quyền đã ra đời thay thế hình th ức thị tộc mẫu quyền. Thị tộc là hình th ức 
cộng đồng người đầu tiên trong lịch sử. 
Ngoài đặc trưng chung về huyết thống là ch ủ y ếu, thị t ộc còn có nh ững quan h ệ 
cộng đồng về ngôn ngữ, tập quán, tín ngưỡng, v ăn hóa. Mỗi thị tộc có khu v ực cư trú, 
vùng săn bắt và tên gọi riêng. 
Cơ sở tồn tại về kinh t ế của thị tộc là quy ền sở hữu chung v ề tư liệu sản xuất và 
tài s ản. H ọ cùng lao động và m ọi s ản ph ẩm được chia đều cho t ất c ả các thành viên 
trong thị tộc. 
Lãnh đạo thị tộc là m ột hội đồng thị tộc, đứng đầu là t ộc trưởng được mọi người 
bầu ra. Vi ệc quản lý điều h"
Tóm tắt luận điểm có các từ khóa sau: quan điểm trước Mác về nhận thức thường có hạn chế gì.,"Nhiều quan điểm trước theo cách trình bày của tài liệu Mác hoặc duy tâm hóa nhận thức, hoặc trực quan máy móc, chưa thấy đầy đủ vai trò của thực tiễn đối với nhận thức.",75770b9b-cdbf-4038-90e2-f25e1f4426fe_triethocmaclenin.pdf,136,Triết học Mác - Lênin,False,comparison,MEDIUM,08d4b4e17636ec4d1713,Chương IX,"I- Bản chất của nhận thức và vai trò của thực tiễn đối với nhận thức 
1. Bản chất của nhận thức 
a) Quan niệm về nhận thức của một số trào lưu triết học trước Mác 
Xuất phát từ chỗ phủ nhận sự tồn tại khách quan của th ế giới vật ch ất, chủ ngh ĩa 
duy tâm  ch ủ quan cho rằng nh ận t hức ch ỉ là s ự ph ức h ợp nh ững c ảm giác c ủa con 
người; ch ủ nghĩa duy tâm  khách quan l ại coi nhận thức là s ự ""hồi tưởng lại"" của linh 
hồn bất tử về ""thế giới các ý niệm"" mà nó đã từng chiêm ngưỡng được nhưng đã bị lãng 
quên, hoặc cho rằng nhận thức là sự ""tự ý thức về mình của ý niệm tuyệt đối"". 
Khác với chủ nghĩa duy tâm chủ quan và ch ủ nghĩa duy tâm  khách quan, nh ững 
người theo thuy ết hoài nghi coi nh ận thức là tr ạng thái hoài nghi v ề sự vật và bi ến sự 
nghi ngờ về tính xác thực của tri thức thành một nguyên tắc của nhận thức. Đến thời kỳ 
cận đại, khuynh h ướng này ph ủ nhận khả năng nhận thức được thế giới của con người 
hoặc hạn chế ở cảm giác bề ngoài của sự vật. 
Đối lập với những quan niệm đó, chủ nghĩa duy vật thừa nhận khả năng nhận thức 
được thế giới của con người và coi nh ận thức là sự phản ánh hiện thực khách quan vào 
trong đầu óc của con người. Tuy nhiên, do sự hạn chế bởi tính trực quan, siêu hình, máy 
móc mà chủ nghĩa duy v ật trước Mác đã coi nh ận thức là s ự phản ánh tr ực quan, đơn 
giản, là b ản sao chép nguyên xi tr ạng thái bất động của sự vật. Họ chưa thấy được vai 
trò của thực tiễn đối với nhận thức. Chính vì th ế mà C.Mác đã nhận xét r ằng: ""Khuyết"
Quan niệm phương Đông cổ đại về con người thường gắn với điều gì?,"Nó thường gắn con người với trật tự vũ trụ, đạo đức, cộng đồng và sự hòa hợp giữa con người với tự nhiên, xã hội.",75770b9b-cdbf-4038-90e2-f25e1f4426fe_triethocmaclenin.pdf,202,Triết học Mác - Lênin,False,summary,MEDIUM,d825f88bf8b2014e36f3,Chương XIV,"iết học về con ng ười là m ột nội dung l ớn trong l ịch sử triết học 
nhân lo ại. Đó là nh ững v ấn đề: Con ng ười là gì? B ản tính, b ản ch ất con ng ười? M ối 
quan hệ giữa con người và thế giới? Con người có thể làm gì để giải phóng mình, đạt tới 
tự do?.... Đây cũng chính là n ội dung  c ơ bản của nhân sinh quan – m ột nội dung c ấu 
thành thế giới quan triết học. 
Tuỳ theo điều kiện lịch sử của mỗi thời đại mà nổi trội lên vấn đề này hay vấn đề 
kia. Đồng thời, tuỳ theo giác độ tiếp c ận khác nhau m à các tr ường phái tri ết h ọc, các 
nhà triết học trong lịch sử có những phát hiện, đóng góp khác nhau trong vi ệc lý giải về 
con ng ười. M ặt khác trong khi gi ải quy ết nh ững v ấn đề trên, m ỗi nhà tri ết h ọc, m ỗi 
trường phái tri ết h ọc có th ể lại đứng trên l ập trường th ế gi ới quan, ph ương pháp lu ận 
khác nhau: Duy vật hoặc duy tâm, biện chứng hoặc siêu hình... 
Trong nền triết học Trung Hoa suốt chiều dài lịch sử trên hai ngàn n ăm cổ - trung 
đại, vấn đề bản tính con ng ười là v ấn đề được quan tâm  hàng đầu. Giải quyết vấn đề 
này, các nhà t ư tưởng của Nho gia và Pháp gia đã tiếp cận từ giác độ hoạt động thực 
tiễn chính trị, đạo đức của xã hội và đi đến kết luận bản tính người là Thiện (Nho gia) và 
bản tính ng ười là Bất Thiện (Pháp gia). Các nhà t ư tưởng của Đạo gia, ngay t ừ Lão t ử 
thời Xuân Thu, lại tiếp cận giải quyết vấn đề bản tính người từ giác độ khác và đi tới kết 
luận bản tính T ự Nhiên của con ng ười. Sự khác nhau v ề giác độ tiếp cận và v ới những 
kết luận khác nhau v ề bản tính con ng ười đã là ti ền đề xuất phát cho nh ững quan điểm 
"
Triết học Hy Lạp cổ đại ra đời trong bối cảnh xã hội nào?,"Nó ra đời trong xã hội chiếm hữu nô lệ Hy Lạp với mâu thuẫn xã hội gay gắt, kinh tế thương nghiệp phát triển và các khoa học cụ thể bắt đầu hình thành.",75770b9b-cdbf-4038-90e2-f25e1f4426fe_triethocmaclenin.pdf,25,Triết học Mác - Lênin,False,history,MEDIUM,068165508647cd4d272a,Chương II,"phân kỳ chỉ giai đoạn xã h ội chiếm hữu nô l ệ; triết h ọc trung c ổ chỉ giai đoạn xã h ội 
phong kiến; triết học cận đại chỉ giai đoạn xã h ội tư bản đang hình thành và phát tri ển. 
Còn triết học cổ điển Đức chỉ giai đoạn triết học ở Đức thế kỷ XVIII - XIX. 
I- Triết học Hy Lạp Cổ đại 
1. Hoàn cảnh ra đời và đặc điểm của triết học Hy Lạp cổ đại 
Tư t ưởng tri ết h ọc ra đời ở xã h ội Hy L ạp c ổ đại, xã h ội chi ếm h ữu nô l ệ v ới 
những mâu thuẫn gay gắt giữa tầng lớp chủ nô dân chủ và chủ nô quý tộc. 
Những cuộc xâm lăng từ bên ngoài đã làm suy yếu nền kinh tế thủ công Hy Lạp.  
Do thuận lợi về đường biển nên kinh tế thương nghiệp khá phát triển. 
Một s ố ngành khoa h ọc c ụ th ể th ời k ỳ này nh ư toán h ọc, v ật lý h ọc, thiên v ăn, 
thuỷ văn, v.v. bắt đầu phát triển. Khoa học hình thành và phát tri ển đòi hỏi sự khái quát 
của triết học. Nhưng tư duy triết học thời kỳ này chưa phát triển cao; tri thức triết học và 
tri thức khoa học cụ thể thường hoà vào nhau. Các nhà tri ết học lại cũng chính là các  
nhà khoa h ọc cụ thể. Thời kỳ này c ũng diễn ra s ự giao l ưu giữa Hy L ạp và các n ước 
ảrập phương Đông nên tri ết học Hy L ạp cũng chịu sự ảnh hưởng của triết học phương 
Đông. 
Sự ra đời và phát tri ển của triết học Hy L ạp cổ đại có m ột số đặc điểm như: gắn 
hữu cơ với khoa học tự nhiên, hầu hết các nhà triết học duy vật đều là các nhà khoa học 
tự nhiên; s ự ra đời rất sớm chủ nghĩa duy v ật mộc mạc, thô s ơ và phép bi ện chứng tự 
phát; cuộc đấu tranh gi ữa chủ nghĩa duy v ật và c hủ nghĩa duy tâm  biểu hiện qua cu ộc 
đấu tranh gi ữa đường lối triết học của Đ"
"Trình bày nội dung trọng tâm của giáo trình về theo Mác, trong tính hiện thực, bản chất con người.","Trong tính hiện thực của nó, bản chất con người được hiểu là tổng hòa những quan hệ xã hội.",75770b9b-cdbf-4038-90e2-f25e1f4426fe_triethocmaclenin.pdf,205,Triết học Mác - Lênin,False,definition,MEDIUM,cc239e5da7dccfa74023,Chương XIV,"hội là cơ sở để hình thành h ệ thống các nhu c ầu sinh h ọc và nhu c ầu xã h ội trong đời 
sống con người như nhu cầu ăn, mặc, ở; nhu cầu tái sản xuất xã hội; nhu cầu tình cảm; 
nhu cầu thẩm mỹ và hưởng thụ các giá trị tinh thần. 
Với phương pháp lu ận duy v ật biện chứng, chúng ta th ấy rằng quan h ệ giữa mặt 
sinh h ọc và m ặt xã h ội, c ũng nh ư nhu c ầu sinh h ọc và nhu c ầu xã h ội trong m ỗi con 
người là th ống nhất. Mặt sinh h ọc là cơ sở tất yếu tự nhiên c ủa con ng ười, còn m ặt xã 
hội là đặc trưng b ản ch ất để phân bi ệt con ng ười v ới loài v ật. Nhu c ầu sinh h ọc ph ải 
được ""nhân hóa"" để mang giá tr ị văn minh con ng ười, và đến lượt nó, nhu c ầu xã h ội 
không thể thoát ly khỏi tiền đề của nhu cầu sinh học. Hai mặt trên thống nhất với nhau, 
hoà quyện vào nhau để tạo thành con người viết hoa, con người tự nhiên - xã hội. 
b) Trong tính hiện thực của nó, bản chất con người là tổng hoà những 
quan hệ xã hội 
Từ những quan ni ệm đã trình bày ở trên, chúng ta th ấy rằng, con ng ười vượt lên 
thế giới loài vật trên cả ba phương diện khác nhau: quan hệ với tự nhiên, quan hệ với xã 
hội và quan hệ với chính bản thân con người. Cả ba mối quan hệ đó, suy đến cùng, đều 
mang tính xã hội, trong đó quan hệ xã hội giữa người với người là quan hệ bản chất, bao 
trùm tất cả các mối quan hệ khác và mọi hoạt động trong chừng mực liên quan đến con 
người. 
Bởi vậy, để nhấn mạnh bản chất xã hội của con người, C.Mác đã nêu lên luận đề nổi 
tiếng trong tác phẩm Luận cương về Phoiơbắc: ""Bản chất con ng ười không ph ải là m ột 
cái trừu tượng cố hữu của cá nhân riêng bi ệt. Tron"
Phản ứng oxi hóa khử là gì?,Tôi chưa tìm thấy thông tin này trong tài liệu đã được huấn luyện.,,,Triết học Mác - Lênin,True,out_of_scope,MEDIUM,a8a72f83598c7052de79,OUT_OF_SCOPE,
Trình bày nội dung trọng tâm của giáo trình về quan hệ sản xuất.,"Quan hệ sản xuất được hiểu là quan hệ giữa người với người trong quá trình sản xuất, gồm quan hệ sở hữu, tổ chức quản lý và phân phối sản phẩm.",75770b9b-cdbf-4038-90e2-f25e1f4426fe_triethocmaclenin.pdf,153,Triết học Mác - Lênin,False,definition,MEDIUM,05e77476c74f7120dc46,Chương X,"i: khoa học và công nghệ 
hiện đại là đặc trưng cho lực lượng sản xuất hiện đại.  
c) Quan hệ sản xuất  
Quan hệ sản xuất là quan h ệ giữa người với người trong quá trình s ản xuất (sản 
xuất và tái sản xuất xã hội). Quan hệ sản xuất gồm ba mặt: quan hệ về sở hữu đối với tư 
liệu sản xuất, quan h ệ trong t ổ chức và qu ản lý sản xuất, quan h ệ trong phân ph ối sản 
phẩm sản xuất ra. 
Quan hệ sản xuất do con ng ười tạo ra, nh ưng nó hình th ành một cách khách quan 
trong quá trình sản xuất, không phụ thuộc vào ý m uốn chủ quan c ủa con ng ười. C.Mác 
viết: ""Trong sản xuất, người ta không chỉ quan hệ với giới tự nhiên. Người ta không thể 
sản xuất được nếu không kết hợp với nhau theo một cách nào đó để hoạt động chung và 
để tr ao đổi ho ạt động v ới nhau. Mu ốn s ản xu ất được, n gười ta ph ải có nh ững mối 
liên hệ và quan hệ nhất định với nhau; và quan h ệ của họ với giới tự nhiên, t ức là vi ệc 
sản xuất""1. Quan hệ sản xuất là hình thức xã hội của sản xuất; giữa ba mặt của quan hệ sản 
xuất thống nhất với nhau, tạo thành một hệ thống mang tính ổn định tương đối so với sự vận 
động, phát triển không ngừng của lực lượng sản xuất. 
Trong ba mặt của quan hệ sản xuất, quan hệ sở hữu về tư liệu sản xuất là quan hệ 
xuất phát, quan hệ cơ bản, đặc trưng cho quan hệ sản xuất trong từng xã hội. Quan hệ sở 
hữu về tư liệu sản xuất quyết định quan h ệ về tổ chức quản lý s ản xuất, quan h ệ phân 
phối sản phẩm cũng như các quan hệ xã hội khác. 
Lịch sử phát tri ển của nhân lo ại đã chứng kiến có hai lo ại hình s ở hữu cơ bản về 
tư liệu sản xuất: sở hữu tư nhân và s ở hữu công c ộng. "
Mô hình OSI có những tầng nào?,Tôi chưa tìm thấy thông tin này trong tài liệu đã được huấn luyện.,,,Triết học Mác - Lênin,True,out_of_scope,MEDIUM,1c00cf964402695754e2,OUT_OF_SCOPE,
Trình bày nội dung trọng tâm của giáo trình về quan niệm phương Tây trước Mác về con người có đặc điểm gì.,"Nó có nhiều khuynh theo cách trình bày của tài liệu hướng khác nhau, từ đề cao lý tính, linh hồn, bản tính tự nhiên đến xem con người như cá nhân độc lập, nhưng còn hạn chế lịch sử.",75770b9b-cdbf-4038-90e2-f25e1f4426fe_triethocmaclenin.pdf,203,Triết học Mác - Lênin,False,summary,MEDIUM,7d69077226f31ea360d4,Chương XIV,"độc đáo của triết học Đạo Phật. 
b) Quan niệm về con người trong triết học phương Tây 
Trong suốt chiều dài lịch sử triết học phương Tây từ Cổ đại Hy Lạp trải qua giai đoạn 
Trung cổ, Phục hưng và Cận đại đến nay, những vấn đề triết học về con người vẫn là một 
đề tài tranh luận chưa chấm dứt.  
Thực tế lịch sử đã cho thấy giác độ tiếp cận giải quyết các vấn đề triết học về con 
nngười trong nền triết học phương Tây có nhiều điểm khác với nền triết học phương Đông. 
Nhìn chung, các nhà triết học theo lập trường triết học duy vật đã lựa chọn giác độ khoa học 
tự nhiên để lý giải về bản chất con người và các vấn đề khác có liên quan. Ngay từ thời Cổ 
đại, các nhà triết học duy vật đã từng đưa ra quan niệm về bản chất vật chất tự nhiên của 
con người, coi con ng ười cũng như vạn vật trong giới tự nhiên không có gì th ần bí, đều 
được cấu tạo nên t ừ vật chất. Tiêu biểu là quan ni ệm của Đêmôcrit về bản tính v ật chất 
nguyên tử cấu tạo nên thể xác và linh hồn của con người. Đây cũng là tiền đề phương pháp 
luận của quan điểm nhân sinh theo đường lối Êpiquya... Những quan niệm duy vật như vậy 
đã được tiếp tục phát triển trong nền triết học thời Phục hưng và Cận đại mà tiêu biểu là các 
nhà duy vật nước Anh  và Pháp thế kỷ XVIII; nó cũng là một trong những tiền đề lý luận 
cho chủ nghĩa duy vật nhân bản của Phoiơbắc. Trong một phạm vi nhất định, đó cũng là 
một trong những tiền đề lý luận của quan niệm duy vật về con người trong triết học Mác. 
Đối lập với các nhà triết học duy vật, các nhà triết học duy tâm trong lịch sử triết học 
phương Tây lại chú trọng giác độ hoạt động lý"
Kết quả là gì?,Kết quả là biến đổi xuất hiện do sự tác động lẫn nhau của các nguyên nhân gây ra.,75770b9b-cdbf-4038-90e2-f25e1f4426fe_triethocmaclenin.pdf,106,Triết học Mác - Lênin,False,definition,MEDIUM,dd4e1a28a2c724c9bce2,Chương VII,"III- Nguyên nhân và kết quả  
1. Khái niệm nguyên nhân và kết quả 
Phạm trù nguyên nhân và kết quả phản ánh mối quan hệ hình thành của các sự vật, 
hiện tượng trong hiện thực khách quan. 
Nguyên nhân là ph ạm trù ch ỉ sự tác động lẫn nhau g iữa các m ặt tron g m ột s ự 
vật ho ặc g iữa các s ự v ật v ới nhau, gây ra m ột biến đổi nh ất định nào đó. Còn k ết 
quả là phạm trù chỉ những biến đổi xuất hiện do tác động lẫn nhau giữa các mặt trong 
một sự vật hoặc giữa các sự vật với nhau gây ra. Chẳng hạn, không phải nguồn điện là 
nguyên nhân làm bóng đèn phát sáng m à ch ỉ là t ương tác c ủa dòng điện v ới dây d ẫn 
(trong trường hợp này, v ới dây tóc c ủa bóng đèn) mới thực sự là nguyên nhân làm  cho 
bóng đèn phát sáng. Cu ộc đấu tranh gi ữa giai c ấp vô s ản và giai c ấp tư sản là nguyê n 
nhân đưa đến kết quả là cu ộc cách m ạng vô s ản nổ ra.  
Không nên hi ểu nguyên nhân và k ết quả nằm ở hai s ự vật hoàn toàn khác nhau. 
Chẳng hạn cho dòng điện là nguyên nhân c ủa ánh sáng đèn; giai cấp vô s ản là nguyên 
nhân c ủa cuộc cách m ạng vô s ản... Nếu hi ểu nguyên nhân và k ết quả như v ậy s ẽ dẫn 
đến chỗ cho r ằng nguyên nhân c ủa một sự vật, hiện tượng nào đấy luôn n ằm ngoài sự 
vật, hiện tượng đó và cu ối cùng nh ất định sẽ phải thừa nhận rằng nguyên nhân c ủa thế 
giới vật chất nằm ngoài thế giới vật chất, tức nằm ở thế giới tinh thần. 
Cần phân biệt nguyên nhân với nguyên cớ và nguyên nhân với điều kiện. Nguyên 
cớ và điều kiện không sinh ra k ết quả, mặc dù nó xu ất hiện cùng với nguyên nhân. Thí  
dụ chất xúc tác chỉ là điều kiện để các chất hoá học tác động lẫn nhau"
Hãy giải thích kiến thức Triết học Mác - Lênin liên quan đến chủ nghĩa hiện sinh nhấn mạnh vấn đề gì.,"Chủ nghĩa hiện sinh theo cách trình bày của tài liệu thường nhấn mạnh sự tồn tại cá nhân, thân phận con người và những lựa chọn của con người trong đời sống hiện đại.",75770b9b-cdbf-4038-90e2-f25e1f4426fe_triethocmaclenin.pdf,69,Triết học Mác - Lênin,False,summary,MEDIUM,d5689ce110f03cca62a1,Chương IV," bản thân triết học. 
Mặc dù nh ững nhà tri ết học sau Pốppơ và Cun đã chú ý đến ý ngh ĩa thế giới quan c ủa 
triết học đối với khoa h ọc, nhưng do thi ếu quan điểm duy vật lịch sử nên họ không có 
cách nào thoát khỏi tính hạn chế đó. Vì vậy chủ nghĩa duy khoa học không thể mở ra một 
con đường mới thực sự đúng đắn cho sự phát triển của triết học. 
2. Chủ nghĩa hiện sinh 
Chủ nghĩa hiện sinh đầu thế kỷ XX có cội nguồn tư tưởng sâu xa mà trực tiếp nhất 
là triết học phi duy lý ở thế kỷ XIX. Đại biểu chủ yếu của chủ nghĩa hiện sinh là các nhà 
triết học Hâyđơgơ, Xáctơrơ, Giaxpơ, Macxen. 
Chủ ngh ĩa hi ện sinh là m ột tr ường phái tri ết h ọc r ất ph ức t ạp. Quan điểm c ủa 
những đại biểu của triết học này t hường có s ự khác nhau r ất l ớn. Ngoài s ự phân bi ệt 
về qu ốc gia nh ư ch ủ ngh ĩa hi ện sinh c ủa Đức, ch ủ ngh ĩa hi ện sinh c ủa Pháp và ch ủ 
nghĩa hiện sinh c ủa Mỹ, còn có th ể phân bi ệt chủ nghĩa hiện sinh theo thái độ đối với 
tôn giáo nh ư chủ nghĩa hiện sinh vô th ần và ch ủ nghĩa hiện sinh h ữu thần. Trên nh ững 
vấn đề chính trị to l ớn, giữa những nhà triết học hiện sinh cũng có những khác biệt lớn. 
Nhưng tất cả những người theo chủ nghĩa hiện sinh đều coi sự hiện sinh c ủa cá nhân là 
nội dung cơ bản trong triết học của mình. 
 Các nhà hi ện sinh phân bi ệt hai khái ni ệm hữu thể và hiện hữu (hiện sinh). H ữu 
thể là khái niệm chỉ một cái gì đó (một vật, một người) đang tồn tại, đang có mặt, nhưng 
chưa là m ột cái gì đó cụ thể cả, chưa có di ện mạo, chưa có cá tính. Đó là m ột tồn tại 
chưa sống đích thực, vô h ồn, tức là ch ưa hiện hữu. Còn hi ện hữu "
Tóm tắt luận điểm có các từ khóa sau: ý thức khoa học.,"Ý thức khoa học theo cách trình bày của tài liệu là hình thái ý thức xã hội phản ánh hiện thực bằng hệ thống tri thức khái quát, logic, có căn cứ và được kiểm chứng.",75770b9b-cdbf-4038-90e2-f25e1f4426fe_triethocmaclenin.pdf,198,Triết học Mác - Lênin,False,definition,MEDIUM,5f296453aaecd22bdbdf,Chương XIII,"gìn trật tự xã hội chung và sinh hoạt thường ngày của mọi người. 
Tuy nhiên, trong xã hội có giai cấp và đấu tranh giai cấp thì nội dung chủ yếu của 
đạo đức ph ản ánh quan h ệ giai c ấp, nó có tính giai c ấp. Trong các ph ạm trù đạo đức 
luôn luôn ph ản ánh địa vị và l ợi ích của giai c ấp. Mỗi giai c ấp trong nh ững giai đoạn 
phát triển nhất định của lịch sử xã hội đều có những quan niệm đạo đức riêng của mình. 
Giai cấp tiêu bi ểu cho xu th ế phát triển đi lên c ủa xã h ội thì đại diện cho m ột nền đạo 
đức ti ến b ộ, còn các giai c ấp ph ản động thì đại di ện cho m ột n ền đạo đức suy t hoái. 
Ph.Ăngghen viết: ""Xét cho đến cùng, mọi học thuyết về đạo đức đã có từ trước đến nay 
đều là sản phẩm của tình hình kinh tế của xã hội lúc bấy giờ. Và vì cho tới nay xã hội đã 
vận động trong nh ững sự đối lập giai c ấp, cho nên đạo đức cũng luôn luôn là đạo đức 
của giai c ấp: hoặc là nó bi ện hộ cho sự thống trị và l ợi ích c ủa giai c ấp thống trị, hoặc 
là, khi giai c ấp bị trị đã trở nên khá m ạnh thì nó tiêu bi ểu cho s ự nổi dậy chống lại sự 
thống trị nói trên và tiêu biểu cho lợi ích tương lai của những người bị áp bức""1. 
4. ý thức khoa học 
ý thức khoa học vừa là một hình thái ý th ức xã hội, vừa là một hiện tượng xã hội 
đặc biệt. Xem xét khoa h ọc như một hình thái ý th ức xã hội không thể tách rời xem xét 
nó như một hiện tượng xã hội. 
ý thức khoa học - với tính cách là một hình thái ý thức xã hội - là hệ thống tri thức 
phản ánh chân th ực dưới dạng lôgic tr ừu tượng về thế giới đã được kiểm nghiệm qua 
thực tiễn. Đối tượng phản ánh của ý thức khoa học bao quát m "
Ôn tập mục kiến thức có các từ khóa: quá hình thành triết học mác.,Nó bắt đầu từ theo cách trình bày của tài liệu quá trình chuyển biến tư tưởng của C.Mác và Ph.Ăngghen.,75770b9b-cdbf-4038-90e2-f25e1f4426fe_triethocmaclenin.pdf,52,Triết học Mác - Lênin,False,history,MEDIUM,c7fd90c44ba1b28465a6,Chương III," d ựa trên tri th ức 
khoa học tự nhiên h ồi đó. Ăngghen nêu b ật ý n ghĩa c ủa ba phát m inh l ớn đối v ới s ự 
hình thành tri ết học duy vật biện chứng: định luật bảo toàn và chuy ển hóa năng lượng, 
thuyết t ế bào và thuy ết ti ến hóa  c ủa Đácuyn. V ới nh ững phát m inh đó, khoa h ọc đã 
vạch ra m ối liên h ệ thống nhất giữa những dạng tồn tại khác nhau, các hình th ức vận 
động khác nhau trong tính th ống nh ất v ật ch ất c ủa th ế gi ới, v ạch ra tính bi ện ch ứng 
của sự vận động và phát tri ển của nó. Đánh giá v ề ý ngh ĩa của những thành t ựu khoa 
học t ự nhiên t hời ấy, Ăngghen vi ết: "" Quan ni ệm m ới v ề gi ới t ự nhiên đã được hoàn 
thành tr ên những nét c ơ bản: tất cả cái g ì cứng nh ắc đều b ị tan ra, t ất cả cái gì là cố 
định đều biến thành m ây khói, và t ất cả những gì đặc biệt mà người ta cho là t ồn tại 
vĩnh c ửu thì đã tr ở thành nh ất th ời; và ng ười ta đã ch ứng minh r ằng toàn b ộ gi ới t ự 
nhiên đều vận động theo một dòng và một tuần hoàn vĩnh cửu""2. 
Như vậy, triết học Mác c ũng như toàn bộ chủ nghĩa Mác ra đời như một tất yếu 
lịch sử không nh ững vì đời s ống và th ực ti ễn, nh ất là th ực ti ễn cách  m ạng c ủa giai  
cấp công nhân, đòi hỏi phải có lý luận mới soi đường mà còn vì những tiền đề cho sự ra 
đời lý luận mới đã được nhân loại tạo ra. 
II- Quá trình hình thành và phát triển triết học Mác 
1. C.Mác, Ph.Ăngghen và quá trình chuyển biến tư tưởng của các ông 
từ chủ nghĩa duy tâm và dân chủ cách mạng sang chủ nghĩa duy vật và 
cộng sản chủ nghĩa 
Các Mác (5-5-1818 – 14-3-1883) sinh tr ưởng trong m ột gia đình trí th ức (b ố là 
luật"
"Theo giáo trình, tại sao nói cách mạng xã hội là gì?","Tại sao nói cách mạng xã hội là phương thức thay thế hình thái kinh t ế - xã h ội này bằng hình thái kinh tế - xã hội khác cao hơn, tiến bộ hơn?",75770b9b-cdbf-4038-90e2-f25e1f4426fe_triethocmaclenin.pdf,186,Triết học Mác - Lênin,False,definition,MEDIUM,40b4c0204e14b8f6fbc3,Chương XIII,"câu hỏi ôn tập 
1. Hãy phân tích nguồn gốc, bản chất của nhà nước, nêu các ki ểu và hình thức nhà 
nước? 
2. Nh ững đặc tr ưng và ch ức n ăng c ơ b ản c ủa nhà n ước vô s ản khác v ới các  
nhà n ước trong l ịch s ử nh ư th ế nào? 
3. Tại sao nói cách mạng xã hội là phương thức thay thế hình thái kinh t ế - xã h ội 
này bằng hình thái kinh tế - xã hội khác cao hơn, tiến bộ hơn?"
Nhân cách là gì?,"Nhân cách là hệ thống những phẩm chất xã hội ổn định của cá nhân, thể hiện giá trị, năng lực, trách nhiệm và cách ứng xử của cá nhân trong xã hội.",75770b9b-cdbf-4038-90e2-f25e1f4426fe_triethocmaclenin.pdf,207,Triết học Mác - Lênin,False,definition,MEDIUM,2a059a196135129fdd9e,Chương XIV,"đó, con người tiếp nhận hoàn cảnh một cách tích c ực và tác động trở lại hoàn cảnh trên 
nhiều phương diện khác nhau: ho ạt động thực tiễn, quan hệ ứng xử, hành vi con ng ười, 
sự phát triển của phẩm chất trí tuệ và năng lực tư duy, các quy luật nhận thức hướng con 
người tới hoạt động vật chất. Đó là biện chứng của mối quan hệ giữa con người và hoàn 
cảnh trong bất kỳ giai đoạn nào của lịch sử xã hội loài người. 
II- Quan hệ giữa cá nhân và xã hội 
1. Khái niệm cá nhân và nhân cách 
Cá nhân là khái ni ệm chỉ con ng ười c ụ th ể s ống trong một xã h ội nh ất định và 
được phân bi ệt v ới các cá th ể khác thông qua tính đơn nh ất và tính ph ổ bi ến c ủa nó. 
Khái niệm cá nhân c ũng được phân biệt với khái niệm con người, vì con ng ười là khái 
niệm dùng để chỉ tính phổ biến trong bản chất người của tất cả các cá nhân. 
Xã hội do các cá nhân t ạo nên. Các cá nhân s ống và ho ạt động trong các nhóm, 
cộng đồng và tập đoàn xã hội khác nhau, mang tính lịch sử xác định. Yếu tố xã hội là đặc 
trưng căn bản để hình thành cá nhân.  
Như vậy, cá nhân là một chỉnh thể đơn nhất, vừa mang tính cá biệt vừa mang tính 
phổ biến, là chủ thể của lao động, của mọi quan hệ xã hội và của nhận thức nhằm thực 
hiện chức năng cá nhân và ch ức năng xã h ội trong m ột giai đoạn phát tri ển nhất định 
của lịch sử xã hội. 
Nhân cách là khái ni ệm ch ỉ bản s ắc độc đáo, ri êng biệt của mỗi cá nhân, là n ội 
dung và tính ch ất bên trong c ủa mỗi cá nhân. B ởi vậy, nếu cá nhân là khái ni ệm chỉ sự 
khác biệt giữa cá thể với giống loài thì nhân cách là khái niệm chỉ sự khác biệt giữa các 
cá nhân. Cá nhân"
Các giai đoạn phát triển cơ bản của phép biện chứng gồm những gì?,"Các giai đoạn cơ bản gồm phép biện chứng tự phát thời cổ đại, phép biện chứng duy tâm trong triết học cổ điển Đức và phép biện chứng duy vật của chủ nghĩa Mác.",75770b9b-cdbf-4038-90e2-f25e1f4426fe_triethocmaclenin.pdf,11,Triết học Mác - Lênin,False,listing,MEDIUM,8c517e8e70ea14e7d26b,Chương I,"và cải tạo thế giới. 
2. Các giai đoạn phát triển cơ bản của phép biện chứng 
Cùng với sự phát triển của tư duy con ng ười, phương pháp bi ện chứng đã qua ba 
giai đoạn phát triển, được thể hiện trong triết học với ba hình th ức lịch sử của nó: phép 
biện chứng tự phát, phép biện chứng duy tâm và phép biện chứng duy vật. 
+ Hình thức thứ nhất là phép biện chứng tự phát thời cổ đại. Các nhà biện chứng cả 
phương Đông lẫn phương Tây thời kỳ này đã thấy các sự vật, hiện tượng của vũ trụ sinh 
thành, biến hóa trong nh ững sợi dây liên h ệ vô cùng t ận. Tuy nhiên, nh ững gì các nhà 
biện chứng hồi đó thấy được chỉ là tr ực kiến, chưa phải là k ết quả của nghiên c ứu và 
thực nghiệm khoa học.  
+ Hình thức thứ hai là phép biện chứng duy tâm. Đỉnh cao của hìn h th ức này được 
thể hi ện trong tri ết h ọc c ổ điển Đức, người khởi đầu là Cantơ và người hoàn thiện là 
Hêghen. Có th ể nói, l ần đầu tiên t rong l ịch s ử phát tri ển c ủa t ư duy nhân lo ại, các 
nhà tri ết h ọc Đức đã trình bày m ột cách có h ệ thống những nội dung quan tr ọng nhất 
của phương pháp biện chứng. Song theo họ biện chứng ở đây bắt đầu từ tinh thần và kết 
thúc ở tinh thần, thế giới hiện thực chỉ là sự sao chép ý niệm nên biện chứng của các nhà 
triết học cổ điển Đức là biện chứng duy tâm.  
+ Hình thức thứ ba là phép biện chứng duy vật. Phép biện chứng duy vật được thể 
hiện trong tri ết h ọc do C.Mác v à Ph.Ăngghen xây d ựng, sau đó được V .I.Lênin phát 
triển. C.Mác và Ph.Ăngghen đã gạt bỏ tính chất thần bí, kế thừa những hạt nhân hợp lý 
trong phép biện chứng duy tâm để xây dựng phé p bi ện ch ứng duy v"
Ôn tập mục kiến thức có các từ khóa: thị tộc hình thức cộng đồng.,"Thị tộc là cộng theo cách trình bày của tài liệu đồng gồm khoảng vài trăm người có cùng huyết thống, đồng thời là đơn vị sản xuất và hình thức tồn tại cơ bản của xã hội nguyên thủy.",75770b9b-cdbf-4038-90e2-f25e1f4426fe_triethocmaclenin.pdf,163,Triết học Mác - Lênin,False,definition,MEDIUM,a30e72556e9bb68bbb68,Chương XI,"I- Những hình thức cộng đồng người trong lịch sử 
1. Những hình thức cộng đồng người trước dân tộc 
Để tồn tại và phát triển, con người phải gắn kết với nhau thành những cộng đồng. 
Trong quá trình phát tri ển của xã hội, trước khi dân tộc ra đời, các hình thức cộng đồng 
người cũng biến đổi từ thị tộc đến bộ lạc, bộ tộc. 
a) Thị tộc 
Là cộng đồng người (gồm khoảng vài tr ăm người) có cùng một huyết thống. Thị 
tộc là một đơn vị sản xuất và là một hình thức tồn tại cơ bản của xã hội nguyên thuỷ. Do 
trình độ của lực lượng sản xuất chưa phát triển, nguồn sống chủ yếu dựa vào trồng trọt 
và chăn nuôi, vì vậy vai trò của người phụ nữ trong thị tộc có một vị trí đặc biệt. Chế độ 
quần hôn th ời kỳ đầu và địa vị độc tôn của người phụ nữ trong s ản xuất chính là c ơ sở 
hình thành hình th ức th ị t ộc m ẫu quy ền đầu tiên trong l ịch s ử. S ự phát tri ển c ủa l ực 
lượng sản xuất đã làm thay đổi vị trí của người đàn ông trong ch ế độ thị tộc. Hình thức 
thị tộc phụ quyền đã ra đời thay thế hình th ức thị tộc mẫu quyền. Thị tộc là hình th ức 
cộng đồng người đầu tiên trong lịch sử. 
Ngoài đặc trưng chung về huyết thống là ch ủ y ếu, thị t ộc còn có nh ững quan h ệ 
cộng đồng về ngôn ngữ, tập quán, tín ngưỡng, v ăn hóa. Mỗi thị tộc có khu v ực cư trú, 
vùng săn bắt và tên gọi riêng. 
Cơ sở tồn tại về kinh t ế của thị tộc là quy ền sở hữu chung v ề tư liệu sản xuất và 
tài s ản. H ọ cùng lao động và m ọi s ản ph ẩm được chia đều cho t ất c ả các thành viên 
trong thị tộc. 
Lãnh đạo thị tộc là m ột hội đồng thị tộc, đứng đầu là t ộc trưởng được mọi người 
bầu ra. Vi ệc quản lý điều h"
Hãy giải thích kiến thức Triết học Mác - Lênin liên quan đến tính thống nhất vật chất của thế giới khẳng định điều gì.,"Nó khẳng định thế theo cách trình bày của tài liệu giới thống nhất ở tính vật chất, các sự vật và hiện tượng đều là những dạng tồn tại khác nhau của vật chất.",75770b9b-cdbf-4038-90e2-f25e1f4426fe_triethocmaclenin.pdf,77,Triết học Mác - Lênin,False,definition,MEDIUM,da6ecf261e8bc558141d,Chương V,"I- vật chất và các phương thức tồn tại của vật chất 
1. Tính thống nhất vật chất của thế giới 
Nếu quan sát ta th ấy, các sự vật và hiện tượng trong thế giới cực kỳ đa dạng; mặt 
khác, chúng c ũng r ất g ắn bó h ết s ức mật thi ết v ới nhau, ph ụ thu ộc vào nhau và hoàn 
toàn thống nhất với nhau.  
Các nhà tri ết h ọc duy tâm  tì m ngu ồn g ốc, b ản ch ất c ủa t hế gi ới ở ""ý ni ệm 
tuyệt đối"" ho ặc ở ý th ức con ng ười; ng ược l ại thì các nhà duy v ật tr ước Mác có 
khuynh h ướng chung là tìm  ngu ồn g ốc, b ản ch ất c ủa th ế giới ngay trong b ản thân nó. 
Nhưng do ảnh hưởng c ủa quan điểm siêu hình - m áy móc nên h ọ cho r ằng m ọi hi ện 
tượng của thế giới đều được cấu tạo từ những vật thể ban đầu giống nhau, th ống nhất 
với nhau, cùng bị chi phối bởi một số quy luật nhất định. Quan điểm ấy không phản ánh 
được tính nhiều vẻ, tính vô tận của thế giới hiện thực.  
 Bằng sự phát tri ển lâu dài c ủa bản thân tr iết học và s ự phát tri ển của khoa h ọc, 
chủ nghĩa duy vật biện chứng khẳng định rằng, bản chất của thế giới là vật chất, thế giới 
thống nhất ở tính vật chất. Điều đó được thể hiện ở những điểm cơ bản sau đây: 
Một là, chỉ có m ột thế giới duy nh ất và th ống nhất là th ế giới vật chất. Thế giới 
vật chất tồn tại khách quan, có trước và độc lập với ý thức con người. 
Hai là, mọi bộ phận của thế giới vật chất đều có mối liên hệ thống nhất với nhau, 
biểu hiện ở chỗ chúng đều là những dạng cụ thể của vật chất, là những kết cấu vật chất, 
hoặc có nguồn gốc vật chất, do vật chất sinh ra và cùng ch ịu sự chi phối của những quy 
luật khách quan phổ biến của thế giới "
Trình bày nội dung trọng tâm của giáo trình về những hình thức cộng đồng người nào xuất hiện trước dân tộc.,"Trước khi dân tộc theo cách trình bày của tài liệu ra đời, các hình thức cộng đồng người phát triển từ thị tộc đến bộ lạc và bộ tộc.",75770b9b-cdbf-4038-90e2-f25e1f4426fe_triethocmaclenin.pdf,163,Triết học Mác - Lênin,False,listing,MEDIUM,5cc48cacdfe0f4854faf,Chương XI,"I- Những hình thức cộng đồng người trong lịch sử 
1. Những hình thức cộng đồng người trước dân tộc 
Để tồn tại và phát triển, con người phải gắn kết với nhau thành những cộng đồng. 
Trong quá trình phát tri ển của xã hội, trước khi dân tộc ra đời, các hình thức cộng đồng 
người cũng biến đổi từ thị tộc đến bộ lạc, bộ tộc. 
a) Thị tộc 
Là cộng đồng người (gồm khoảng vài tr ăm người) có cùng một huyết thống. Thị 
tộc là một đơn vị sản xuất và là một hình thức tồn tại cơ bản của xã hội nguyên thuỷ. Do 
trình độ của lực lượng sản xuất chưa phát triển, nguồn sống chủ yếu dựa vào trồng trọt 
và chăn nuôi, vì vậy vai trò của người phụ nữ trong thị tộc có một vị trí đặc biệt. Chế độ 
quần hôn th ời kỳ đầu và địa vị độc tôn của người phụ nữ trong s ản xuất chính là c ơ sở 
hình thành hình th ức th ị t ộc m ẫu quy ền đầu tiên trong l ịch s ử. S ự phát tri ển c ủa l ực 
lượng sản xuất đã làm thay đổi vị trí của người đàn ông trong ch ế độ thị tộc. Hình thức 
thị tộc phụ quyền đã ra đời thay thế hình th ức thị tộc mẫu quyền. Thị tộc là hình th ức 
cộng đồng người đầu tiên trong lịch sử. 
Ngoài đặc trưng chung về huyết thống là ch ủ y ếu, thị t ộc còn có nh ững quan h ệ 
cộng đồng về ngôn ngữ, tập quán, tín ngưỡng, v ăn hóa. Mỗi thị tộc có khu v ực cư trú, 
vùng săn bắt và tên gọi riêng. 
Cơ sở tồn tại về kinh t ế của thị tộc là quy ền sở hữu chung v ề tư liệu sản xuất và 
tài s ản. H ọ cùng lao động và m ọi s ản ph ẩm được chia đều cho t ất c ả các thành viên 
trong thị tộc. 
Lãnh đạo thị tộc là m ột hội đồng thị tộc, đứng đầu là t ộc trưởng được mọi người 
bầu ra. Vi ệc quản lý điều h"
Hãy giải thích kiến thức Triết học Mác - Lênin liên quan đến những hình thức cộng đồng người nào xuất hiện trước dân tộc.,"Trước khi dân tộc theo cách trình bày của tài liệu ra đời, các hình thức cộng đồng người phát triển từ thị tộc đến bộ lạc và bộ tộc.",75770b9b-cdbf-4038-90e2-f25e1f4426fe_triethocmaclenin.pdf,163,Triết học Mác - Lênin,False,listing,MEDIUM,09618b3d2f24b7dc7003,Chương XI,"I- Những hình thức cộng đồng người trong lịch sử 
1. Những hình thức cộng đồng người trước dân tộc 
Để tồn tại và phát triển, con người phải gắn kết với nhau thành những cộng đồng. 
Trong quá trình phát tri ển của xã hội, trước khi dân tộc ra đời, các hình thức cộng đồng 
người cũng biến đổi từ thị tộc đến bộ lạc, bộ tộc. 
a) Thị tộc 
Là cộng đồng người (gồm khoảng vài tr ăm người) có cùng một huyết thống. Thị 
tộc là một đơn vị sản xuất và là một hình thức tồn tại cơ bản của xã hội nguyên thuỷ. Do 
trình độ của lực lượng sản xuất chưa phát triển, nguồn sống chủ yếu dựa vào trồng trọt 
và chăn nuôi, vì vậy vai trò của người phụ nữ trong thị tộc có một vị trí đặc biệt. Chế độ 
quần hôn th ời kỳ đầu và địa vị độc tôn của người phụ nữ trong s ản xuất chính là c ơ sở 
hình thành hình th ức th ị t ộc m ẫu quy ền đầu tiên trong l ịch s ử. S ự phát tri ển c ủa l ực 
lượng sản xuất đã làm thay đổi vị trí của người đàn ông trong ch ế độ thị tộc. Hình thức 
thị tộc phụ quyền đã ra đời thay thế hình th ức thị tộc mẫu quyền. Thị tộc là hình th ức 
cộng đồng người đầu tiên trong lịch sử. 
Ngoài đặc trưng chung về huyết thống là ch ủ y ếu, thị t ộc còn có nh ững quan h ệ 
cộng đồng về ngôn ngữ, tập quán, tín ngưỡng, v ăn hóa. Mỗi thị tộc có khu v ực cư trú, 
vùng săn bắt và tên gọi riêng. 
Cơ sở tồn tại về kinh t ế của thị tộc là quy ền sở hữu chung v ề tư liệu sản xuất và 
tài s ản. H ọ cùng lao động và m ọi s ản ph ẩm được chia đều cho t ất c ả các thành viên 
trong thị tộc. 
Lãnh đạo thị tộc là m ột hội đồng thị tộc, đứng đầu là t ộc trưởng được mọi người 
bầu ra. Vi ệc quản lý điều h"
Đêmôcrít được nhắc đến trong giáo trình với tư cách đại biểu cho khuynh hướng nào?,Đêmôcrít là đại biểu tiêu biểu cho khuynh hướng duy vật trong triết học Hy Lạp cổ đại.,75770b9b-cdbf-4038-90e2-f25e1f4426fe_triethocmaclenin.pdf,26,Triết học Mác - Lênin,False,history,MEDIUM,8153096859bd0f88c3e1,Chương II,"Dưới con m ắt của Hêraclit, m ọi sự vật trong th ế giới của chúng ta đều thay đổi, 
vận động, phát triển không ngừng. Luận điểm bất hủ của Hêraclit: ""Chúng ta không th ể 
tắm hai lần trên cùng một dòng sông"". 
Hêraclit th ừa nh ận s ự t ồn t ại và th ống nh ất c ủa các m ặt đối lập nhưng trong các 
mối quan hệ khác nhau. Chẳng hạn, ""một con kh ỉ dù đẹp đến đâu nhưng vẫn là x ấu nếu 
đem so nó với con người""2. Vũ trụ là một thể thống nhất, nhưng trong lòng nó luôn luôn 
diễn ra các c uộc đấu tranh gi ữa các s ự vật, lực lượng đối lập nhau. Nh ờ các cu ộc đấu 
tranh đó mà mới có hi ện tượng sự vật này ch ết đi, sự vật khác ra đời. Điều đó làm cho 
vũ trụ thường xuyên phát triển và trẻ mãi không ngừng. Vì thế đấu tranh là vương quốc 
của mọi cái, là quy luật phát tri ển của vũ trụ. Bản thân cuộc đấu tranh giữa các mặt đối 
lập luôn diễn ra trong sự hài hoà nhất định. 
b) Đêmôcrít (khoảng 460 - 370 tr. CN)  
Đêmôcrít là đại biểu xuất sắc nhất của chủ nghĩa duy vật cổ đại. Nổi bật trong triết 
học duy vật của Đêmôcrít là thuyết nguyên tử. 
Nguyên t ử là  h ạt v ật ch ất không th ể phân chia được n ữa, hoàn toàn nh ỏ bé và 
không thể cảm nhận được bằng trực quan. Nguyên t ử là vĩnh cửu không thay đổi trong 
lòng nó không có cái gì x ảy ra n ữa. Nguyên t ử có vô vàn hình d ạng. Theo quan ni ệm 
của Đêmôcrít, các sự vật là do các nguyên tử liên kết lại với nhau tạo nên. Tính đa dạng 
của nguyên t ử làm nên t ính đa dạng của thế giới các s ự vật. Nguyên t ử tự thân, không 
vận động, nhưng khi kết hợp với nhau thành v ật thể thì làm cho vật thể và thế giới vận 
động không ngừng. 
Lin"
Trình bày nội dung trọng tâm của giáo trình về chủ nghĩa thực chứng thuộc phần nào của giáo trình.,Chủ nghĩa thực chứng theo cách trình bày của tài liệu được trình bày trong phần các trào lưu triết học phương Tây hiện đại ngoài mácxít.,75770b9b-cdbf-4038-90e2-f25e1f4426fe_triethocmaclenin.pdf,66,Triết học Mác - Lênin,False,classification,MEDIUM,2718975751de7f9ada1b,Chương IV,"n, ch ống chuyên ch ế 
phong kiến thì chủ nghĩa duy lý và chủ nghĩa nhân đạo thống nhất với nhau và đã có vai 
trò lịch sử tiến bộ. 
Dưới chế độ tư bản, tiến bộ của khoa học kỹ thuật đã thúc đẩy sản xuất phát triển 
mạnh mẽ nhưng vẫn không đưa lại ""tự do, bình đẳng, bác ái"". Trái lại, nó còn dẫn đến các 
cuộc khủng hoảng xã h ội, khủng hoảng tinh th ần, khủng hoảng sinh thái, khủng hoảng 
nhân cách ngày càng sâu sắc, đẩy con người vào tình trạng tha hóa toàn diện và nặng nề hơn. 
Trong điều kiện lịch sử đó, triết học phương Tây đã diễn ra sự tách biệt và sự đối 
lập gi ữa ch ủ ngh ĩa duy l ý và chủ nghĩa nhân b ản. Trào l ưu duy khoa h ọc và trào l ưu 
nhân bản phi duy lý dường như là đối lập nhau, nhưng trên thực tế lại bổ sung cho nhau, 
vì chúng đều đều phản ánh nh ững mâu thuẫn cơ bản trong lòng ch ủ nghĩa tư bản hiện 
đại.   
1. Chủ nghĩa thực chứng 
Các triết gia thuộc trào lưu chủ nghĩa duy khoa học chủ trương xây dựng triết học 
theo mô hình ""các khoa h ọc thực ch ứng"". Theo h ọ, tri ết h ọc không nên nghiên c ứu 
những vấn đề như bản chất của sự vật, các quy  luật chung c ủa thế giới, v.v. mà đi tìm 
phương pháp khoa học có hiệu quả nhất, đáng tin cậy nhất mới là nội dung chủ yếu của 
việc nghiên cứu triết học. 
Trong các tr ường phái theo ch ủ ngh ĩa duy khoa h ọc, tr ường phái có ảnh h ưởng 
lớn và lâu nhất là chủ nghĩa thực chứng. 
Các nhà triết học thực chứng cho rằng, chỉ có các hi ện tượng hoặc sự kiện, mới là 
""cái thực chứng"", do đó họ không thừa nhận bất cứ cái gì ngoài hi ện tượng, không thừa 
nhận bản chất của sự vật, họ muốn lẩn tránh vấn đề cơ bản của "
Trình bày nội dung trọng tâm của giáo trình về tự ý thức thuộc cấp độ nào trong kết cấu ý thức.,"Tự ý thức thuộc theo cách trình bày của tài liệu chiều sâu của nội tâm, thể hiện khả năng con người ý thức về bản thân mình.",75770b9b-cdbf-4038-90e2-f25e1f4426fe_triethocmaclenin.pdf,91,Triết học Mác - Lênin,False,definition,MEDIUM,ccdc25f968008b2fd5c2,Chương V,"và công nghệ, vì vậy, đầu tư vào tri th ức trở thành yếu tố then chốt cho s ự tăng trưởng 
kinh tế dài hạn. 
Tình cảm là sự cảm động của con người trong quan hệ của mình với thực tại xung 
quanh và đối với bản thân mình. Tình cảm là một hình thái đặc biệt của sự phản ánh thực 
tại; nó ph ản ánh quan h ệ của con n gười đối với nhau, c ũng như đối với thế giới khách 
quan. Tình cảm tham gia vào mọi hoạt động của con người và giữ một vị trí quan trọng 
trong vi ệc điều ch ỉnh ho ạt động c ủa con ng ười. Tình c ảm có thể mang tính ch ất ch ủ 
động, chứa đựng sắc thái cảm xúc tích cực, cũng như trở thành thụ động, chứa đựng sắc 
thái cảm xúc tiêu c ực. Tình c ảm tích c ực là m ột trong nh ững động lực nâng cao n ăng 
lực hoạt động sống của con ng ười. Tri th ức kết hợp với tình cảm hình thành nên ni ềm 
tin, nâng cao ý chí tích c ực biến thành hành động thực tế, mới phát huy được sức mạnh 
của mình. 
b) Theo chiều sâu của nội tâm 
Tiếp c ận theo chi ều sâ u c ủa th ế gi ới n ội tâ m con ng ười, ý th ức ba o g ồm t ự ý 
thức, tiềm thức, vô thức. 
- Tự ý thức: 
Trong quá trình nhận thức thế giới xung quanh, con người đồng thời cũng tự nhận 
thức b ản thân m ình. Đó chính là tự ý th ức. Như v ậy, tự ý th ức cũng là ý th ức, là m ột 
thành tố quan trọng của ý thức, nhưng đây là ý thức về bản thân mình trong mối quan hệ 
với ý thức về thế giới bên ngoài. Nhờ vậy con người tự nhận thức về bản thân mình như 
một thực thể hoạt động có cảm giác có tư duy, có các hành vi đạo đức và có vị trí trong 
xã hội. Những cảm giác của con người về bản thân mình trên mọi phương diện giữ vai 
trò qua"
SQL injection là gì và phòng tránh ra sao?,Tôi chưa tìm thấy thông tin này trong tài liệu đã được huấn luyện.,,,Triết học Mác - Lênin,True,out_of_scope,MEDIUM,e2a4b6a0d0c839427278,OUT_OF_SCOPE,
Hãy giải thích kiến thức Triết học Mác - Lênin liên quan đến chủ nghĩa thực chứng thuộc phần nào của giáo trình.,Chủ nghĩa thực chứng theo cách trình bày của tài liệu được trình bày trong phần các trào lưu triết học phương Tây hiện đại ngoài mácxít.,75770b9b-cdbf-4038-90e2-f25e1f4426fe_triethocmaclenin.pdf,66,Triết học Mác - Lênin,False,classification,MEDIUM,b67b324f5154b47665f1,Chương IV,"n, ch ống chuyên ch ế 
phong kiến thì chủ nghĩa duy lý và chủ nghĩa nhân đạo thống nhất với nhau và đã có vai 
trò lịch sử tiến bộ. 
Dưới chế độ tư bản, tiến bộ của khoa học kỹ thuật đã thúc đẩy sản xuất phát triển 
mạnh mẽ nhưng vẫn không đưa lại ""tự do, bình đẳng, bác ái"". Trái lại, nó còn dẫn đến các 
cuộc khủng hoảng xã h ội, khủng hoảng tinh th ần, khủng hoảng sinh thái, khủng hoảng 
nhân cách ngày càng sâu sắc, đẩy con người vào tình trạng tha hóa toàn diện và nặng nề hơn. 
Trong điều kiện lịch sử đó, triết học phương Tây đã diễn ra sự tách biệt và sự đối 
lập gi ữa ch ủ ngh ĩa duy l ý và chủ nghĩa nhân b ản. Trào l ưu duy khoa h ọc và trào l ưu 
nhân bản phi duy lý dường như là đối lập nhau, nhưng trên thực tế lại bổ sung cho nhau, 
vì chúng đều đều phản ánh nh ững mâu thuẫn cơ bản trong lòng ch ủ nghĩa tư bản hiện 
đại.   
1. Chủ nghĩa thực chứng 
Các triết gia thuộc trào lưu chủ nghĩa duy khoa học chủ trương xây dựng triết học 
theo mô hình ""các khoa h ọc thực ch ứng"". Theo h ọ, tri ết h ọc không nên nghiên c ứu 
những vấn đề như bản chất của sự vật, các quy  luật chung c ủa thế giới, v.v. mà đi tìm 
phương pháp khoa học có hiệu quả nhất, đáng tin cậy nhất mới là nội dung chủ yếu của 
việc nghiên cứu triết học. 
Trong các tr ường phái theo ch ủ ngh ĩa duy khoa h ọc, tr ường phái có ảnh h ưởng 
lớn và lâu nhất là chủ nghĩa thực chứng. 
Các nhà triết học thực chứng cho rằng, chỉ có các hi ện tượng hoặc sự kiện, mới là 
""cái thực chứng"", do đó họ không thừa nhận bất cứ cái gì ngoài hi ện tượng, không thừa 
nhận bản chất của sự vật, họ muốn lẩn tránh vấn đề cơ bản của "
Hãy giải thích kiến thức Triết học Mác - Lênin liên quan đến quan hệ sản xuất.,"Quan hệ sản xuất là quan hệ giữa người với người trong quá trình sản xuất, bao gồm quan hệ sở hữu, tổ chức quản lý và phân phối sản phẩm.",75770b9b-cdbf-4038-90e2-f25e1f4426fe_triethocmaclenin.pdf,153,Triết học Mác - Lênin,False,definition,MEDIUM,9d0309d0dcf7c93f2442,Chương X,"i: khoa học và công nghệ 
hiện đại là đặc trưng cho lực lượng sản xuất hiện đại.  
c) Quan hệ sản xuất  
Quan hệ sản xuất là quan h ệ giữa người với người trong quá trình s ản xuất (sản 
xuất và tái sản xuất xã hội). Quan hệ sản xuất gồm ba mặt: quan hệ về sở hữu đối với tư 
liệu sản xuất, quan h ệ trong t ổ chức và qu ản lý sản xuất, quan h ệ trong phân ph ối sản 
phẩm sản xuất ra. 
Quan hệ sản xuất do con ng ười tạo ra, nh ưng nó hình th ành một cách khách quan 
trong quá trình sản xuất, không phụ thuộc vào ý m uốn chủ quan c ủa con ng ười. C.Mác 
viết: ""Trong sản xuất, người ta không chỉ quan hệ với giới tự nhiên. Người ta không thể 
sản xuất được nếu không kết hợp với nhau theo một cách nào đó để hoạt động chung và 
để tr ao đổi ho ạt động v ới nhau. Mu ốn s ản xu ất được, n gười ta ph ải có nh ững mối 
liên hệ và quan hệ nhất định với nhau; và quan h ệ của họ với giới tự nhiên, t ức là vi ệc 
sản xuất""1. Quan hệ sản xuất là hình thức xã hội của sản xuất; giữa ba mặt của quan hệ sản 
xuất thống nhất với nhau, tạo thành một hệ thống mang tính ổn định tương đối so với sự vận 
động, phát triển không ngừng của lực lượng sản xuất. 
Trong ba mặt của quan hệ sản xuất, quan hệ sở hữu về tư liệu sản xuất là quan hệ 
xuất phát, quan hệ cơ bản, đặc trưng cho quan hệ sản xuất trong từng xã hội. Quan hệ sở 
hữu về tư liệu sản xuất quyết định quan h ệ về tổ chức quản lý s ản xuất, quan h ệ phân 
phối sản phẩm cũng như các quan hệ xã hội khác. 
Lịch sử phát tri ển của nhân lo ại đã chứng kiến có hai lo ại hình s ở hữu cơ bản về 
tư liệu sản xuất: sở hữu tư nhân và s ở hữu công c ộng. "
"Theo giáo trình, liên hệ là gì?","Chính trên cơ sở đó, tri ết h ọc duy v ật biện chứng kh ẳng định rằng, liên hệ là phạm trù tri ết học dùng để chỉ sự quy định, sự tác động qua lại, sự chuyển hóa l ẫn nhau giữa các sự vật, hiện tượng hay giữa các mặt của một sự vật, của một hiện tượng trong thế giới.",75770b9b-cdbf-4038-90e2-f25e1f4426fe_triethocmaclenin.pdf,96,Triết học Mác - Lênin,False,definition,MEDIUM,07f7b4385a8e140d1704,Chương VI,"tượng tạo thành thế giới, dù có đa dạng, phong phú, có khác nhau bao nhiêu, song chúng 
đều chỉ là nh ững dạng khác nhau c ủa một th ế gi ới duy nh ất, th ống nh ất - th ế gi ới v ật 
chất. Nhờ có tính th ống nhất đó, chúng không th ể tồn tại biệt lập, tách rời nhau, mà tồn 
tại trong sự tác động qua lại, chuyển hóa l ẫn nhau theo nh ững quan h ệ xác định. Chính 
trên c ơ sở đó, tri ết h ọc duy v ật biện ch ứng kh ẳng định rằng, liên hệ là ph ạm trù tri ết 
học dùng để chỉ sự quy định, sự tác động qua lại, sự chuyển hóa l ẫn nhau giữa các sự 
vật, hiện tượng hay giữa các mặt của một sự vật, của một hiện tượng trong thế giới. 
2. Các tính chất của mối liên hệ 
Theo quan điểm của chủ nghĩa duy vật biện chứng, mối liên hệ có ba tính chất cơ 
bản: Tính khách quan, tính phổ biến và tính đa dạng, phong phú. 
- Tính khách quan của mối liên hệ biểu hiện: các mối liên hệ là vốn có của mọi sự 
vật, hiện tượng; nó không phụ thuộc vào ý thức của con người. 
- Tính phổ biến của mối liên hệ biểu hiện: bất kỳ một sự vật, hiện tượng nào; ở bất 
kỳ không gian nào và ở bất kỳ thời gian nào cũng có mối liên hệ với những sự vật, hiện 
tượng khác. Ngay trong cùng một sự vật, hiện tượng thì bất kỳ một thành phần nào, một 
yếu tố nào cũng có mối liên hệ với những thành phần, những yếu tố khác. 
- Tính đa dạng, phong phú của mối liên hệ biểu hiện: sự vật khác nhau, hiện tượng 
khác nhau, không gian khác nhau, thời gian khác nhau thì các mối liên hệ biểu hiện khác 
nhau. Có thể chia các mối liên hệ thành nhiều loại: mối liên hệ bên trong, mối liên hệ bên 
ngoài, mối liên hệ chủ yếu, mối liên hệ thứ"
Trình bày nội dung trọng tâm của giáo trình về quần chúng nhân dân có vai trò gì trong lịch sử.,"Quần chúng nhân dân được hiểu là lực lượng sáng tạo chân chính của lịch sử, quyết định sự phát triển xã hội thông qua hoạt động sản xuất và đấu tranh xã hội.",75770b9b-cdbf-4038-90e2-f25e1f4426fe_triethocmaclenin.pdf,211,Triết học Mác - Lênin,False,definition,MEDIUM,355fe77671945b186084,Chương XIV,"a sự tác động đến lịch sử. Tuy cùng đóng vai trò quan tr ọng đối với tiến 
trình phát triển của lịch sử xã hội, nhưng quần chúng nhân dân là lực lượng quyết định sự 
phát triển, còn lãnh t ụ là ng ười định hướng, dẫn dắt phong trào, thúc đẩy sự phát tri ển 
của lịch sử. 
Bởi vậy, quan hệ giữa quần chúng nhân dân và v ĩ nhân lãnh tụ là biện chứng, vừa 
thống nhất vừa khác biệt. 
Chủ nghĩa Mác - Lênin kh ẳng định vai trò quy ết định của quần chúng nhân dân, 
đồng thời đánh giá cao vai trò của lãnh tụ. 
a) Vai trò của quần chúng nhân dân 
Về căn bản, tất cả các n hà triết học trong l ịch sử triết học trước Mác đều không 
nhận th ức đúng vai trò c ủa qu ần chúng nhân dân trong trong ti ến trình phát tri ển c ủa 
lịch sử. Về nguồn gốc lý luận, điều đó có nguyên nhân từ quan điểm duy tâm  hoặc siêu 
hình về xã hội. 
Chủ nghĩa duy v ật lịch sử khẳng định quần chúng nhân dân là ch ủ thể sáng t ạo 
chân chính ra lịch sử. Bởi vì, mọi lý tưởng giải phóng xã hội, giải phóng con người chỉ 
được ch ứng minh thông qua s ự ti ếp thu và ho ạt động c ủa qu ần chúng nhân dân. H ơn 
nữa, tư tưởng tự nó không làm biến đổi xã hội mà phải thông qua hành động cách mạng, 
hoạt động thực tiễn của quần chúng nhân dân, để biến lý tưởng, ước mơ thành hiện thực 
trong đời sống xã hội. 
Vai trò quyết định lịch sử của quần chúng nhân dân được biểu hiện ở ba nội dung.  
Thứ nhất, quần chúng nhân dân là l ực lượng sản xuất cơ bản của xã hội, trực tiếp 
sản xuất ra c ủa cải vật chất, là c ơ sở của sự tồn tại và phát tri ển của xã h ội. Con người 
muốn tồn tại phải có các điều kiện vật chất cần thiết, mà nhữn"
"Theo giáo trình, điều hành t hị tộc dựa trên nghị quyết của hội nghị thị tộc gồm những nội dung nào?",Vi ệc quản lý điều hành t hị tộc dựa trên nghị quyết của hội nghị thị tộc gồm các nam nữ đã thành niên trong thị tộc.,75770b9b-cdbf-4038-90e2-f25e1f4426fe_triethocmaclenin.pdf,163,Triết học Mác - Lênin,False,listing,MEDIUM,668817f23c17dad2fb79,Chương XI,"c hình thức cộng đồng 
người cũng biến đổi từ thị tộc đến bộ lạc, bộ tộc. 
a) Thị tộc 
Là cộng đồng người (gồm khoảng vài tr ăm người) có cùng một huyết thống. Thị 
tộc là một đơn vị sản xuất và là một hình thức tồn tại cơ bản của xã hội nguyên thuỷ. Do 
trình độ của lực lượng sản xuất chưa phát triển, nguồn sống chủ yếu dựa vào trồng trọt 
và chăn nuôi, vì vậy vai trò của người phụ nữ trong thị tộc có một vị trí đặc biệt. Chế độ 
quần hôn th ời kỳ đầu và địa vị độc tôn của người phụ nữ trong s ản xuất chính là c ơ sở 
hình thành hình th ức th ị t ộc m ẫu quy ền đầu tiên trong l ịch s ử. S ự phát tri ển c ủa l ực 
lượng sản xuất đã làm thay đổi vị trí của người đàn ông trong ch ế độ thị tộc. Hình thức 
thị tộc phụ quyền đã ra đời thay thế hình th ức thị tộc mẫu quyền. Thị tộc là hình th ức 
cộng đồng người đầu tiên trong lịch sử. 
Ngoài đặc trưng chung về huyết thống là ch ủ y ếu, thị t ộc còn có nh ững quan h ệ 
cộng đồng về ngôn ngữ, tập quán, tín ngưỡng, v ăn hóa. Mỗi thị tộc có khu v ực cư trú, 
vùng săn bắt và tên gọi riêng. 
Cơ sở tồn tại về kinh t ế của thị tộc là quy ền sở hữu chung v ề tư liệu sản xuất và 
tài s ản. H ọ cùng lao động và m ọi s ản ph ẩm được chia đều cho t ất c ả các thành viên 
trong thị tộc. 
Lãnh đạo thị tộc là m ột hội đồng thị tộc, đứng đầu là t ộc trưởng được mọi người 
bầu ra. Vi ệc quản lý điều hành t hị tộc dựa trên nghị quyết của hội nghị thị tộc gồm các 
nam nữ đã thành niên trong thị tộc. Khi tộc trưởng đã được bầu, các thành viên trong thị 
tộc tôn kính và chấp hành sự điều khiển của tộc trưởng một cách tự nguyện.  
b) Bộ lạc  
Là một t"
Quan hệ giữa cái riêng và cái chung có ý nghĩa phương pháp luận gì?,"Cần xuất phát từ cái riêng cụ thể để nhận thức cái chung, đồng thời vận dụng cái chung vào từng điều kiện cụ thể một cách sáng tạo.",75770b9b-cdbf-4038-90e2-f25e1f4426fe_triethocmaclenin.pdf,105,Triết học Mác - Lênin,False,methodology,MEDIUM,7b01a5200f90b159a9a2,Chương VII,"ự vật, hiện tượng riêng lẻ, không được xuất phát từ ý muốn chủ quan của con người bên 
ngoài cái riêng. Thí d ụ, muốn nhận thức được quy lu ật phát triển của nền sản xuất của 
một nước nào đó, phải nghiên cứu, phân tích, so sánh quá trình sản xuất thực tế ở những 
thời điểm khác nhau và ở những khu vực khác nhau, mới tìm ra được những mối liên hệ 
chung tất nhiên, ổn định của nền sản xuất đó. 
Cái chung là cái sâu s ắc, cái bản chất chi phối cái riêng, nên nhận thức phải nhằm 
tìm ra cái chung và trong ho ạt động t hực ti ễn ph ải d ựa vào cái chung để c ải t ạo cái 
riêng. Trong ho ạt động th ực ti ễn n ếu không hi ểu bi ết nh ững nguyên lý chung (không 
hiểu biết lý lu ận), sẽ không tránh kh ỏi rơi vào tình tr ạng hoạt động một cách mò mẫm, 
mù quáng. Chính vì v ậy sự nghiệp đổi mới của chúng ta đòi hỏi trước hết phải đổi mới 
tư duy lý lu ận. Mặt khác, cái chung l ại biểu hiện thông qua cái riêng, nên khi áp d ụng 
cái chung ph ải tùy th eo từng cái riêng c ụ thể để vận dụng cho thích hợp. Thí dụ, khi áp 
dụng những nguyên lý c ủa chủ nghĩa Mác - Lênin, ph ải căn cứ vào tình hình c ụ thể của 
từng thời kỳ lịch sử ở mỗi nước để vận dụng những nguyên lý đó cho thích hợp, có vậy 
mới đưa lại kết quả trong hoạt động thực tiễn.  
Trong quá trình phát tri ển c ủa sự vật, trong nh ững điều kiện nh ất định “cái đơn 
nhất” có thể biến thành “cái chung” và ngược lại “cái chung” có thể biến thành “cái đơn 
nhất”, nên trong ho ạt động thực tiễn có thể và c ần phải tạo điều kiện thuận lợi để “cái 
đơn nhất” có lợi cho con ng ười trở thành “cái chung” và “cái chung” b ất lợi trở thành"
Tư tưởng Ngũ hành có xu hướng giải thích vạn vật như thế nào?,Tư tưởng Ngũ hành phân tích cấu trúc của vạn vật và quy chúng về năm yếu tố khởi nguyên có tính chất khác nhau nhưng tương tác sinh - khắc với nhau.,75770b9b-cdbf-4038-90e2-f25e1f4426fe_triethocmaclenin.pdf,20,Triết học Mác - Lênin,False,definition,MEDIUM,71610f9513640d2d8edd,Chương II,"lấy nhau, xoắn lấy nhau.  
- Tư tưởng triết học về Ngũ hành  
Từ ""Ngũ hành"" được dịch là năm yếu tố. Nhưng ta không nên coi chúng là nh ững 
yếu tố tĩnh mà nên coi là năm thế lực động có ảnh hưởng đến nhau. Từ ""Hành"" có nghĩa 
là ""làm"", ""ho ạt động"", cho nên t ừ ""Ng ũ hành"" theo ngh ĩa đen là n ăm hoạt động, ha y 
năm tác nhân. Ng ười ta c ũng g ọi là ""ng ũ đức"" có ngh ĩa là n ăm thế l ực. ""Th ứ nh ất là 
Thủy, hai là Hỏa, ba là Mộc, bốn là Kim, năm là Thổ.  
Cuối Tây Chu, xu ất hiện thuyết Ngũ hành đan xen. Ng ũ hành được dùng để giải 
thích sự sinh trưởng của vạn vật trong vũ trụ. ""Thổ mộc hỏa đan xen thành ra trăm vật"", 
""hoà h ợp thì sinh ra v ật, đồng nh ất thì không ti ếp nối"" (Quốc ngữ - trịnh ngữ). Tức là 
nói những vật giống nhau thì không thể kết hợp thành vật mới, chỉ có những vật có tính 
chất khác nhau m ới có thể hóa sinh thành v ật mới. Tiếp theo là thuyết Ngũ hành tương 
thắng, rồi xuất hiện thuyết Ngũ hành tương sinh đã bổ khuyết chỗ chưa đầy đủ của thuyết 
Ngũ hành đan xen. 
Tư tưởng Ngũ hành đến thời Chiến Quốc đã phát triển thành một thuyết tương đối 
hoàn chỉnh là ""Ngũ hành sinh thắng"". ""Sinh"" có nghĩa là dựa vào nhau mà tồn tại, thắng 
có nghĩa là đối lập lẫn nhau. 
Như vậy, tư tưởng triết học về Ngũ hành có xu h ướng phân tích c ấu trúc c ủa vạn 
vật và quy nó về những yếu tố khởi nguyên với những tính chất khác nhau, nhưng tương 
tác với nhau.  
Năm yếu tố này không tồn tại biệt lập tuyệt đối mà trong một hệ thống ảnh hưởng 
sinh - khắc với nhau theo hai nguyên tắc sau: 
+ Tương sinh (sinh hóa cho nhau): Th ổ sinh Kim; Kim sinh Thủy; Thủy sinh Mộc; 
"
Tóm tắt luận điểm có các từ khóa sau: xã hội được xem là bộ phận đặc thù của tự nhiên.,"Vì xã hội nảy theo cách trình bày của tài liệu sinh từ tự nhiên, tồn tại trong quan hệ với tự nhiên, nhưng có đặc thù là hoạt động có ý thức và quan hệ xã hội của con người.",75770b9b-cdbf-4038-90e2-f25e1f4426fe_triethocmaclenin.pdf,148,Triết học Mác - Lênin,False,cause,MEDIUM,4214d7f41c969c69b5fd,Chương X,"I- Xã hội - bộ phận đặc thù của tự nhiên 
1. Sự tác động qua lại giữa xã hội và tự nhiên 
Tự nhiên, theo ngh ĩa rộng là toàn b ộ thế giới vật chất vô cùng, vô t ận. Quá trình 
phát triển c ủa t ự nhiên đã s ản sinh ra s ự s ống và theo quy lu ật ti ến hóa, trong nh ững 
điều kiện nhất định, con người đã xuất hiện từ động vật. 
Sự hình thành con ng ười gắn liền với sự hình thành các q uan hệ giữa người với 
người, quá trình chuy ển biến từ động vật thành ng ười cũng là quá trình chuy ển biến từ 
cộng đồng mang tính bầy đàn, hành động theo bản năng thành một cộng đồng mang tính 
bầy đàn, hành động theo bản năng thành một cộng đồng mới khác hẳn về chất, ta gọi là xã 
hội. 
Vậy xã h ội là bi ểu hiện tổng số những mối liên hệ và nh ững quan h ệ của các c á 
nhân, ""là sản phẩm của sự tác động qua lại giữa những con người""1. 
Hệ th ống t ự nhiên - xã h ội là m ột chỉnh th ể trong đó những yếu tố t ự nhiên và  
những yếu tố xã hội tác động qua lại lẫn nhau, quy định sự tồn tại và phát triển của nhau. 
Tự nhiên v ừa là ngu ồn gốc của sự xuất hiện xã h ội vừa là môi tr ường tồn tại và 
phát triển của xã hội. 
Là môi tr ường t ồn t ại và phát tr iển c ủa xã h ội vì ch ỉ có t ự nhiên m ới cung c ấp 
được những điều kiện cần thiết nhất cho sự sống của con người và cũng chỉ có tự nhiên 
mới cung cấp được những điều kiện cần thiết nhất cho các hoạt động sản xuất xã hội.  
Xã hội gắn bó với tự nhiên thông qua quá trình hoạt động thực tiễn của con người, 
trước hết là quá trình lao động sản xuất. Lao động là đặc trưng cơ bản đầu tiên phân biệt 
hoạt động của người với động vật. Song, lao độ"
Hãy giải thích kiến thức Triết học Mác - Lênin liên quan đến quan điểm trước Mác về nhận thức thường có hạn chế gì.,"Nhiều quan điểm trước theo cách trình bày của tài liệu Mác hoặc duy tâm hóa nhận thức, hoặc trực quan máy móc, chưa thấy đầy đủ vai trò của thực tiễn đối với nhận thức.",75770b9b-cdbf-4038-90e2-f25e1f4426fe_triethocmaclenin.pdf,136,Triết học Mác - Lênin,False,comparison,MEDIUM,4c2ddd534d22c770e864,Chương IX,"I- Bản chất của nhận thức và vai trò của thực tiễn đối với nhận thức 
1. Bản chất của nhận thức 
a) Quan niệm về nhận thức của một số trào lưu triết học trước Mác 
Xuất phát từ chỗ phủ nhận sự tồn tại khách quan của th ế giới vật ch ất, chủ ngh ĩa 
duy tâm  ch ủ quan cho rằng nh ận t hức ch ỉ là s ự ph ức h ợp nh ững c ảm giác c ủa con 
người; ch ủ nghĩa duy tâm  khách quan l ại coi nhận thức là s ự ""hồi tưởng lại"" của linh 
hồn bất tử về ""thế giới các ý niệm"" mà nó đã từng chiêm ngưỡng được nhưng đã bị lãng 
quên, hoặc cho rằng nhận thức là sự ""tự ý thức về mình của ý niệm tuyệt đối"". 
Khác với chủ nghĩa duy tâm chủ quan và ch ủ nghĩa duy tâm  khách quan, nh ững 
người theo thuy ết hoài nghi coi nh ận thức là tr ạng thái hoài nghi v ề sự vật và bi ến sự 
nghi ngờ về tính xác thực của tri thức thành một nguyên tắc của nhận thức. Đến thời kỳ 
cận đại, khuynh h ướng này ph ủ nhận khả năng nhận thức được thế giới của con người 
hoặc hạn chế ở cảm giác bề ngoài của sự vật. 
Đối lập với những quan niệm đó, chủ nghĩa duy vật thừa nhận khả năng nhận thức 
được thế giới của con người và coi nh ận thức là sự phản ánh hiện thực khách quan vào 
trong đầu óc của con người. Tuy nhiên, do sự hạn chế bởi tính trực quan, siêu hình, máy 
móc mà chủ nghĩa duy v ật trước Mác đã coi nh ận thức là s ự phản ánh tr ực quan, đơn 
giản, là b ản sao chép nguyên xi tr ạng thái bất động của sự vật. Họ chưa thấy được vai 
trò của thực tiễn đối với nhận thức. Chính vì th ế mà C.Mác đã nhận xét r ằng: ""Khuyết"
Trình bày nội dung trọng tâm của giáo trình về phương thức sản xuất.,"Phương thức sản xuất được hiểu là cách thức con người tiến hành sản xuất vật chất trong một giai đoạn lịch sử nhất định, gồm lực lượng sản xuất và quan hệ sản xuất.",75770b9b-cdbf-4038-90e2-f25e1f4426fe_triethocmaclenin.pdf,152,Triết học Mác - Lênin,False,definition,MEDIUM,6ea6c5473f887fff5d61,Chương X,"II- Biện chứng của lực lượng sản xuất và quan hệ sản xuất 
1. Khái niệm phương thức sản xuất, lực lượng sản xuất, quan hệ sản 
xuất 
a) Phương thức sản xuất 
Sản xu ất v ật ch ất được ti ến hành b ằng ph ương th ức sản xuất nhất định. Phương 
thức sản xuất là cách thức con người thực hiện quá trình sản xuất vật chất ở những giai 
đoạn lịch sử nhất định của xã hội loài người. 
Mỗi xã hội được đặc trưng bằng một phương thức sản xuất nhất định. Sự thay thế 
kế tiếp nhau của các phương thức sản xuất trong lịch sử quyết định sự phát triển của xã hội 
loài người từ thấp đến cao. 
Trong s ản xu ất, con ng ười có ""quan h ệ song trùng"": m ột m ặt là quan h ệ gi ữa 
người với tự nhiên, biểu hiện ở lực lượng sản xuất; mặt khác là quan h ệ giữa người với 
người, tức là quan h ệ sản xuất. Phương thức sản xuất chính là s ự thống nhất giữa lực 
lượng sản xuất ở một trình độ nhất định và quan hệ sản xuất tương ứng. 
b) Lực lượng sản xuất 
Lực lượng sản xuất biểu hiện mối quan hệ giữa con người với tự nhiên trong quá 
trình sản xuất. Trong quá trình s ản xuất, con ng ười kết hợp sức lao động của mình với  
tư li ệu s ản xu ất, tr ước h ết là công  c ụ lao động  t ạo thành s ức m ạnh khai thác gi ới t ự 
nhiên, làm ra sản phẩm cần thiết cho cuộc sống của mình. 
Vậy, lực lượng sản xuất là năng lực thực tiễn cải biến giới tự nhiên của con người 
nhằm đáp ứng nhu cầu đời sống của mình. 
Lực lượng sản xuất là sự kết hợp người lao động và tư liệu sản xuất, trong đó ""lực 
lượng s ản xu ất hàng đầu c ủa toàn th ể nhân lo ại là công nhân, là ng ười lao động""1. 
Chính người lao động là ch ủ thể của q"
Hãy giải thích kiến thức Triết học Mác - Lênin liên quan đến nhận thức thông thường khác nhận thức khoa học ở điểm nào.,"Nhận thức thông thường theo cách trình bày của tài liệu mang tính trực tiếp, kinh nghiệm đời sống; nhận thức khoa học có tính hệ thống, lý luận, phương pháp và kiểm chứng chặt chẽ hơn.",75770b9b-cdbf-4038-90e2-f25e1f4426fe_triethocmaclenin.pdf,144,Triết học Mác - Lênin,False,comparison,MEDIUM,bf470b129ecb8e64616d,Chương IX,"h ệ biện chứng giữa nhận thức kinh nghiệm và nhận 
thức lý luận nên trong hoạt động nhận thức và hoạt động thực tiễn, Đảng ta luôn luôn chủ 
động ""thường xuyên tổng kết thực tiễn để phát triển lý luận; dự báo tình hình và xu th ế 
phát tr iển c ủa th ế gi ới, khu v ực và  trong n ước; cung c ấp lu ận c ứ khoa h ọc cho vi ệc 
hoạch định đường lối; chủ trương, chính sách của Đảng và Nhà nước""1.Đó là một trong 
những yếu tố làm nên thắng lợi trong công cuộc đổi mới ở nước ta. 
b) Nhận thức thông thường và nhận thức khoa học 
Nhận th ức thông th ường (nh ận th ức ti ền khoa h ọc) là lo ại nh ận th ức được hình 
thành một cách tự phát, trực tiếp từ trong hoạt động hàng ngày của con người. Nó phản 
ánh sự vật, hiện tượng xảy ra v ới tất cả những đặc điểm chi ti ết, cụ thể và nh ững sắc 
thái khác nhau của sự vật. Vì vậy, nhận thức thông thường mang tính phong phú, nhi ều 
vẻ và gắn liền với những quan niệm sống thực tế hàng ngày. Vì thế nó có vai trò thường 
xuyên và phổ biến chi phối hoạt động của mọi người trong xã hội. 
Nhận thức khoa h ọc là lo ại nhận thức được hình thành m ột cách t ự giác và gián 
tiếp từ sự phản ánh đặc điểm bản chất, những quan hệ tất yếu của đối tượng nghiên cứu. 
Sự phản ánh này diễn ra dưới dạng trừu tượng lôgic là các khái ni ệm, các quy luật khoa 
học. Nhận thức khoa học vừa có tính khách quan, trừu tượng, khái quát lại vừa có tính hệ 
thống, có c ăn c ứ và có tính chân t hực. Nó v ận d ụng m ột h ệ th ống c ác ph ương pháp 
nghiên cứu và sử dụng cả ngôn ngữ thông thường và thu ật ngữ khoa h ọc để diễn tả sâu 
sắc bản chất và quy luật của đối tượng "
"Theo giáo trình, lý về mối liên hệ phổ biến và nguyên lý về sự phát triển là gì?",Trong hệ thống đó nguyên lý về mối liên hệ phổ biến và nguyên lý về sự phát triển là hai nguyên lý khái quát nhất.,75770b9b-cdbf-4038-90e2-f25e1f4426fe_triethocmaclenin.pdf,95,Triết học Mác - Lênin,False,definition,MEDIUM,b1a50d1694c83122ac52,Chương VI,"Phép biện chứng duy v ật được xây d ựng trên c ơ sở một hệ thống những nguyên 
lý, nh ững ph ạm trù c ơ b ản, nh ững quy lu ật ph ổ bi ến ph ản ánh đúng đắn hi ện t hực. 
Trong hệ thống đó nguyên lý về mối liên hệ phổ biến và nguyên lý về sự phát triển là hai 
nguyên lý khái quát nh ất. Vì thế Ph.Ăngghen đã định nghĩa: ""phép biện chứng chẳng qua 
chỉ là môn khoa học về những quy luật phổ biến của sự vận động và sự phát triển của tự 
nhiên, của xã hội loài người và của tư duy""1. 
I- Nguyên lý về mối liên hệ phổ biến 
1. Khái niệm mối liên hệ 
Các sự vật, các hiện tượng và các quá trình khác nhau của thế giới có mối liên hệ 
qua l ại, tác động, ảnh h ưởng l ẫn nhau hay chúng t ồn t ại bi ệt l ập, tách r ời nhau? N ếu 
chúng có mối liên hệ qua lại thì cái gì quy định mối liên hệ đó? 
Trong l ịch s ử tri ết h ọc, để tr ả l ời những câu h ỏi đó ta th ấy có nhi ều quan điểm 
khác nhau. Trả lời câu hỏi thứ nhất, những người theo quan điểm siêu hình cho rằng các 
sự vật, hiện tượng tồn tại biệt lập, tách rời nhau, cái này tồn tại bên cạnh cái kia. Chúng 
không có sự phụ thuộc, không có sự ràng buộc và quy định lẫn nhau. Nếu giữa chúng có 
sự quy định lẫn nhau thì cũng chỉ là những quy định b ề ngoài, m ang tính ng ẫu nhiên. 
Tuy v ậy trong s ố nh ững ng ười theo quan điểm siêu hình c ũng có m ột s ố người cho 
rằng, các s ự vật, hiện tượng có m ối liên h ệ với nhau và m ối liên hệ rất đa dạng, phong 
phú, song các hình th ức liên  h ệ khác nhau không có kh ả n ăng chuy ển hóa l ẫn nhau. 
Chẳng h ạn, gi ới vô c ơ và gi ới h ữu c ơ không có liên h ệ gì v ới nhau; t ồn t ại độc l ập, "
Tóm tắt luận điểm có các từ khóa sau: ý thức thẩm mỹ.,"Ý thức thẩm mỹ theo cách trình bày của tài liệu là hình thái ý thức xã hội phản ánh hiện thực dưới góc độ cái đẹp, thị hiếu thẩm mỹ và lý tưởng thẩm mỹ.",75770b9b-cdbf-4038-90e2-f25e1f4426fe_triethocmaclenin.pdf,199,Triết học Mác - Lênin,False,definition,MEDIUM,d04de75920af6f8947db,Chương XIII," x uất - trong đối t ượng lao động, k ỹ thu ật, quá trình công 
nghệ và c ả trong nh ững hình th ức t ổ ch ức t ương ứng c ủa s ản xu ất; ng ười lao động 
không còn là nhân t ố thao tác tr ực tiếp trong hệ thống kỹ thuật mà chủ yếu là vận dụng 
tri thức khoa h ọc để điều khiển quá trình s ản xuất; khoa h ọc cho phép hoàn thi ện các 
phương pháp sản xuất, hoàn thiện việc quản lý kinh tế. Hơn nữa khoa học còn trở thành 
một ngành hoạt động sản xuất với quy mô ngày càng l ớn, bao hàm  hàng lo ạt các v iện, 
phòng thí nghiệm, trạm, trại, xí nghiệp với số cán bộ khoa học ngày càng tăng, vốn đầu 
tư ngày càng l ớn, hiệu quả đầu tư ngày càng cao. Do nh ững biến đổi căn bản về vai trò 
của khoa học đối với sản xuất mà khoa học trở thành lực lượng sản xuất trực tiếp. 
5. ý thức thẩm mỹ 
ý thức thẩm mỹ là sự phản ánh hiện thực vào ý th ức con người trong quan h ệ với 
nhu cầu thưởng thức và sáng t ạo Cái Đẹp. Trong các hình th ức hoạt động thưởng thức 
và sáng tạo Cái Đẹp thì nghệ thuật là hình thức biểu hiện cao nhất của ý thức thẩm mỹ. 
Nghệ thuật ra đời từ rất sớm ngay từ khi xã hội chưa phân chia thành giai cấp. Quá 
trình hình thành nghệ thuật gắn liền với lao động của con người, với thực ti ễn xã h ội. 
Những dấu vết đầu tiên của nghệ thuật đều thuộc về thời kỳ con người đã biết sản xuất 
ra những công cụ bằng đá, bằng xương, bằng sừng, v.v.. 
Cũng như các hình thái ý thức xã hội khác, nghệ thuật bắt nguồn từ tồn tại xã h ội. 
Khác với khoa học và triết học, phản ánh thế giới hiện thực bằng khái niệm, phạm trù, quy 
luật, ngh ệ thu ật ph ản ánh th ế gi ới m ột cách s inh động, "
Hãy giải thích kiến thức Triết học Mác - Lênin liên quan đến chủ nghĩa duy vật biện chứng hiểu bản chất nhận thức.,"Nhận thức là quá theo cách trình bày của tài liệu trình phản ánh tích cực, tự giác và sáng tạo hiện thực khách quan vào bộ óc con người trên cơ sở thực tiễn.",75770b9b-cdbf-4038-90e2-f25e1f4426fe_triethocmaclenin.pdf,137,Triết học Mác - Lênin,False,definition,MEDIUM,d108dfcab00f1b35eda7,Chương IX,"một cách khoa h ọc, đặc biệt là chưa thấy được đầy đủ vai trò c ủa th ực ti ễn đối v ới 
nhận thức. 
b) Quan niệm về bản chất nhận thức của chủ nghĩa duy vật biện 
chứng 
Sự ra đời của chủ nghĩa duy vật biện chứng đã tạo ra một cuộc cách mạng trong lý 
luận nhận thức. Bằng sự kế thừa những yếu tố hợp lý, phát tri ển một cách sáng t ạo và 
được m inh ch ứng b ởi nh ững thành t ựu c ủa khoa h ọc, k ỹ th uật, c ủa th ực ti ễn xã h ội, 
C.Mác và Ph.Ăngghen đã xây dựng nên học thuyết về nhận thức. Học thuyết này ra đời 
dựa trên những nguyên tắc cơ bản sau: 
Một là, thừa nhận thế giới vật chất tồn tại khách quan độc lập đối với ý thức của con 
người. 
Hai là, thừa nhận khả năng nhận thức được thế giới của con người. Coi nhận thức 
là sự phản ánh hi ện thực khách quan vào trong b ộ óc c ủa con ng ười, là hoạt động tìm 
hiểu khách thể của chủ thể. Không có cái gì là không t hể nhận thức được mà chỉ có cái 
con người chưa nhận thức được nhưng sẽ nhận thức được. 
Ba là, khẳng định sự phản ánh đó là một quá trình biện chứng, tích cực, tự giác và 
sáng tạo. Quá trình phản ánh ấy diễn ra theo trình tự từ chưa biết đến biết, từ biết ít đến 
biết nhiều, đi từ hiện tượng đến bản chất và từ bản chất kém sâu s ắc đến bản chất sâu 
sắc hơn. 
Bốn là, coi thực tiễn là cơ sở chủ yếu và trực tiếp nhất của nhận thức, là động lực, 
mục đích của nhận thức và là tiêu chuẩn để kiểm tra chân lý. 
Dựa trên những nguyên tắc cơ bản đó, chủ nghĩa duy vật biện chứng khẳng định:  
Về bản chất, nhận thức là quá trình phản ánh tích cực, tự giác và sáng tạo thế giới 
khách quan vào bộ óc  người trên cơ sở thực"
Nhận thức lý luận là gì?,"Nhận thức lý luận là trình độ nhận thức gián tiếp, khái quát, hệ thống hóa bản chất và quy luật của sự vật.",75770b9b-cdbf-4038-90e2-f25e1f4426fe_triethocmaclenin.pdf,143,Triết học Mác - Lênin,False,definition,MEDIUM,913d2b61129f9c2ff057,Chương IX,"n; nếu căn cứ trên tính chất tự phát hay 
tự giác của quá trình nhận thức, có thể chia nhận thức thành nhận thức thông thường và 
nhận thức khoa học, v.v.. 
a) Nhận thức kinh nghiệm và nhận thức lý luận 
Nhận thức kinh nghiệm là loại nhận thức hình thành từ sự quan sát trực tiếp các sự 
vật hiện tượng trong t ự nhiên, xã h ội hay trong  các thí ngh iệm khoa h ọc. Kết quả của 
nhận thức kinh nghiệm là những tri thức kinh nghiệm. Tri thức này có hai loại là tri thức 
kinh nghi ệm thông th ường và tri th ức kinh nghi ệm khoa h ọc. Tri th ức kinh nghi ệm 
thông thường là loại tri thức được hình thành từ sự quan sát trực tiếp hàng ngày về cuộc 
sống và lao động sản xuất. Còn tri th ức kinh nghi ệm khoa h ọc là lo ại tri thức thu được 
từ sự khảo sát các thí ng hiệm khoa h ọc. Hai lo ại tri th ức này có quan h ệ chặt chẽ với 
nhau, xâm  nh ập vào nhau để t ạo nên tính phong phú, sinh động c ủa nh ận th ức kinh 
nghiệm. 
Nhận th ức lý lu ận (g ọi t ắt là lý lu ận) là lo ại nhận th ức gián ti ếp, tr ừu t ượng và 
khái quát về bản chất và quy luật của các sự vật, hiện tượng. Nhận thức lý luận có chức 
năng gián ti ếp vì nó được hình thành và phát tri ển trên c ơ s ở c ủa nh ận th ức kinh 
nghiệm. Nhận thức lý luận có tính tr ừu tượng và khái quát vì nó ch ỉ tập trung phản ánh 
cái bản chất mang tính quy luật của sự vật và hiện tượng. Do đó, tri thức lý luận - kết quả 
của nhận thức lý luận - thể hiện chân lý sâu sắc hơn, chính xác hơn và có hệ thống hơn. 
Nhận thức kinh nghiệm và nhận thức lý luận là hai giai đoạn nhận thức khác nhau, 
nhưng có q uan h ệ bi ện c hứng v ới nhau. Tron"
Hãy giải thích kiến thức Triết học Mác - Lênin liên quan đến quan niệm phương Đông cổ đại về con người thường gắn với điều gì.,"Nó thường gắn con theo cách trình bày của tài liệu người với trật tự vũ trụ, đạo đức, cộng đồng và sự hòa hợp giữa con người với tự nhiên, xã hội.",75770b9b-cdbf-4038-90e2-f25e1f4426fe_triethocmaclenin.pdf,202,Triết học Mác - Lênin,False,summary,MEDIUM,43b4d2e477a1e514464a,Chương XIV,"iết học về con ng ười là m ột nội dung l ớn trong l ịch sử triết học 
nhân lo ại. Đó là nh ững v ấn đề: Con ng ười là gì? B ản tính, b ản ch ất con ng ười? M ối 
quan hệ giữa con người và thế giới? Con người có thể làm gì để giải phóng mình, đạt tới 
tự do?.... Đây cũng chính là n ội dung  c ơ bản của nhân sinh quan – m ột nội dung c ấu 
thành thế giới quan triết học. 
Tuỳ theo điều kiện lịch sử của mỗi thời đại mà nổi trội lên vấn đề này hay vấn đề 
kia. Đồng thời, tuỳ theo giác độ tiếp c ận khác nhau m à các tr ường phái tri ết h ọc, các 
nhà triết học trong lịch sử có những phát hiện, đóng góp khác nhau trong vi ệc lý giải về 
con ng ười. M ặt khác trong khi gi ải quy ết nh ững v ấn đề trên, m ỗi nhà tri ết h ọc, m ỗi 
trường phái tri ết h ọc có th ể lại đứng trên l ập trường th ế gi ới quan, ph ương pháp lu ận 
khác nhau: Duy vật hoặc duy tâm, biện chứng hoặc siêu hình... 
Trong nền triết học Trung Hoa suốt chiều dài lịch sử trên hai ngàn n ăm cổ - trung 
đại, vấn đề bản tính con ng ười là v ấn đề được quan tâm  hàng đầu. Giải quyết vấn đề 
này, các nhà t ư tưởng của Nho gia và Pháp gia đã tiếp cận từ giác độ hoạt động thực 
tiễn chính trị, đạo đức của xã hội và đi đến kết luận bản tính người là Thiện (Nho gia) và 
bản tính ng ười là Bất Thiện (Pháp gia). Các nhà t ư tưởng của Đạo gia, ngay t ừ Lão t ử 
thời Xuân Thu, lại tiếp cận giải quyết vấn đề bản tính người từ giác độ khác và đi tới kết 
luận bản tính T ự Nhiên của con ng ười. Sự khác nhau v ề giác độ tiếp cận và v ới những 
kết luận khác nhau v ề bản tính con ng ười đã là ti ền đề xuất phát cho nh ững quan điểm 
"
Chất là gì trong quy luật lượng - chất?,"Chất là tính quy định khách quan vốn có của sự vật, là sự thống nhất hữu cơ của các thuộc tính làm cho sự vật là nó và phân biệt nó với cái khác.",75770b9b-cdbf-4038-90e2-f25e1f4426fe_triethocmaclenin.pdf,123,Triết học Mác - Lênin,False,definition,MEDIUM,5eb6fb4e4713bbf4030b,Chương VIII,"Chất là ph ạm trù tr iết học dùng để chỉ tính quy định khách quan v ốn có c ủa sự 
vật, là sự thống nhất hữu cơ của những thuộc tính làm cho s ự vật là nó chứ không phải 
là cái khác. 
Mỗi sự vật, hiện tượng trong th ế giới đều có nh ững chất vốn có, là m nên chính 
chúng. Nhờ đó chúng mới khác với các sự vật, hiện tượng khác. 
Thuộc tính  c ủa s ự v ật là nh ững tính ch ất, nh ững tr ạng thái, những y ếu t ố c ấu 
thành s ự vật,... Đó là nh ững cái vốn có của sự vật từ khi sự vật được sinh ra hoặc được 
hình thành t rong sự vận động và phát tri ển của nó. Tuy n hiên những thuộc tính vốn có 
của sự vật, hiện tượng chỉ được bộc lộ ra thông qua s ự tác động qua l ại với các s ự vật, 
hiện tượng khác. Chúng ta chỉ có thể biết nhiệt độ cao hay thấp của không khí thông qua 
sự tác động qua lại của nó với cơ quan xúc giác của chúng ta. Chất của một người cụ thể 
chỉ được bộc lộ thông qua quan h ệ của người đó với những người khác, với môi trường 
xung quanh, thông qua lời nói và việc làm của người ấy. Như vậy, muốn nhận thức đúng 
đắn về những thuộc tính của sự vật, chúng ta ph ải thông qua s ự tác động qua lại của sự 
vật đó với bản thân chúng ta hoặc thông qua quan hệ, mối liên hệ qua lại của nó với các 
sự vật khác. 
Mỗi sự vật có r ất nhiều thuộc tính; mỗi thuộc tính l ại biểu hiện một chất của sự 
vật. Do vậy, mỗi sự vật có rất nhiều chất. Chất và sự vật có mối quan hệ chặt chẽ, không 
tách r ời nhau. Trong hi ện th ực khách quan không th ể t ồn tại s ự v ật không có ch ất và 
không thể có chất nằm ngoài sự vật. 
Chất của sự vật được biểu hiện qua những thuộc tính của nó. Nh"
Hệ Mặt Trời có bao nhiêu hành tinh?,Tôi chưa tìm thấy thông tin này trong tài liệu đã được huấn luyện.,,,Triết học Mác - Lênin,True,out_of_scope,MEDIUM,9454b256b17e584cf57e,OUT_OF_SCOPE,
Bản chất là gì?,"Bản chất là tổng hợp những mối liên hệ tất nhiên, tương đối ổn định bên trong sự vật, quy định sự vận động và phát triển của sự vật.",75770b9b-cdbf-4038-90e2-f25e1f4426fe_triethocmaclenin.pdf,114,Triết học Mác - Lênin,False,definition,MEDIUM,e6a1fe9865d564dc2a90,Chương VII,"VI- Bản chất và hiện tượng 
1. Khái niệm bản chất và hiện tượng 
Bản ch ất là ph ạm trù ch ỉ s ự t ổng h ợp t ất c ả nh ững m ặt, những m ối liên h ệ t ất 
nhiên, tương đối ổn định bên trong s ự vật, quy định sự vận động và phát tri ển của sự 
vật. Hiện tượng là phạm trù chỉ sự biểu hiện ra ""bên ngoài"" của bản chất. 
Thí dụ: Bản chất một nguyên t ố hóa h ọc là m ối liên h ệ giữa điện tử và h ạt nhân, 
còn những tính ch ất hóa h ọc của nguyên t ố đó khi t ương tác v ới các nguyên tố khác là 
hiện tượng thể hiện ra bên ngoài của mối liên kết giữa điện tử và hạt nhân. Trong xã hội 
có giai cấp, bản chất của nhà nước là công c ụ thống trị giai cấp, bảo vệ lợi ích của giai 
cấp thống trị. Nhưng tùy theo t ương quan giai c ấp và địa vị của giai cấp trong l ịch sử 
mà sự thống trị đó được thể hiện dưới hình thức khác nhau. 
Bản chất quan h ệ giữa giai c ấp tư sản và giai c ấp công nhân trong ch ủ nghĩa tư 
bản là quan h ệ bóc lột. Giai cấp tư sản bóc lột giá trị thặng dư do người công nhân làm 
ra. Nhưng biểu hiện của quan hệ này ra ngoài xã h ội là quan hệ bình đẳng, hai bên được 
tự do t hỏa thuận với nhau. Người công nhân có quy ền ký ho ặc không ký vào b ản h ợp 
đồng v ới nhà t ư s ản. Thậm chí nhà t ư s ản còn ch ăm lo đến s ức kho ẻ c ủa ng ười công 
nhân và gia đình họ nếu điều đó có lợi cho việc tăng khối lượng giá trị thặng dư. 
Phạm trù b ản chất gắn liền với phạm trù cái chung, nh ưng không đồng nhất với 
cái chung. Có cái chung là bản chất, nhưng có cái chung không phải là bản chất. Thí dụ: 
Mọi người đều là sản phẩm tổng hợp của các quan hệ xã hội, đó là cái chung, đ"
Quan hệ sản xuất là gì?,"Quan hệ sản xuất là quan hệ giữa người với người trong quá trình sản xuất, gồm quan hệ sở hữu, tổ chức quản lý và phân phối sản phẩm.",75770b9b-cdbf-4038-90e2-f25e1f4426fe_triethocmaclenin.pdf,153,Triết học Mác - Lênin,False,definition,MEDIUM,bf20dd6e662494a52650,Chương X,"i: khoa học và công nghệ 
hiện đại là đặc trưng cho lực lượng sản xuất hiện đại.  
c) Quan hệ sản xuất  
Quan hệ sản xuất là quan h ệ giữa người với người trong quá trình s ản xuất (sản 
xuất và tái sản xuất xã hội). Quan hệ sản xuất gồm ba mặt: quan hệ về sở hữu đối với tư 
liệu sản xuất, quan h ệ trong t ổ chức và qu ản lý sản xuất, quan h ệ trong phân ph ối sản 
phẩm sản xuất ra. 
Quan hệ sản xuất do con ng ười tạo ra, nh ưng nó hình th ành một cách khách quan 
trong quá trình sản xuất, không phụ thuộc vào ý m uốn chủ quan c ủa con ng ười. C.Mác 
viết: ""Trong sản xuất, người ta không chỉ quan hệ với giới tự nhiên. Người ta không thể 
sản xuất được nếu không kết hợp với nhau theo một cách nào đó để hoạt động chung và 
để tr ao đổi ho ạt động v ới nhau. Mu ốn s ản xu ất được, n gười ta ph ải có nh ững mối 
liên hệ và quan hệ nhất định với nhau; và quan h ệ của họ với giới tự nhiên, t ức là vi ệc 
sản xuất""1. Quan hệ sản xuất là hình thức xã hội của sản xuất; giữa ba mặt của quan hệ sản 
xuất thống nhất với nhau, tạo thành một hệ thống mang tính ổn định tương đối so với sự vận 
động, phát triển không ngừng của lực lượng sản xuất. 
Trong ba mặt của quan hệ sản xuất, quan hệ sở hữu về tư liệu sản xuất là quan hệ 
xuất phát, quan hệ cơ bản, đặc trưng cho quan hệ sản xuất trong từng xã hội. Quan hệ sở 
hữu về tư liệu sản xuất quyết định quan h ệ về tổ chức quản lý s ản xuất, quan h ệ phân 
phối sản phẩm cũng như các quan hệ xã hội khác. 
Lịch sử phát tri ển của nhân lo ại đã chứng kiến có hai lo ại hình s ở hữu cơ bản về 
tư liệu sản xuất: sở hữu tư nhân và s ở hữu công c ộng. "
Ôn tập mục kiến thức có các từ khóa: nghệ thuật chân chính vai trò.,"Nghệ thuật chân chính theo cách trình bày của tài liệu gắn với đời sống hiện thực của nhân dân, tác động đến lý trí và tình cảm, kích thích tính tích cực và xây dựng hành vi đạo đức tốt đẹp.",75770b9b-cdbf-4038-90e2-f25e1f4426fe_triethocmaclenin.pdf,200,Triết học Mác - Lênin,False,summary,MEDIUM,ae0b2233f61d1e8608d6,Chương XIII,"trực tiếp, dễ thấy. 
C.Mác viết: ""Đối với nghệ thuật, người ta biết rằng những thời kỳ hưng thịnh nhất 
của nó hoàn toàn không t ương ứng v ới s ự phát tri ển chung c ủa xã h ội, do đó c ũng 
không tương ứng với sự phát triển của cơ sở vật chất của xã h ội, cơ sở này d ường như 
cấu thành cái xương sống của tổ chức xã hội""1. 
Nghệ thu ật chân chính g ắn bó v ới đời s ống hi ện th ực c ủa nhân dân; là nhân t ố 
thúc đẩy mạnh mẽ tiến bộ xã h ội thông qua vi ệc đáp ứng những nhu c ầu thẩm mỹ của 
con người. Khi ph ản ánh th ế giới hiện thực trong các hình t ượng nghệ thuật chân th ực 
và có giá trị thẩm mỹ cao, nghệ thuật đã tác động đến lý trí và tình cảm của con người, 
kích thích tính tích cực của con người, xây dựng ở con người những hành vi đạo đức tốt 
đẹp. 
Trong xã hội có giai cấp, nghệ thuật bao giờ cũng mang tính giai cấp. Tính giai c ấp 
của nghệ thuật biểu hiện trước hết ở chỗ nó không th ể không ch ịu sự tác động của thế 
giới quan, các quan điểm chính tr ị của một giai c ấp, không th ể đứng ngoài chính tr ị và 
các quan hệ kinh tế. Trong xã h ội chia thành các giai c ấp mà phủ nhận mối liên hệ của 
nghệ thuật với chính trị thì hoàn toàn sai lầm. 
Khi nhấn mạnh tính giai c ấp của nghệ thuật trong xã h ội có giai c ấp, quan điểm 
của chủ nghĩa Mác - Lênin không ph ủ nhận tính nhân lo ại chung c ủa nó. Không ít t ác 
phẩm nghệ thuật mà giá trị của chúng được lưu truyền khắp thế giới qua các thời đại, mặc 
dù tác giả là đại biểu của một giai cấp nhất định. Có những nền nghệ thuật của một dân 
tộc nhất định nhưng đã trở thành nh ững giá tr ị văn hóa tiêu biểu của cả n"
Hãy giải thích kiến thức Triết học Mác - Lênin liên quan đến vì sao mâu thuẫn là nguồn gốc của vận động và phát triển.,"Vì sự thống nhất theo cách trình bày của tài liệu và đấu tranh của các mặt đối lập tạo ra động lực bên trong thúc đẩy sự vật vận động, biến đổi và phát triển.",75770b9b-cdbf-4038-90e2-f25e1f4426fe_triethocmaclenin.pdf,129,Triết học Mác - Lênin,False,cause,MEDIUM,c105a83b7a4d0f252430,Chương VIII,"mặt đối l ập. Với ý ngh ĩa đó, ""sự th ống nhất c ủa các m ặt đối l ập"" còn bao hàm c ả s ự 
""đồng nhất"" của các mặt đó. Do có sự ""đồng nhất"" của các mặt đối lập mà trong sự triển 
khai của mâu thuẫn đến một lúc nào đó, các mặt đối lập có thể chuyển hóa lẫn nhau. 
Các m ặt đối l ập không ch ỉ th ống nh ất, mà còn luôn luôn "" đấu tranh"" v ới nhau. 
Đấu tranh của các mặt đối lập là sự tác động qua lại theo xu hướng bài trừ và phủ định 
lẫn nhau.  Hình th ức đấu tranh c ủa các m ặt đối l ập h ết s ức phong phú, đa d ạng, tùy 
thuộc vào tính chất, vào mối quan hệ qua lại giữa các mặt đối lập và tùy điều kiện cụ thể 
diễn ra cuộc đấu tranh giữa chúng. 
2. Mâu thuẫn là nguồn gốc của sự vận động và sự phát triển 
Sự th ống nh ất và đấu tranh c ủa các m ặt đối l ập là hai xu h ướng tác động khác 
nhau của các mặt đối lập tạo thành mâu thuẫn. Như vậy mâu thuẫn biện chứng bao hàm 
cả ""sự thống nhất"" lẫn ""đấu tranh"" c ủa các m ặt đối lập. Sự thống nhất gắn liền với sự 
đứng im, với sự ổn định tạm thời của sự vật. Sự đấu tranh g ắn liền với tính tuyệt đối 
của sự vận động và phát tri ển. Điều đó có nghĩa là:   ""S ự thống nhất (...) của các mặt 
đối lập là có điều kiện, tạm thời, thoáng qua, t ương đối. Sự đấu tranh c ủa các m ặt đối 
lập bài trừ lẫn nhau là tuyệt đối, cũng như sự phát triển, sự vận động là tuyệt đối""1. 
Trong sự tác động qua lại của các mặt đối lập thì đấu tranh của các mặt đối lập quy 
định một cách tất yếu sự thay đổi của các mặt đang tác động và làm cho mâu thuẫn phát 
triển. Lúc đầu mới xuất hiện, mâu thuẫn chỉ là sự khác nhau căn bản, nhưng theo khuynh 
hướng trái "
Tóm tắt luận điểm có các từ khóa sau: quy luật.,"Quy luật là mối theo cách trình bày của tài liệu liên hệ khách quan, bản chất, tất nhiên, phổ biến và lặp lại giữa các mặt của sự vật hoặc giữa các sự vật.",75770b9b-cdbf-4038-90e2-f25e1f4426fe_triethocmaclenin.pdf,121,Triết học Mác - Lênin,False,definition,MEDIUM,fef4d2c368fefb760c6e,Chương VIII,"I- Một số vấn đề lý luận chung về quy luật 
1. Khái niệm ""quy luật"" 
Trong đời s ống hàng ngày, đằng sau các hi ện t ượng m uôn hình m uôn v ẻ, c on 
người d ần d ần nh ận th ức được tính tr ật t ự và m ối liên h ệ có tính l ặp lại c ủa các h iện 
tượng, từ đó hình thành nên khái ni ệm ""quy lu ật"". Với tư cách là ph ạm trù c ủa lý luận 
nhận thức, khái ni ệm ""quy lu ật"" là s ản phẩm của tư duy khoa h ọc phản ánh s ự liên h ệ 
của các s ự vật và tính chỉnh thể của chúng. V.I.Lênin vi ết: ""Khái ni ệm quy luật là một 
trong những giai đoạn của sự nhận thức của con người về tính thống nhất và về liên hệ, 
về sự phụ thuộc lẫn nhau và tính chỉnh thể của quá trình thế giới""1. 
Với tư cách là cái t ồn tại ngay trong hi ện thực, quy luật là m ối liên h ệ bản chất, 
tất nhiên, phổ biến và lặp lại giữa các mặt, các yếu tố, các thuộc tính bên trong mỗi một 
sự vật, hay giữa các sự vật, hiện tượng với nhau. 
Các quy lu ật của tự nhiên, c ủa xã h ội cũng như của tư duy con ng ười đều mang 
tính khách quan. Con ng ười không th ể tạo ra ho ặc xóa b ỏ được quy lu ật mà chỉ nhận 
thức và vận dụng nó trong thực tiễn. 
Các quy luật được phản ánh trong các khoa học không phải là sự sáng tạo tùy ý của 
con ng ười. Các quy lu ật do khoa h ọc phát hi ện ra chính là s ự ph ản ánh các quy  lu ật 
khách quan của tự nhiên, xã hội cũng như tư duy con người. 
2. Phân loại quy luật 
Các quy lu ật hết sức đa dạng. Chúng khác nhau v ề mức độ phổ biến, về phạm vi 
bao quát, về tính chất, về vai trò của chúng đối với quá trình vận động và phát triển của 
sự vật. Do vậy, việc phân loại quy luật là cần thiết đ"
"Theo giáo trình, ý thức xã h ội thông thường là gì?","ý thức xã h ội thông thường là toàn bộ những tri thức, những quan ni ệm... của những con người trong một cộng đồng người nhất định, được hình thành m ột cách trực tiếp từ hoạt động thực tiễn hàng ngày, chưa được hệ thống hóa, khái quát hóa thành lý luận.",75770b9b-cdbf-4038-90e2-f25e1f4426fe_triethocmaclenin.pdf,187,Triết học Mác - Lênin,False,definition,MEDIUM,41c4612d90165f3a0a17,Chương XIII,"à yếu tố cơ bản nhất. 
b) Khái niệm và kết cấu của ý thức xã hội 
ý thức xã h ội là mặt tinh thần của đời sống xã h ội, bao gồm toàn bộ những quan 
điểm, tư tưởng cùng những tình cảm, tâm trạng,... của những cộng đồng xã hội, nảy sinh 
từ tồn tại xã hội và phản ánh tồn tại xã hội trong những giai đoạn phát triển nhất định. 
- Cần thấy rõ sự khác nhau t ương đối giữa ý thức xã hội và ý thức cá nhân. ý thức 
của cá nhân đều phản ánh tồn tại xã hội với mức độ khác nhau. Do đó, nó không thể không 
mang tính xã h ội. Song ý th ức cá nhân không ph ải bao gi ờ cũng thể hiện quan điểm tư 
tưởng, tình cảm phổ biến của một cộng đồng, một tập đoàn xã h ội, một thời đại xã h ội 
nhất định. 
ý thức xã hội và ý th ức cá nhân tồn tại trong mối liên hệ hữu c ơ, bi ện ch ứng v ới 
nhau, thâ m nhập vào nhau và làm phong phú nhau. 
Lĩnh vực tinh th ần của đời sống xã h ội có c ấu trúc h ết sức phức tạp. Có th ể tiếp 
cận kết cấu của ý thức xã hội từ những phương diện khác nhau. 
Theo nội dung và l ĩnh vực phản ánh đời sống xã h ội, ý th ức xã h ội bao g ồm các 
hình thái khác nhau: ý th ức chính tr ị, ý th ức pháp quy ền, ý th ức đạo đức, ý th ức tôn 
giáo, ý thức thẩm mỹ, triết học,... 
Theo trình độ phản ánh có th ể phân bi ệt ý th ức xã h ội thông th ường và ý th ức lý 
luận. 
ý th ức xã h ội thông th ường là toàn b ộ nh ững tri th ức, nh ững quan ni ệm... c ủa 
những con người trong một cộng đồng người nhất định, được hình thành m ột cách trực 
tiếp từ hoạt động thực tiễn hàng ngày, chưa được hệ thống hóa, khái quát hóa thành lý 
luận. Trong ý thức xã hội thông thường, tâm lý xã hội là bộ"
Mặt thứ nhất của vấn đề cơ bản của triết học hỏi điều gì?,"Mặt thứ nhất hỏi giữa ý thức và vật chất cái nào có trước, cái nào có sau và cái nào quyết định cái nào.",75770b9b-cdbf-4038-90e2-f25e1f4426fe_triethocmaclenin.pdf,6,Triết học Mác - Lênin,False,definition,MEDIUM,4f58f77f2698d9603bef,Chương I,"Giải quyết vấn đề cơ bản của triết học không chỉ xác định được nền tảng và điểm 
xuất phát để giải quyết các vấn đề khác của triết học mà nó còn là tiêu chuẩn để xác định 
lập trường, thế giới quan của các triết gia và học thuyết của họ. 
Vấn đề cơ bản của triết học có hai mặt, mỗi mặt phải trả lời cho một câu hỏi lớn. 
Mặt thứ nhất: Giữa ý thức và vật chất thì cái nào có trước, cái nào có sau, cái nào 
quyết định cái nào? 
Mặt thứ hai: Con người có khả năng nhận thức được thế giới hay không? 
Trả lời cho hai câu hỏi trên liên quan mật thiết đến việc hình thành các trường phái 
triết học và các học thuyết về nhận thức của triết học. 
II- Chức năng thế giới quan của triết học 
1. Triết học - hạt nhân lý luận của thế giới quan 
Thế giới quan là toàn bộ những quan niệm của con người về thế giới, về bản thân 
con người, về cuộc sống và vị trí của con người trong thế giới đó. 
Trong th ế gi ới quan có s ự hoà nh ập gi ữa tri th ức và ni ềm tin. Tri th ức là c ơ s ở 
trực tiếp cho sự hình thành th ế giới quan, song nó ch ỉ gia nhập thế giới quan khi nó đã 
trở thành niềm tin định hướng cho hoạt động của con người. 
Có nhiều cách tiếp cận để nghiên cứu về thế giới quan. Nếu xét theo quá trình phát 
triển thì có th ể chia th ế giới quan thành ba loại hình cơ bản: Thế giới quan huyền thoại, 
thế giới quan tôn giáo và thế giới quan triết học. 
Thế gi ới quan huy ền thoại là phương thức cảm nh ận th ế gi ới c ủa ng ười nguyên 
thủy. ở thời kỳ này, các y ếu tố tri t hức và c ảm xúc, lý trí v à tín ng ưỡng, hi ện thực và 
tưởng tượng, cái thật và cái ảo, cái thần và cái người, v.v. của "
"Theo giáo trình, phép biện chứng chẳng qua chỉ là gì?","Vì thế Ph.Ăngghen đã định nghĩa: ""phép biện chứng chẳng qua chỉ là môn khoa học về những quy luật phổ biến của sự vận động và sự phát triển của tự nhiên, của xã hội loài người và của tư duy""1.",75770b9b-cdbf-4038-90e2-f25e1f4426fe_triethocmaclenin.pdf,95,Triết học Mác - Lênin,False,definition,MEDIUM,b09e508f7dbb460f6ed6,Chương VI,"Phép biện chứng duy v ật được xây d ựng trên c ơ sở một hệ thống những nguyên 
lý, nh ững ph ạm trù c ơ b ản, nh ững quy lu ật ph ổ bi ến ph ản ánh đúng đắn hi ện t hực. 
Trong hệ thống đó nguyên lý về mối liên hệ phổ biến và nguyên lý về sự phát triển là hai 
nguyên lý khái quát nh ất. Vì thế Ph.Ăngghen đã định nghĩa: ""phép biện chứng chẳng qua 
chỉ là môn khoa học về những quy luật phổ biến của sự vận động và sự phát triển của tự 
nhiên, của xã hội loài người và của tư duy""1. 
I- Nguyên lý về mối liên hệ phổ biến 
1. Khái niệm mối liên hệ 
Các sự vật, các hiện tượng và các quá trình khác nhau của thế giới có mối liên hệ 
qua l ại, tác động, ảnh h ưởng l ẫn nhau hay chúng t ồn t ại bi ệt l ập, tách r ời nhau? N ếu 
chúng có mối liên hệ qua lại thì cái gì quy định mối liên hệ đó? 
Trong l ịch s ử tri ết h ọc, để tr ả l ời những câu h ỏi đó ta th ấy có nhi ều quan điểm 
khác nhau. Trả lời câu hỏi thứ nhất, những người theo quan điểm siêu hình cho rằng các 
sự vật, hiện tượng tồn tại biệt lập, tách rời nhau, cái này tồn tại bên cạnh cái kia. Chúng 
không có sự phụ thuộc, không có sự ràng buộc và quy định lẫn nhau. Nếu giữa chúng có 
sự quy định lẫn nhau thì cũng chỉ là những quy định b ề ngoài, m ang tính ng ẫu nhiên. 
Tuy v ậy trong s ố nh ững ng ười theo quan điểm siêu hình c ũng có m ột s ố người cho 
rằng, các s ự vật, hiện tượng có m ối liên h ệ với nhau và m ối liên hệ rất đa dạng, phong 
phú, song các hình th ức liên  h ệ khác nhau không có kh ả n ăng chuy ển hóa l ẫn nhau. 
Chẳng h ạn, gi ới vô c ơ và gi ới h ữu c ơ không có liên h ệ gì v ới nhau; t ồn t ại độc l ập, "
Trình bày nội dung trọng tâm của giáo trình về mối liên hệ phổ biến.,"Mối liên hệ phổ biến được hiểu là sự quy định, tác động, chuyển hóa lẫn nhau giữa các sự vật, hiện tượng hoặc giữa các mặt, yếu tố của cùng một sự vật.",75770b9b-cdbf-4038-90e2-f25e1f4426fe_triethocmaclenin.pdf,95,Triết học Mác - Lênin,False,definition,MEDIUM,b283d1ca609d40334bd5,Chương VI,"Phép biện chứng duy v ật được xây d ựng trên c ơ sở một hệ thống những nguyên 
lý, nh ững ph ạm trù c ơ b ản, nh ững quy lu ật ph ổ bi ến ph ản ánh đúng đắn hi ện t hực. 
Trong hệ thống đó nguyên lý về mối liên hệ phổ biến và nguyên lý về sự phát triển là hai 
nguyên lý khái quát nh ất. Vì thế Ph.Ăngghen đã định nghĩa: ""phép biện chứng chẳng qua 
chỉ là môn khoa học về những quy luật phổ biến của sự vận động và sự phát triển của tự 
nhiên, của xã hội loài người và của tư duy""1. 
I- Nguyên lý về mối liên hệ phổ biến 
1. Khái niệm mối liên hệ 
Các sự vật, các hiện tượng và các quá trình khác nhau của thế giới có mối liên hệ 
qua l ại, tác động, ảnh h ưởng l ẫn nhau hay chúng t ồn t ại bi ệt l ập, tách r ời nhau? N ếu 
chúng có mối liên hệ qua lại thì cái gì quy định mối liên hệ đó? 
Trong l ịch s ử tri ết h ọc, để tr ả l ời những câu h ỏi đó ta th ấy có nhi ều quan điểm 
khác nhau. Trả lời câu hỏi thứ nhất, những người theo quan điểm siêu hình cho rằng các 
sự vật, hiện tượng tồn tại biệt lập, tách rời nhau, cái này tồn tại bên cạnh cái kia. Chúng 
không có sự phụ thuộc, không có sự ràng buộc và quy định lẫn nhau. Nếu giữa chúng có 
sự quy định lẫn nhau thì cũng chỉ là những quy định b ề ngoài, m ang tính ng ẫu nhiên. 
Tuy v ậy trong s ố nh ững ng ười theo quan điểm siêu hình c ũng có m ột s ố người cho 
rằng, các s ự vật, hiện tượng có m ối liên h ệ với nhau và m ối liên hệ rất đa dạng, phong 
phú, song các hình th ức liên  h ệ khác nhau không có kh ả n ăng chuy ển hóa l ẫn nhau. 
Chẳng h ạn, gi ới vô c ơ và gi ới h ữu c ơ không có liên h ệ gì v ới nhau; t ồn t ại độc l ập, "
Hãy giải thích kiến thức Triết học Mác - Lênin liên quan đến triết học Mác giữ vai trò gì trong học thuyết của Mác và Ăngghen.,"Triết học Mác giữ theo cách trình bày của tài liệu vai trò cơ sở lý luận chung, cơ sở thế giới quan và phương pháp luận của học thuyết cách mạng.",75770b9b-cdbf-4038-90e2-f25e1f4426fe_triethocmaclenin.pdf,50,Triết học Mác - Lênin,False,definition,MEDIUM,620fc84dcd8b0f7c1fa5,Chương III,"luận tiến bộ và cách mạng mới. Đó là lý luận thể hiện thế giới quan cách mạng của giai 
cấp cách m ạng tri ệt để nh ất trong l ịch s ử, do đó, k ết h ợp m ột cách h ữu c ơ tính các h 
mạng và tính khoa học trong bản chất của mình; nhờ đó, nó có khả năng giải đáp bằng lý 
luận những vấn đề của thời đại đặt ra. Lý luận như vậy đã được sáng tạo nên bởi C.Mác 
và Ph.Ăngghen, trong đó tri ết học đóng vai trò là c ơ sở lý lu ận chung: c ơ sở thế giới 
quan và phương pháp luận. ""Giống như triết học thấy giai cấp vô sản là vũ khi vật chất 
của mình, giai cấp vô sản cũng thấy triết học là vũ khí tinh thần của mình""1
2. Nguồn gốc lý luận và những tiền đề khoa học tự nhiên 
a) Nguồn gốc lý luận 
Để xây d ựng học thuyết của mình ngang t ầm cao c ủa trí tu ệ nhân lo ại, C.Mác và 
Ph.Ăngghen đã k ế th ừa nh ững thành t ựu trong l ịch s ử t ư t ưởng c ủa nhân lo ại. Lê nin 
viết: ""Lịch sử triết học và lịch sử khoa học xã hội chỉ ra một cách hoàn toàn rõ ràng rằng 
chủ nghĩa Mác không có gì là gi ống ""chủ nghĩa tông phái"", hi ểu theo nghĩa là m ột học 
thuyết đóng kín và c ứng nh ắc, n ảy sinh ở ngoài con đường phát tri ển v ĩ đại c ủa v ăn 
minh thế giới"". Người còn chỉ rõ, học thuyết của Mác ""ra đời là sự thừa kế thẳng và trực 
tiếp nh ững h ọc thuy ết c ủa nh ững đại bi ểu xu ất s ắc nh ất trong tri ết h ọc, trong kinh t ế 
chính trị học và trong chủ nghĩa xã hội""2. 
Triết h ọc c ổ điển Đức, đặc bi ệt v ới hai nhà tri ết h ọc tiêu bi ểu là Hêghen và 
Phoiơbắc, là nguồn gốc lý luận trực tiếp của triết học Mác. 
C.Mác và Ph. Ăngghen đã t ừng là nh ững ng ười theo h ọc tri ết h ọc Hêghen. "
Hãy giải thích kiến thức Triết học Mác - Lênin liên quan đến sản xuất vật chất có vai trò gì đối với xã hội.,"Sản xuất vật chất theo cách trình bày của tài liệu là cơ sở của sự tồn tại và phát triển xã hội, vì nó tạo ra điều kiện vật chất cho đời sống con người.",75770b9b-cdbf-4038-90e2-f25e1f4426fe_triethocmaclenin.pdf,151,Triết học Mác - Lênin,False,definition,MEDIUM,a7d27dfef633129df539,Chương X,"uá trình t ồn tại và phát triển, con người không thỏa mãn với những cái đã 
có sẵn trong giới tự nhiên, mà luôn luôn ti ến hành sản xuất vật chất nhằm tạo ra các t ư 
liệu sinh hoạt thỏa mãn nhu cầu ngày càng phong phú, đa dạng của con người. Việc sản 
xuất ra các t ư liệu sinh hoạt là yêu c ầu khách quan c ủa đời sống xã hội. Bằng việc ""sản 
xuất ra nh ững t ư li ệu sinh ho ạt c ủa mình, nh ư th ế con ng ười đã gián ti ếp s ản xu ất ra 
chính đời sống vật chất của mình""1. 
Trong quá trình s ản xuất ra của cải vật chất cho sự tồn tại và phát tri ển của mình, 
con người đồng thời sáng tạo ra toàn bộ các mặt của đời sống xã hội. Tất cả các quan hệ 
xã hội về nhà nước, pháp quyền, đạo đức, nghệ thuật, tôn giáo, v.v. đều hình thành, biến 
đổi trên cơ sở sản xuất vật chất. Khái quát lịch sử phát triển của nhân loại, C.Mác đã kết 
luận: ""Việc sản xuất ra những tư liệu sinh hoạt vật chất trực tiếp và chính, mỗi một giai 
đoạn phát triển kinh tế nhất định của một dân t ộc hay một thời đại tạo ra một cơ sở, từ 
đó mà người ta phát triển các th ể chế nhà n ước, các quan điểm pháp quy ền, nghệ thuật 
và thậm chí cả những quan niệm tôn giáo của con người ta""2. 
Trong quá trình s ản xuất vật chất, con người không ngừng làm biến đổi tự nhiên, 
biến đổi xã hội, đồng thời làm biến đổi bản thân mình. Sản xuất vật chất không ng ừng 
phát triển. Sự phát triển của sản xuất vật chất quyết định sự biến đổi, phát triển các mặt 
của đời sống xã hội, quyết định phát triển xã hội từ thấp đến cao. Chính vì vậy, phải tìm 
cơ sở sâu xa của các hiện tượng xã hội ở trong nền sản xuất vật chất của xã hội."
Đường lối triết học của Đêmôcrít và Platôn biểu hiện cuộc đấu tranh nào?,Đó là cuộc đấu tranh giữa chủ nghĩa duy vật và chủ nghĩa duy tâm trong triết học Hy Lạp cổ đại.,75770b9b-cdbf-4038-90e2-f25e1f4426fe_triethocmaclenin.pdf,25,Triết học Mác - Lênin,False,comparison,MEDIUM,2800e374179e672c91c2,Chương II,"phân kỳ chỉ giai đoạn xã h ội chiếm hữu nô l ệ; triết h ọc trung c ổ chỉ giai đoạn xã h ội 
phong kiến; triết học cận đại chỉ giai đoạn xã h ội tư bản đang hình thành và phát tri ển. 
Còn triết học cổ điển Đức chỉ giai đoạn triết học ở Đức thế kỷ XVIII - XIX. 
I- Triết học Hy Lạp Cổ đại 
1. Hoàn cảnh ra đời và đặc điểm của triết học Hy Lạp cổ đại 
Tư t ưởng tri ết h ọc ra đời ở xã h ội Hy L ạp c ổ đại, xã h ội chi ếm h ữu nô l ệ v ới 
những mâu thuẫn gay gắt giữa tầng lớp chủ nô dân chủ và chủ nô quý tộc. 
Những cuộc xâm lăng từ bên ngoài đã làm suy yếu nền kinh tế thủ công Hy Lạp.  
Do thuận lợi về đường biển nên kinh tế thương nghiệp khá phát triển. 
Một s ố ngành khoa h ọc c ụ th ể th ời k ỳ này nh ư toán h ọc, v ật lý h ọc, thiên v ăn, 
thuỷ văn, v.v. bắt đầu phát triển. Khoa học hình thành và phát tri ển đòi hỏi sự khái quát 
của triết học. Nhưng tư duy triết học thời kỳ này chưa phát triển cao; tri thức triết học và 
tri thức khoa học cụ thể thường hoà vào nhau. Các nhà tri ết học lại cũng chính là các  
nhà khoa h ọc cụ thể. Thời kỳ này c ũng diễn ra s ự giao l ưu giữa Hy L ạp và các n ước 
ảrập phương Đông nên tri ết học Hy L ạp cũng chịu sự ảnh hưởng của triết học phương 
Đông. 
Sự ra đời và phát tri ển của triết học Hy L ạp cổ đại có m ột số đặc điểm như: gắn 
hữu cơ với khoa học tự nhiên, hầu hết các nhà triết học duy vật đều là các nhà khoa học 
tự nhiên; s ự ra đời rất sớm chủ nghĩa duy v ật mộc mạc, thô s ơ và phép bi ện chứng tự 
phát; cuộc đấu tranh gi ữa chủ nghĩa duy v ật và c hủ nghĩa duy tâm  biểu hiện qua cu ộc 
đấu tranh gi ữa đường lối triết học của Đ"
Backpropagation cập nhật trọng số mạng nơ-ron ra sao?,Tôi chưa tìm thấy thông tin này trong tài liệu đã được huấn luyện.,,,Triết học Mác - Lênin,True,out_of_scope,MEDIUM,a3b967d375d2da4b3204,OUT_OF_SCOPE,
"Trình bày nội dung trọng tâm của giáo trình về theo Lênin, chủ nghĩa Mác ra đời có quan hệ thế nào với văn minh thế giới.","Lênin khẳng định chủ nghĩa Mác không phải học thuyết đóng kín mà được hiểu là sự kế thừa trực tiếp các thành tựu lớn của triết học, kinh tế chính trị học và chủ nghĩa xã hội.",75770b9b-cdbf-4038-90e2-f25e1f4426fe_triethocmaclenin.pdf,50,Triết học Mác - Lênin,False,summary,MEDIUM,ff322679ea881321b57c,Chương III,"y giai cấp vô sản là vũ khi vật chất 
của mình, giai cấp vô sản cũng thấy triết học là vũ khí tinh thần của mình""1
2. Nguồn gốc lý luận và những tiền đề khoa học tự nhiên 
a) Nguồn gốc lý luận 
Để xây d ựng học thuyết của mình ngang t ầm cao c ủa trí tu ệ nhân lo ại, C.Mác và 
Ph.Ăngghen đã k ế th ừa nh ững thành t ựu trong l ịch s ử t ư t ưởng c ủa nhân lo ại. Lê nin 
viết: ""Lịch sử triết học và lịch sử khoa học xã hội chỉ ra một cách hoàn toàn rõ ràng rằng 
chủ nghĩa Mác không có gì là gi ống ""chủ nghĩa tông phái"", hi ểu theo nghĩa là m ột học 
thuyết đóng kín và c ứng nh ắc, n ảy sinh ở ngoài con đường phát tri ển v ĩ đại c ủa v ăn 
minh thế giới"". Người còn chỉ rõ, học thuyết của Mác ""ra đời là sự thừa kế thẳng và trực 
tiếp nh ững h ọc thuy ết c ủa nh ững đại bi ểu xu ất s ắc nh ất trong tri ết h ọc, trong kinh t ế 
chính trị học và trong chủ nghĩa xã hội""2. 
Triết h ọc c ổ điển Đức, đặc bi ệt v ới hai nhà tri ết h ọc tiêu bi ểu là Hêghen và 
Phoiơbắc, là nguồn gốc lý luận trực tiếp của triết học Mác. 
C.Mác và Ph. Ăngghen đã t ừng là nh ững ng ười theo h ọc tri ết h ọc Hêghen. Sau 
này, cả khi đã từ bỏ chủ nghĩa duy tâm của triết học Hêghen, các ông v ẫn đánh giá cao 
tư tưởng biện chứng của nó. Chính cái ""h ạt nhân hợp lý"" đó đã được Mác kế thừa bằng 
cách cải tạo, lột bỏ cái vỏ thần bí để xây d ựng nên lý l uận mới của phép bi ện chứng - 
phép biện chứng duy vật. Trong khi phê phán chủ nghĩa duy tâm của Hêghen, C.Mác đã 
dựa vào truy ền thống của chủ nghĩa duy v ật triết học mà trực tiếp là chủ nghĩa duy v ật 
triết học của Phoiơbắc; đồng thời đã cải tạo chủ nghĩa d"
Tóm tắt luận điểm có các từ khóa sau: chủ nghĩa thực chứng thuộc phần nào của giáo trình.,Chủ nghĩa thực chứng theo cách trình bày của tài liệu được trình bày trong phần các trào lưu triết học phương Tây hiện đại ngoài mácxít.,75770b9b-cdbf-4038-90e2-f25e1f4426fe_triethocmaclenin.pdf,66,Triết học Mác - Lênin,False,classification,MEDIUM,e64426ad37e9624fb426,Chương IV,"n, ch ống chuyên ch ế 
phong kiến thì chủ nghĩa duy lý và chủ nghĩa nhân đạo thống nhất với nhau và đã có vai 
trò lịch sử tiến bộ. 
Dưới chế độ tư bản, tiến bộ của khoa học kỹ thuật đã thúc đẩy sản xuất phát triển 
mạnh mẽ nhưng vẫn không đưa lại ""tự do, bình đẳng, bác ái"". Trái lại, nó còn dẫn đến các 
cuộc khủng hoảng xã h ội, khủng hoảng tinh th ần, khủng hoảng sinh thái, khủng hoảng 
nhân cách ngày càng sâu sắc, đẩy con người vào tình trạng tha hóa toàn diện và nặng nề hơn. 
Trong điều kiện lịch sử đó, triết học phương Tây đã diễn ra sự tách biệt và sự đối 
lập gi ữa ch ủ ngh ĩa duy l ý và chủ nghĩa nhân b ản. Trào l ưu duy khoa h ọc và trào l ưu 
nhân bản phi duy lý dường như là đối lập nhau, nhưng trên thực tế lại bổ sung cho nhau, 
vì chúng đều đều phản ánh nh ững mâu thuẫn cơ bản trong lòng ch ủ nghĩa tư bản hiện 
đại.   
1. Chủ nghĩa thực chứng 
Các triết gia thuộc trào lưu chủ nghĩa duy khoa học chủ trương xây dựng triết học 
theo mô hình ""các khoa h ọc thực ch ứng"". Theo h ọ, tri ết h ọc không nên nghiên c ứu 
những vấn đề như bản chất của sự vật, các quy  luật chung c ủa thế giới, v.v. mà đi tìm 
phương pháp khoa học có hiệu quả nhất, đáng tin cậy nhất mới là nội dung chủ yếu của 
việc nghiên cứu triết học. 
Trong các tr ường phái theo ch ủ ngh ĩa duy khoa h ọc, tr ường phái có ảnh h ưởng 
lớn và lâu nhất là chủ nghĩa thực chứng. 
Các nhà triết học thực chứng cho rằng, chỉ có các hi ện tượng hoặc sự kiện, mới là 
""cái thực chứng"", do đó họ không thừa nhận bất cứ cái gì ngoài hi ện tượng, không thừa 
nhận bản chất của sự vật, họ muốn lẩn tránh vấn đề cơ bản của "
Nguyên nhân và kết quả có quan hệ biện chứng như thế nào?,"Nguyên nhân sinh ra kết quả và xuất hiện trước kết quả, nhưng trong những điều kiện nhất định nguyên nhân và kết quả có thể chuyển hóa vị trí cho nhau.",75770b9b-cdbf-4038-90e2-f25e1f4426fe_triethocmaclenin.pdf,107,Triết học Mác - Lênin,False,relationship,MEDIUM,b85c6295f29c7583bd47,Chương VII,"u do s ự phóng điện giữa hai đám mây tích điện trái d ấu sinh ra. Nh ưng vì v ận 
tốc ánh sáng truy ền trong không gian nhanh h ơn vận tốc tiếng động, do v ậy chúng t a 
thấy chớp trước khi nghe thấy tiếng sấm. Như vậy không phải chớp sinh ra sấm. 
Nguyên nhân sinh ra k ết quả rất phức tạp, bởi vì nó còn ph ụ thuộc vào nhiều điều 
kiện và hoàn cảnh khác nhau. Một kết quả có thể do nhiều nguyên nhân sinh ra. Thí d ụ, 
nguyên nhân của mất mùa có thể do hạn hán, có thể do lũ lụt, có thể do sâu bệnh, có thể 
do chăm bón không đúng kỹ thuật, v.v.. Mặt khác, một nguyên nhân trong những điều kiện 
khác nhau cũng có thể sinh ra những kết quả khác nhau. Thí dụ, chặt phá rừng có thể sẽ 
gây ra nhi ều hậu quả như lũ lụt, hạn hán, thay đổi khí h ậu của cả một vùng, tiêu di ệt 
một số loài sinh v ật, v.v., n ếu nhiều nguyên nhân cùng t ồn tại và tác động cùng chi ều 
trong một sự vật thì chúng sẽ gây ảnh hưởng cùng chiều đến sự hình thành kết quả, làm 
cho kết quả xuất hiện nhanh hơn. Ngược lại nếu những nguyên nhân tác động đồng thời 
theo các hướng khác nhau, thì s ẽ cản trở tác dụng của nhau, thậm chí triệt tiêu tác dụng 
của nhau. Điều đó sẽ ngăn cản sự xuất hiện của kết quả. Do v ậy trong ho ạt động thực 
tiễn cần phải phân tích vai trò của từng loại nguyên nhân, để có thể chủ động tạo ra điều 
kiện thuận lợi cho những nguyên nhân quy định sự xuất hiện của kết quả (mà con người 
mong muốn) phát huy t ác dụng. Thí d ụ, trong n ền kinh t ế nhiều thành ph ần, hoạt động 
theo cơ chế thị trường, định hướng xã hội chủ nghĩa ở nước ta hiện nay, mỗi thành phần 
kinh tế đều có vị trí nhất đ"
Trình bày nội dung trọng tâm của giáo trình về triết học ra đời từ những nguồn gốc nào.,"Triết học ra đời theo cách trình bày của tài liệu từ thực tiễn, do nhu cầu của thực tiễn, với nguồn gốc nhận thức và nguồn gốc xã hội.",75770b9b-cdbf-4038-90e2-f25e1f4426fe_triethocmaclenin.pdf,4,Triết học Mác - Lênin,False,cause,MEDIUM,0f782ea2b046edf55923,Chương I,"Khái quát l ại, có th ể hiểu: Triết học là hệ thống tri th ức lý lu ận chung nh ất của 
con người về thế giới; về vị trí, vai trò của con người trong thế giới ấy. 
Triết học ra đời do hoạt động nhận thức của con người phục vụ nhu cầu sống; song, 
với tư cách là hệ thống tri thức lý luận chung nh ất, triết học chỉ có thể xuất hiện trong 
những điều kiện nhất định sau đây: 
Con người đã phải có một vốn hiểu biết nhất định và đạt đến khả năng rút ra được 
cái chung trong muôn vàn những sự kiện, hiện tượng riêng lẻ.  
Xã hội đã phát triển đến thời kỳ hình thành tầng lớp lao động trí óc. H ọ đã nghiên 
cứu, hệ thống hóa các quan điểm, quan niệm rời rạc lại thành học thuyết, thành lý luận và 
triết học ra đời. 
Tất cả những điều trên cho thấy: Triết học ra đời từ thực tiễn, do nhu cầu của thực 
tiễn; nó có nguồn gốc nhận thức và nguồn gốc xã hội. 
b) Đối tượng của triết học  
Trong quá trình phát tri ển, đối t ượng c ủa tri ết h ọc thay đổi theo t ừng giai đoạn 
lịch sử. 
Ngay từ khi mới ra đời, triết học được xem là hình thái cao nh ất của tri thức, bao 
hàm trong nó tri th ức về tất cả các l ĩnh vực không có đối tượng riêng. Đây là nguyên 
nhân sâu xa l àm nảy sinh quan ni ệm cho r ằng, triết h ọc l à khoa học của mọi khoa 
học, đặc biệt là ở triết học t ự nhiên c ủa Hy L ạp c ổ đại. Thời kỳ này, tri ết h ọc đã đạt 
được nhiều thành tựu rực rỡ mà ảnh hưởng của nó còn in đậm đối với sự phát triển của 
tư tưởng triết học ở Tây Âu. 
Thời kỳ trung cổ, ở Tây Âu khi quyền lực của Giáo hội bao trùm mọi lĩnh vực đời 
sống xã hội thì triết học trở thành nô lệ của thần học. Nền triết học"
Tóm tắt luận điểm có các từ khóa sau: giai đoạn Lênin có ý nghĩa gì đối với triết học Mác.,"Giai đoạn Lênin là theo cách trình bày của tài liệu sự bảo vệ, bổ sung và phát triển triết học Mác trong điều kiện lịch sử mới.",75770b9b-cdbf-4038-90e2-f25e1f4426fe_triethocmaclenin.pdf,63,Triết học Mác - Lênin,False,history,MEDIUM,d27a9f933a1652e08399,Chương III,"hủ nghĩa thần bí, 
phép biện chứng trở thành một tất yếu tuyệt đối với khoa học tự nhiên, khoa học này đã 
rời bỏ địa hạt mà trước kia trong đó chỉ có nh ững phạm trù c ố định cũng đủ. Sự phát 
triển mạnh mẽ của khoa h ọc ngày nay càng ch ứng tỏ sự cần thiết phải có t ư duy bi ện 
chứng duy vật và ngược lại phải phát triển lý luận triết học của chủ nghĩa Mác dựa trên 
những thành tựu của khoa học hiện đại. 
5. Giai đoạn Lênin trong sự phát triển triết học Mác 
Sau C.Mác và Ph. Ăngghen, triết h ọc Mác được Lênin b ổ sung và phát tri ển một 
cách sáng tạo trong tình hình mới. 
V.I.Lênin (1870 - 1924) đã vận dụng sáng t ạo học thuyết của Mác để giải quyết 
những vấn đề của cách m ạng vô s ản trong thời đại chủ nghĩa đế quốc và bước đầu xây 
dựng chủ nghĩa xã hội. Ông đã có đóng góp to lớn vào sự phát triển lý luận của chủ nghĩa 
Mác nói chung, triết học Mác nói riêng. 
Trong những tác phẩm lớn ban đầu của mình, như Những ""người bạn dân"" là th ế 
nào và h ọ đấu tranh ch ống những người dân chủ - xã h ội ra sao? và Nội dung kinh t ế 
của chủ nghĩa dân tuý và sự phê phán trong cuốn sách của ông Xtơruvê về nội dung đó, 
Lênin đã v ạch tr ần b ản chất ph ản cách m ạng, gi ả danh ""ng ười b ạn c ủa dân"" c ủa phái 
dân tuý Nga vào nh ững n ăm 90 c ủa th ế k ỷ XIX. V ề tri ết h ọc ông đã phê phán quan 
điểm duy tâm ch ủ quan v ề l ịch s ử c ủa nh ững nhà dân tuý. Trong cu ộc đấu tranh đó, 
Lênin không những đã bảo vệ chủ nghĩa Mác kh ỏi sự xuyên t ạc của những người dân 
tuý mà còn phát triển, làm phong phú thêm quan điểm duy vật lịch sử, nhất là lý luận về 
hình thái kinh tế - xã hội "
"Theo giáo trình, đặc điểm của tâm lý xã h ội là gì?","Đặc điểm của tâm lý xã h ội là phản ánh m ột cách trực ti ếp điều ki ện sinh sống hàng ngày của con người, là sự phản ánh có tính chất tự phát, thường ghi lại những mặt bề ngoài của tồn tại xã hội.",75770b9b-cdbf-4038-90e2-f25e1f4426fe_triethocmaclenin.pdf,188,Triết học Mác - Lênin,False,definition,MEDIUM,3f6540502b0db8492b80,Chương XIII,"ý thức lý luận là những tư tưởng, quan điểm đã được hệ thống hóa, khái quát hóa 
thành các học thuyết xã hội, được trình bày d ưới dạng những khái niệm, phạm trù, quy 
luật. ý thức lý luận (lý luận khoa học) có khả năng phản ánh hiện thực khách quan m ột 
cách khái quát, sâu sắc và chính xác, vạch ra các mối liên hệ bản chất của các sự vật và 
hiện tượng. ý th ức lý lu ận đạt trình độ cao và mang tính h ệ thống tạo thành các h ệ tư 
tưởng.  
Quan hệ giữa tâm lý xã hội và hệ tư tưởng. 
Tâm lý xã h ội bao gồm toàn bộ tình cảm, ước muốn, tâm trạng, t ập quán... c ủa 
con ng ười, c ủa m ột b ộ ph ận xã h ội ho ặc của toàn xã hội hình thành d ưới ảnh hưởng 
trực tiếp của đời sống hàng ngày của họ và phản ánh đời sống đó. 
Đặc điểm của tâm lý xã h ội là ph ản ánh m ột cách tr ực ti ếp điều ki ện sinh s ống 
hàng ngày của con người, là sự phản ánh có tính chất tự phát, thường ghi lại những mặt 
bề ngoài của tồn tại xã hội. Nó không có kh ả năng vạch ra đầy đủ, rõ ràng, sâu s ắc bản 
chất các mối quan hệ xã hội của con người.  
Những quan ni ệm c ủa con ng ười ở trình  độ t âm l ý x ã h ội còn mang t ính kinh 
nghiệm, chưa được thể hiện về mặt lý luận, yếu tố trí tuệ đan xem với yếu tố tình cảm. Tuy 
nhiên, không thể phủ nhận vai trò quan tr ọng của tâm lý xã hội trong sự phát triển của ý 
thức xã h ội. C.Mác, Ph.Ăngghen, V.I.Lênin và H ồ Chí Minh r ất coi tr ọng việc nghiên 
cứu trạng thái tâm lý xã hội của nhân dân để hiểu nhân dân, giáo dục nhân dân, đưa nhân 
dân tham gia tích cực, tự giác vào cuộc đấu tranh cho một xã hội tốt đẹp. 
Hệ tư tưởng là trình độ nhận thức lý luận về "
Trình bày nội dung trọng tâm của giáo trình về quy luật xã hội có đặc điểm gì so với quy luật tự nhiên.,"Quy luật xã hội theo cách trình bày của tài liệu tồn tại và tác động thông qua hoạt động của con người, thường biểu hiện như những xu hướng khách quan trong những điều kiện lịch sử nhất định.",75770b9b-cdbf-4038-90e2-f25e1f4426fe_triethocmaclenin.pdf,149,Triết học Mác - Lênin,False,comparison,MEDIUM,68ed726010b9dafb153a,Chương X," ằng hệ thống tự nhiên - xã h ội không tách kh ỏi việc 
nhận thức quy luật của xã hội và sử dụng những quy luật xã hội. 
2. Đặc điểm của quy luật xã hội 
Với tư cách là một bộ phận đặc thù của tự nhiên, xã hội vừa phải tuân theo những 
quy luật của tự nhiên, vừa phải tuân theo những quy luật ch ỉ v ốn có đối v ới xã h ội. 
Cũng nh ư các quy l uật t ự nhiên, các quy luật xã hội mang tính khách quan. Song, lịch 
sử phát triển của xã hội, về căn bản khác với lịch sử phát triển của tự nhiên ở một điểm: 
""Trong tự nhiên (ch ừng nào chúng ta không xét đến ảnh hưởng ngược trở lại của con 
người đối với tự nhiên) chỉ có những nhân tố vô ý thức và mù quáng tác động lẫn nhau, 
và chính trong s ự tác động lẫn nhau ấy mà quy luật chung biểu hiện ra... Trái l ại, trong 
lịch s ử xã h ội, nhân t ố ho ạt động hoàn toàn ch ỉ là nh ững con ng ười có ý th ức, hành 
động có suy ngh ĩ hay có nhi ệt tình theo đuổi những mục đích nhất định, thì không có gì 
xảy ra mà lại không có ý định tự giác, không có mục đích mong muốn""1. 
Do vậy, quy lu ật xã hội chẳng qua ch ỉ là quy lu ật hoạt động của con ng ười theo 
đuổi mục đích của mình. Mặc dù vậy, quy luật xã hội vẫn mang tính khách quan. 
Tính khách quan của quy luật xã hội thể hiện ở chỗ, tuy quy luật xã hội được biểu 
hiện thông qua ho ạt động của con ng ười nhưng nó không ph ụ thuộc vào ý th ức, ý chí 
của bất kỳ một cá nhân, hay một lực lượng xã hội nào. Bởi vì, bằng hoạt động thực tiễn, 
con người tạo ra xã hội, làm nên lịch sử; song, những hoạt động của con người được thực 
hiện trong những điều kiện sinh hoạt vật chất nhất định, trong những"
Trình bày nội dung trọng tâm của giáo trình về xã hội được xem là bộ phận đặc thù của tự nhiên.,"Vì xã hội nảy sinh từ tự nhiên, tồn tại trong quan hệ với tự nhiên, nhưng có đặc thù được hiểu là hoạt động có ý thức và quan hệ xã hội của con người.",75770b9b-cdbf-4038-90e2-f25e1f4426fe_triethocmaclenin.pdf,148,Triết học Mác - Lênin,False,cause,MEDIUM,490e0fd9520f05eeec47,Chương X,"I- Xã hội - bộ phận đặc thù của tự nhiên 
1. Sự tác động qua lại giữa xã hội và tự nhiên 
Tự nhiên, theo ngh ĩa rộng là toàn b ộ thế giới vật chất vô cùng, vô t ận. Quá trình 
phát triển c ủa t ự nhiên đã s ản sinh ra s ự s ống và theo quy lu ật ti ến hóa, trong nh ững 
điều kiện nhất định, con người đã xuất hiện từ động vật. 
Sự hình thành con ng ười gắn liền với sự hình thành các q uan hệ giữa người với 
người, quá trình chuy ển biến từ động vật thành ng ười cũng là quá trình chuy ển biến từ 
cộng đồng mang tính bầy đàn, hành động theo bản năng thành một cộng đồng mang tính 
bầy đàn, hành động theo bản năng thành một cộng đồng mới khác hẳn về chất, ta gọi là xã 
hội. 
Vậy xã h ội là bi ểu hiện tổng số những mối liên hệ và nh ững quan h ệ của các c á 
nhân, ""là sản phẩm của sự tác động qua lại giữa những con người""1. 
Hệ th ống t ự nhiên - xã h ội là m ột chỉnh th ể trong đó những yếu tố t ự nhiên và  
những yếu tố xã hội tác động qua lại lẫn nhau, quy định sự tồn tại và phát triển của nhau. 
Tự nhiên v ừa là ngu ồn gốc của sự xuất hiện xã h ội vừa là môi tr ường tồn tại và 
phát triển của xã hội. 
Là môi tr ường t ồn t ại và phát tr iển c ủa xã h ội vì ch ỉ có t ự nhiên m ới cung c ấp 
được những điều kiện cần thiết nhất cho sự sống của con người và cũng chỉ có tự nhiên 
mới cung cấp được những điều kiện cần thiết nhất cho các hoạt động sản xuất xã hội.  
Xã hội gắn bó với tự nhiên thông qua quá trình hoạt động thực tiễn của con người, 
trước hết là quá trình lao động sản xuất. Lao động là đặc trưng cơ bản đầu tiên phân biệt 
hoạt động của người với động vật. Song, lao độ"
Trình bày nội dung trọng tâm của giáo trình về vì sao triết học thời cổ đại từng được xem là khoa học của mọi khoa học.,"Vì khi mới ra đời, triết học được xem được hiểu là hình thái cao nhất của tri thức, bao hàm tri thức về hầu hết các lĩnh vực và chưa có đối tượng riêng tách biệt.",75770b9b-cdbf-4038-90e2-f25e1f4426fe_triethocmaclenin.pdf,4,Triết học Mác - Lênin,False,history,MEDIUM,424802a6008f757f8e82,Chương I,"Khái quát l ại, có th ể hiểu: Triết học là hệ thống tri th ức lý lu ận chung nh ất của 
con người về thế giới; về vị trí, vai trò của con người trong thế giới ấy. 
Triết học ra đời do hoạt động nhận thức của con người phục vụ nhu cầu sống; song, 
với tư cách là hệ thống tri thức lý luận chung nh ất, triết học chỉ có thể xuất hiện trong 
những điều kiện nhất định sau đây: 
Con người đã phải có một vốn hiểu biết nhất định và đạt đến khả năng rút ra được 
cái chung trong muôn vàn những sự kiện, hiện tượng riêng lẻ.  
Xã hội đã phát triển đến thời kỳ hình thành tầng lớp lao động trí óc. H ọ đã nghiên 
cứu, hệ thống hóa các quan điểm, quan niệm rời rạc lại thành học thuyết, thành lý luận và 
triết học ra đời. 
Tất cả những điều trên cho thấy: Triết học ra đời từ thực tiễn, do nhu cầu của thực 
tiễn; nó có nguồn gốc nhận thức và nguồn gốc xã hội. 
b) Đối tượng của triết học  
Trong quá trình phát tri ển, đối t ượng c ủa tri ết h ọc thay đổi theo t ừng giai đoạn 
lịch sử. 
Ngay từ khi mới ra đời, triết học được xem là hình thái cao nh ất của tri thức, bao 
hàm trong nó tri th ức về tất cả các l ĩnh vực không có đối tượng riêng. Đây là nguyên 
nhân sâu xa l àm nảy sinh quan ni ệm cho r ằng, triết h ọc l à khoa học của mọi khoa 
học, đặc biệt là ở triết học t ự nhiên c ủa Hy L ạp c ổ đại. Thời kỳ này, tri ết h ọc đã đạt 
được nhiều thành tựu rực rỡ mà ảnh hưởng của nó còn in đậm đối với sự phát triển của 
tư tưởng triết học ở Tây Âu. 
Thời kỳ trung cổ, ở Tây Âu khi quyền lực của Giáo hội bao trùm mọi lĩnh vực đời 
sống xã hội thì triết học trở thành nô lệ của thần học. Nền triết học"
Mạng 5G khác mạng 4G ở điểm nào?,Tôi chưa tìm thấy thông tin này trong tài liệu đã được huấn luyện.,,,Triết học Mác - Lênin,True,out_of_scope,MEDIUM,772668f6d8a1dd3d252d,OUT_OF_SCOPE,
Ôn tập mục kiến thức có các từ khóa: nguyên nhân sâu xa cách mạng.,Nguyên nhân sâu xa theo cách trình bày của tài liệu của cách mạng xã hội là mâu thuẫn giữa lực lượng sản xuất đã phát triển với quan hệ sản xuất cũ trở nên lỗi thời và kìm hãm lực lượng sản xuất.,75770b9b-cdbf-4038-90e2-f25e1f4426fe_triethocmaclenin.pdf,182,Triết học Mác - Lênin,False,cause,MEDIUM,b7bf59f4b9acd9e31a78,Chương XII,"Nguyên nhân sâu xa c ủa cách mạng xã h ội là mâu thuẫn giữa lực lượng sản xuất 
và quan h ệ sản xuất. Lực lượng sản xuất phát triển đến một mức độ nhất định thì quan 
hệ sản xuất cũ trở nên l ỗi thời, kìm hãm sự phát tri ển của các l ực lượng sản xuất. “Từ 
chỗ là nh ững hình th ức phát tri ển c ủa các l ực l ượng s ản xu ất, nh ững quan h ệ ấy tr ở 
thành những xiềng xích c ủa các l ực lượng sản xuất. Khi đó bắt đầu thời đại một cuộc 
cách mạng xã hội”1. 
Trong xã h ội có giai c ấp, mâu thuẫn giữa lực lượng sản xuất và quan h ệ sản xuất 
biểu hi ện v ề m ặt xã h ội thành m âu thu ẫn gi ữa giai c ấp cách m ạng, đại bi ểu cho l ực 
lượng sản xuất mới với giai c ấp thống trị dùng m ọi thủ đoạn, đặc biệt là s ử dụng công 
cụ nhà nước có trong tay để bảo vệ, duy trì quan h ệ sản xuất lỗi thời. Để thay thế quan 
hệ sản xuất cũ bằng quan hệ sản xuất mới cao hơn và làm cho nó trở thành quan hệ sản 
xuất th ống tr ị nh ằm g iải phóng mình, giai c ấp cách  m ạng ph ải ti ến hành đấu tranh 
chống lại giai c ấp thống trị, phải giành l ấy chính quy ền nhà n ước. Do v ậy, cách m ạng 
xã hội là đỉnh cao của đấu tranh giai cấp và là bước nhảy vọt tất yếu trong sự phát triển 
của xã hội có giai cấp; vấn đề chính quyền là vấn đề cơ bản của mọi cuộc cách mạng xã 
hội. 
c) Vai trò của cách mạng xã hội 
Các cuộc cách m ạng xã h ội có v ai trò to l ớn trong đời sống xã h ội. Chỉ có cách  
mạng xã hội mới thay thế được quan hệ sản xuất cũ bằng quan hệ sản xuất mới, tiến bộ, 
thúc đẩy lực lượng sản xuất phát triển; mới thay thế được hình thái kinh t ế - xã h ội cũ 
bằng hình thái kinh t ế - xã h "
React reconciliation hoạt động ra sao?,Tôi chưa tìm thấy thông tin này trong tài liệu đã được huấn luyện.,,,Triết học Mác - Lênin,True,out_of_scope,MEDIUM,6bb8089546963b8187cd,OUT_OF_SCOPE,
Trình bày nội dung trọng tâm của giáo trình về thế giới quan.,"Thế giới quan được hiểu là toàn bộ những quan niệm của con người về thế giới, về bản thân con người, về cuộc sống và vị trí của con người trong thế giới đó.",75770b9b-cdbf-4038-90e2-f25e1f4426fe_triethocmaclenin.pdf,6,Triết học Mác - Lênin,False,definition,MEDIUM,ff009aad5210e99bd6a4,Chương I,"Giải quyết vấn đề cơ bản của triết học không chỉ xác định được nền tảng và điểm 
xuất phát để giải quyết các vấn đề khác của triết học mà nó còn là tiêu chuẩn để xác định 
lập trường, thế giới quan của các triết gia và học thuyết của họ. 
Vấn đề cơ bản của triết học có hai mặt, mỗi mặt phải trả lời cho một câu hỏi lớn. 
Mặt thứ nhất: Giữa ý thức và vật chất thì cái nào có trước, cái nào có sau, cái nào 
quyết định cái nào? 
Mặt thứ hai: Con người có khả năng nhận thức được thế giới hay không? 
Trả lời cho hai câu hỏi trên liên quan mật thiết đến việc hình thành các trường phái 
triết học và các học thuyết về nhận thức của triết học. 
II- Chức năng thế giới quan của triết học 
1. Triết học - hạt nhân lý luận của thế giới quan 
Thế giới quan là toàn bộ những quan niệm của con người về thế giới, về bản thân 
con người, về cuộc sống và vị trí của con người trong thế giới đó. 
Trong th ế gi ới quan có s ự hoà nh ập gi ữa tri th ức và ni ềm tin. Tri th ức là c ơ s ở 
trực tiếp cho sự hình thành th ế giới quan, song nó ch ỉ gia nhập thế giới quan khi nó đã 
trở thành niềm tin định hướng cho hoạt động của con người. 
Có nhiều cách tiếp cận để nghiên cứu về thế giới quan. Nếu xét theo quá trình phát 
triển thì có th ể chia th ế giới quan thành ba loại hình cơ bản: Thế giới quan huyền thoại, 
thế giới quan tôn giáo và thế giới quan triết học. 
Thế gi ới quan huy ền thoại là phương thức cảm nh ận th ế gi ới c ủa ng ười nguyên 
thủy. ở thời kỳ này, các y ếu tố tri t hức và c ảm xúc, lý trí v à tín ng ưỡng, hi ện thực và 
tưởng tượng, cái thật và cái ảo, cái thần và cái người, v.v. của "
Phương pháp siêu hình nhận thức đối tượng như thế nào?,"Phương pháp siêu hình nhận thức đối tượng trong trạng thái cô lập, tách rời, tĩnh tại và thường chỉ thấy biến đổi về lượng do nguyên nhân bên ngoài.",75770b9b-cdbf-4038-90e2-f25e1f4426fe_triethocmaclenin.pdf,10,Triết học Mác - Lênin,False,definition,MEDIUM,92d0da862be99826a9ff,Chương I,"Phương pháp bi ện ch ứng ph ản ánh ""bi ện ch ứng khách quan"" trong s ự v ận động, phát 
triển của thế giới. Lý luận triết học của phương pháp đó được gọi là ""phép biện chứng"". 
1. Sự đối lập giữa phương pháp siêu hình và phương pháp biện chứng 
a) Phương pháp siêu hình 
Phương pháp siêu hình là phương pháp: 
+ Nhận thức đối tượng ở trạng thái cô lập, tách rời đối tượng ra khỏi các chỉnh thể 
khác và giữa các mặt đối lập nhau có một ranh giới tuyệt đối. 
+ Nhận thức đối tượng ở trạng thái t ĩnh tại; nếu có sự biến đổi thì đấy chỉ là s ự 
biến đổi về số lượng, nguyên nhân của sự biến đổi nằm ở bên ngoài đối tượng. 
Phương pháp siêu hình làm  cho con ng ười ""chỉ nhìn thấy những sự vật riêng bi ệt 
mà không nhìn th ấy mối liên h ệ qua l ại giữa những sự vật ấy, chỉ nhìn th ấy sự tồn tại 
của những sự vật ấy mà không nhìn th ấy sự phát sinh và s ự tiêu vong c ủa những sự vật 
ấy, ch ỉ nhìn th ấy tr ạng thái t ĩnh c ủa nh ững s ự v ật ấy m à quên m ất s ự v ận động c ủa 
những sự vật ấy, chỉ nhìn thấy cây mà không thấy rừng""1. 
Phương pháp siêu hình bắt nguồn từ chỗ muốn nhận thức một đối tượng nào trước 
hết con người cũng phải tách đối tượng ấy ra khỏi những mối liên hệ và nhận thức nó ở 
trạng thái không bi ến đổi trong m ột không gian và th ời g ian xác định. Song ph ương 
pháp siêu hình chỉ có tác dụng trong một phạm vi nhất định bởi hiện thực không rời rạc 
và ngưng đọng như phương pháp này quan niệm. 
b) Phương pháp biện chứng  
Phương pháp biện chứng là phương pháp: 
+ Nhận thức đối tượng ở trong các m ối liên hệ với nhau, ảnh hưởng nhau, ràng 
buộc nhau. 
+ Nhận thức đối"
Trình bày nội dung trọng tâm của giáo trình về thuyết không thể biết phủ nhận điều gì.,Thuyết không thể biết theo cách trình bày của tài liệu phủ nhận hoặc nghi ngờ khả năng con người nhận thức được bản chất của thế giới.,75770b9b-cdbf-4038-90e2-f25e1f4426fe_triethocmaclenin.pdf,9,Triết học Mác - Lênin,False,definition,MEDIUM,6f32d8c64b07d4d3048c,Chương I,"ọi là nhất nguyên luận (nhất nguyên luận duy vật 
hoặc nhất nguyên luận duy tâm).  
Trong lịch sử triết học cũng có nh ững nhà tri ết học xem vật chất và tin h thần là 
hai nguyên thể tồn tại độc lập, tạo thành hai nguồn gốc của thế giới; học thuyết triết học 
của họ là nhị nguyên luận. Lại có nhà tri ết học cho rằng vạn vật trong thế giới là do vô 
số nguyên th ể độc l ập t ạo nên; đó là đa nguyên lu ận  trong tri ết h ọc (phân bi ệt v ới 
thuyết đa nguyên chính tr ị). Song đó chỉ là bi ểu hiện tính không tri ệt để về lập trường 
thế giới quan; rốt cuộc chúng thường sa vào chủ nghĩa duy tâm. 
Như vậy, trong lịch sử tuy những quan điểm triết học biểu hiện đa dạng nhưng suy 
cho cùng, triết học chia thành hai trường phái chính: chủ nghĩa duy vật và chủ nghĩa duy 
tâm. Lịch sử triết học cũng là lịch sử đấu tranh c ủa hai trường phái này. 
b) Thuyết không thể biết 
Đây là k ết quả của cách giải quyết mặt thứ hai v ấn đề cơ bản của triết học. Đối 
với câu hỏi ""Con người có thể nhận thức được thế giới hay không?"", tuyệt đại đa số các 
nhà triết học (cả duy vật và duy tâm) trả lời một cách khẳng định: thừa nhận khả năng nhận 
thức thế giới của con người. Học thuyết triết học phủ nhận khả năng nhận thức của con 
người được gọi là thuyết không thể biết. Theo thuyết này, con người không thể hiểu được 
đối tượng hoặc có hiểu chăng chỉ là hiểu hình thức bề ngoài vì tính xác thực các hình ảnh 
về đối tượng mà các giác quan của con người cung cấp trong quá trình nh ận thức không 
bảo đảm tính chân thực. 
Tính tương đối của nhận thức dẫn đến việc ra đời của trào lưu hoài nghi lu ận từ 
t"
Trình bày nội dung trọng tâm của giáo trình về sản xuất vật chất có vai trò gì đối với xã hội.,"Sản xuất vật chất được hiểu là cơ sở của sự tồn tại và phát triển xã hội, vì nó tạo ra điều kiện vật chất cho đời sống con người.",75770b9b-cdbf-4038-90e2-f25e1f4426fe_triethocmaclenin.pdf,151,Triết học Mác - Lênin,False,definition,MEDIUM,a804800d1475800708d3,Chương X,"uá trình t ồn tại và phát triển, con người không thỏa mãn với những cái đã 
có sẵn trong giới tự nhiên, mà luôn luôn ti ến hành sản xuất vật chất nhằm tạo ra các t ư 
liệu sinh hoạt thỏa mãn nhu cầu ngày càng phong phú, đa dạng của con người. Việc sản 
xuất ra các t ư liệu sinh hoạt là yêu c ầu khách quan c ủa đời sống xã hội. Bằng việc ""sản 
xuất ra nh ững t ư li ệu sinh ho ạt c ủa mình, nh ư th ế con ng ười đã gián ti ếp s ản xu ất ra 
chính đời sống vật chất của mình""1. 
Trong quá trình s ản xuất ra của cải vật chất cho sự tồn tại và phát tri ển của mình, 
con người đồng thời sáng tạo ra toàn bộ các mặt của đời sống xã hội. Tất cả các quan hệ 
xã hội về nhà nước, pháp quyền, đạo đức, nghệ thuật, tôn giáo, v.v. đều hình thành, biến 
đổi trên cơ sở sản xuất vật chất. Khái quát lịch sử phát triển của nhân loại, C.Mác đã kết 
luận: ""Việc sản xuất ra những tư liệu sinh hoạt vật chất trực tiếp và chính, mỗi một giai 
đoạn phát triển kinh tế nhất định của một dân t ộc hay một thời đại tạo ra một cơ sở, từ 
đó mà người ta phát triển các th ể chế nhà n ước, các quan điểm pháp quy ền, nghệ thuật 
và thậm chí cả những quan niệm tôn giáo của con người ta""2. 
Trong quá trình s ản xuất vật chất, con người không ngừng làm biến đổi tự nhiên, 
biến đổi xã hội, đồng thời làm biến đổi bản thân mình. Sản xuất vật chất không ng ừng 
phát triển. Sự phát triển của sản xuất vật chất quyết định sự biến đổi, phát triển các mặt 
của đời sống xã hội, quyết định phát triển xã hội từ thấp đến cao. Chính vì vậy, phải tìm 
cơ sở sâu xa của các hiện tượng xã hội ở trong nền sản xuất vật chất của xã hội."
Hãy giải thích kiến thức Triết học Mác - Lênin liên quan đến cá nhân.,"Cá nhân là con theo cách trình bày của tài liệu người cụ thể, riêng biệt, tồn tại với tư cách một chỉnh thể thống nhất giữa đặc điểm sinh học và xã hội.",75770b9b-cdbf-4038-90e2-f25e1f4426fe_triethocmaclenin.pdf,207,Triết học Mác - Lênin,False,definition,MEDIUM,82844586c2c2e8dc96e3,Chương XIV," thức hướng con 
người tới hoạt động vật chất. Đó là biện chứng của mối quan hệ giữa con người và hoàn 
cảnh trong bất kỳ giai đoạn nào của lịch sử xã hội loài người. 
II- Quan hệ giữa cá nhân và xã hội 
1. Khái niệm cá nhân và nhân cách 
Cá nhân là khái ni ệm chỉ con ng ười c ụ th ể s ống trong một xã h ội nh ất định và 
được phân bi ệt v ới các cá th ể khác thông qua tính đơn nh ất và tính ph ổ bi ến c ủa nó. 
Khái niệm cá nhân c ũng được phân biệt với khái niệm con người, vì con ng ười là khái 
niệm dùng để chỉ tính phổ biến trong bản chất người của tất cả các cá nhân. 
Xã hội do các cá nhân t ạo nên. Các cá nhân s ống và ho ạt động trong các nhóm, 
cộng đồng và tập đoàn xã hội khác nhau, mang tính lịch sử xác định. Yếu tố xã hội là đặc 
trưng căn bản để hình thành cá nhân.  
Như vậy, cá nhân là một chỉnh thể đơn nhất, vừa mang tính cá biệt vừa mang tính 
phổ biến, là chủ thể của lao động, của mọi quan hệ xã hội và của nhận thức nhằm thực 
hiện chức năng cá nhân và ch ức năng xã h ội trong m ột giai đoạn phát tri ển nhất định 
của lịch sử xã hội. 
Nhân cách là khái ni ệm ch ỉ bản s ắc độc đáo, ri êng biệt của mỗi cá nhân, là n ội 
dung và tính ch ất bên trong c ủa mỗi cá nhân. B ởi vậy, nếu cá nhân là khái ni ệm chỉ sự 
khác biệt giữa cá thể với giống loài thì nhân cách là khái niệm chỉ sự khác biệt giữa các 
cá nhân. Cá nhân là phương thức biểu hiện của giống loài còn nhân cách vừa là nội dung, 
vừa là cách thức biểu hiện của mỗi cá nhân riêng biệt. 
Nhân cách biểu hiện thế giới cái tôi của mỗi cá nhân, là sự tổng hợp của các yếu tố 
sinh học, tâm lý, xã hội, tạo nên đặ"
Ý thức có kết cấu gồm những mặt nào theo giáo trình?,"Ý thức có thể được xem xét theo các yếu tố như tri thức, tình cảm, ý chí và theo chiều sâu nội tâm như tự ý thức, tiềm thức, vô thức.",75770b9b-cdbf-4038-90e2-f25e1f4426fe_triethocmaclenin.pdf,90,Triết học Mác - Lênin,False,listing,MEDIUM,9992b679e980af6e8a62,Chương V," công cụ để tác động vào 
hiện thực khách quan nhằm thực hiện mục đích của mình. 
Tính sáng t ạo của ý th ức là sáng t ạo của sự phản ánh, theo quy lu ật của sự phản 
ánh mà kết quả bao giờ cũng là những khách thể tinh thần. Sáng tạo và phản ánh là hai 
mặt thu ộc b ản ch ất ý  th ức. ý th ức là s ự ph ản ánh và chính th ực ti ễn xã h ội c ủa con  
người tạo ra sự phản ánh phức tạp, năng động, sáng tạo của bộ óc. 
ý thức là một hiện tượng xã hội. Sự ra đời, tồn tại của ý thức gắn liền với hoạt động 
thực tiễn, chịu sự chi phối không chỉ các quy luật sinh học mà chủ yếu là của quy luật xã 
hội, do nhu cầu giao tiếp xã hội và các điều kiện sinh hoạt hiện thực của con người quy 
định. ý thức mang bản chất xã hội.  
3. Kết cấu của ý thức 
ý thức là m ột hiện tượng tâm lý - x ã hội có kết cấu rất phức tạp. Có nhi ều cách 
tiếp cận để nghiên c ứu về kết cấu của ý th ức song ở đây chúng ta ch ỉ nghiên c ứu theo 
các yếu tố hợp thành và theo chiều sâu của nội tâm. 
a) Theo các yếu tố hợp thành 
Theo các yếu tố hợp thành, ý thức bao gồm các yếu tố cấu thành như tri thức, tình 
cảm, niềm tin, lý trí, ý chí... trong đó tri thức là yếu tố cơ bản, cốt lõi. 
Tri thức là kết quả quá trình nhận thức của con người về thế giới hiện thực, làm tái 
hiện trong t ư tưởng những thuộc tính, những quy luật của thế giới ấy và diễn đạt chúng 
dưới hình th ức ngôn ng ữ hoặc các h ệ thống ký hi ệu khác. Tri th ức có nhi ều loại khác 
nhau nh ư tri th ức v ề t ự nhiên, v ề xã h ội, về con ng ười. Tri th ức có nhi ều cấp độ khác 
nhau như: Tri th ức thông th ường được hình thành do hoạt động hàng ngày c "
"Theo giáo trình, đầu và địa vị độc tôn của người phụ nữ trong sản xuất chính là gì?",Chế độ quần hôn thời kỳ đầu và địa vị độc tôn của người phụ nữ trong sản xuất chính là cơ sở hình thành hình thức thị t ộc m ẫu quy ền đầu tiên trong l ịch sử.,75770b9b-cdbf-4038-90e2-f25e1f4426fe_triethocmaclenin.pdf,163,Triết học Mác - Lênin,False,definition,MEDIUM,4a2a1dd460b8742b9f50,Chương XI,"I- Những hình thức cộng đồng người trong lịch sử 
1. Những hình thức cộng đồng người trước dân tộc 
Để tồn tại và phát triển, con người phải gắn kết với nhau thành những cộng đồng. 
Trong quá trình phát tri ển của xã hội, trước khi dân tộc ra đời, các hình thức cộng đồng 
người cũng biến đổi từ thị tộc đến bộ lạc, bộ tộc. 
a) Thị tộc 
Là cộng đồng người (gồm khoảng vài tr ăm người) có cùng một huyết thống. Thị 
tộc là một đơn vị sản xuất và là một hình thức tồn tại cơ bản của xã hội nguyên thuỷ. Do 
trình độ của lực lượng sản xuất chưa phát triển, nguồn sống chủ yếu dựa vào trồng trọt 
và chăn nuôi, vì vậy vai trò của người phụ nữ trong thị tộc có một vị trí đặc biệt. Chế độ 
quần hôn th ời kỳ đầu và địa vị độc tôn của người phụ nữ trong s ản xuất chính là c ơ sở 
hình thành hình th ức th ị t ộc m ẫu quy ền đầu tiên trong l ịch s ử. S ự phát tri ển c ủa l ực 
lượng sản xuất đã làm thay đổi vị trí của người đàn ông trong ch ế độ thị tộc. Hình thức 
thị tộc phụ quyền đã ra đời thay thế hình th ức thị tộc mẫu quyền. Thị tộc là hình th ức 
cộng đồng người đầu tiên trong lịch sử. 
Ngoài đặc trưng chung về huyết thống là ch ủ y ếu, thị t ộc còn có nh ững quan h ệ 
cộng đồng về ngôn ngữ, tập quán, tín ngưỡng, v ăn hóa. Mỗi thị tộc có khu v ực cư trú, 
vùng săn bắt và tên gọi riêng. 
Cơ sở tồn tại về kinh t ế của thị tộc là quy ền sở hữu chung v ề tư liệu sản xuất và 
tài s ản. H ọ cùng lao động và m ọi s ản ph ẩm được chia đều cho t ất c ả các thành viên 
trong thị tộc. 
Lãnh đạo thị tộc là m ột hội đồng thị tộc, đứng đầu là t ộc trưởng được mọi người 
bầu ra. Vi ệc quản lý điều h"
Trình bày nội dung trọng tâm của giáo trình về chủ nghĩa hiện sinh nhấn mạnh vấn đề gì.,"Chủ nghĩa hiện sinh theo cách trình bày của tài liệu thường nhấn mạnh sự tồn tại cá nhân, thân phận con người và những lựa chọn của con người trong đời sống hiện đại.",75770b9b-cdbf-4038-90e2-f25e1f4426fe_triethocmaclenin.pdf,69,Triết học Mác - Lênin,False,summary,MEDIUM,3b55b086a943cae07c23,Chương IV," bản thân triết học. 
Mặc dù nh ững nhà tri ết học sau Pốppơ và Cun đã chú ý đến ý ngh ĩa thế giới quan c ủa 
triết học đối với khoa h ọc, nhưng do thi ếu quan điểm duy vật lịch sử nên họ không có 
cách nào thoát khỏi tính hạn chế đó. Vì vậy chủ nghĩa duy khoa học không thể mở ra một 
con đường mới thực sự đúng đắn cho sự phát triển của triết học. 
2. Chủ nghĩa hiện sinh 
Chủ nghĩa hiện sinh đầu thế kỷ XX có cội nguồn tư tưởng sâu xa mà trực tiếp nhất 
là triết học phi duy lý ở thế kỷ XIX. Đại biểu chủ yếu của chủ nghĩa hiện sinh là các nhà 
triết học Hâyđơgơ, Xáctơrơ, Giaxpơ, Macxen. 
Chủ ngh ĩa hi ện sinh là m ột tr ường phái tri ết h ọc r ất ph ức t ạp. Quan điểm c ủa 
những đại biểu của triết học này t hường có s ự khác nhau r ất l ớn. Ngoài s ự phân bi ệt 
về qu ốc gia nh ư ch ủ ngh ĩa hi ện sinh c ủa Đức, ch ủ ngh ĩa hi ện sinh c ủa Pháp và ch ủ 
nghĩa hiện sinh c ủa Mỹ, còn có th ể phân bi ệt chủ nghĩa hiện sinh theo thái độ đối với 
tôn giáo nh ư chủ nghĩa hiện sinh vô th ần và ch ủ nghĩa hiện sinh h ữu thần. Trên nh ững 
vấn đề chính trị to l ớn, giữa những nhà triết học hiện sinh cũng có những khác biệt lớn. 
Nhưng tất cả những người theo chủ nghĩa hiện sinh đều coi sự hiện sinh c ủa cá nhân là 
nội dung cơ bản trong triết học của mình. 
 Các nhà hi ện sinh phân bi ệt hai khái ni ệm hữu thể và hiện hữu (hiện sinh). H ữu 
thể là khái niệm chỉ một cái gì đó (một vật, một người) đang tồn tại, đang có mặt, nhưng 
chưa là m ột cái gì đó cụ thể cả, chưa có di ện mạo, chưa có cá tính. Đó là m ột tồn tại 
chưa sống đích thực, vô h ồn, tức là ch ưa hiện hữu. Còn hi ện hữu "
Tóm tắt luận điểm có các từ khóa sau: nghệ thuật chân chính có vai trò xã hội gì.,"Nghệ thuật chân chính theo cách trình bày của tài liệu gắn với đời sống hiện thực của nhân dân, tác động đến lý trí và tình cảm, kích thích tính tích cực và xây dựng hành vi đạo đức tốt đẹp.",75770b9b-cdbf-4038-90e2-f25e1f4426fe_triethocmaclenin.pdf,200,Triết học Mác - Lênin,False,summary,MEDIUM,7b6a20028620999a0c8c,Chương XIII,"trực tiếp, dễ thấy. 
C.Mác viết: ""Đối với nghệ thuật, người ta biết rằng những thời kỳ hưng thịnh nhất 
của nó hoàn toàn không t ương ứng v ới s ự phát tri ển chung c ủa xã h ội, do đó c ũng 
không tương ứng với sự phát triển của cơ sở vật chất của xã h ội, cơ sở này d ường như 
cấu thành cái xương sống của tổ chức xã hội""1. 
Nghệ thu ật chân chính g ắn bó v ới đời s ống hi ện th ực c ủa nhân dân; là nhân t ố 
thúc đẩy mạnh mẽ tiến bộ xã h ội thông qua vi ệc đáp ứng những nhu c ầu thẩm mỹ của 
con người. Khi ph ản ánh th ế giới hiện thực trong các hình t ượng nghệ thuật chân th ực 
và có giá trị thẩm mỹ cao, nghệ thuật đã tác động đến lý trí và tình cảm của con người, 
kích thích tính tích cực của con người, xây dựng ở con người những hành vi đạo đức tốt 
đẹp. 
Trong xã hội có giai cấp, nghệ thuật bao giờ cũng mang tính giai cấp. Tính giai c ấp 
của nghệ thuật biểu hiện trước hết ở chỗ nó không th ể không ch ịu sự tác động của thế 
giới quan, các quan điểm chính tr ị của một giai c ấp, không th ể đứng ngoài chính tr ị và 
các quan hệ kinh tế. Trong xã h ội chia thành các giai c ấp mà phủ nhận mối liên hệ của 
nghệ thuật với chính trị thì hoàn toàn sai lầm. 
Khi nhấn mạnh tính giai c ấp của nghệ thuật trong xã h ội có giai c ấp, quan điểm 
của chủ nghĩa Mác - Lênin không ph ủ nhận tính nhân lo ại chung c ủa nó. Không ít t ác 
phẩm nghệ thuật mà giá trị của chúng được lưu truyền khắp thế giới qua các thời đại, mặc 
dù tác giả là đại biểu của một giai cấp nhất định. Có những nền nghệ thuật của một dân 
tộc nhất định nhưng đã trở thành nh ững giá tr ị văn hóa tiêu biểu của cả n"
Mâu thuẫn biện chứng là gì?,"Mâu thuẫn biện chứng là sự thống nhất và đấu tranh giữa các mặt đối lập trong cùng một sự vật, hiện tượng hoặc quá trình.",75770b9b-cdbf-4038-90e2-f25e1f4426fe_triethocmaclenin.pdf,128,Triết học Mác - Lênin,False,definition,MEDIUM,a5a96968379c32779876,Chương VIII,"cụ thể hay quan h ệ cụ thể. Mặt khác, đời sống xã hội của con người rất đa dạng, phong 
phú do rất nhiều yếu tố cấu thành, do đó để thực hiện được bước nhảy toàn bộ, trước hết, 
phải thực hiện những bước nhảy cục bộ làm thay đổi về chất của từng yếu tố. 
Sự thay đổi về chất của sự vật còn phụ thuộc vào sự thay đổi phương thức liên kết 
giữa các y ếu t ố t ạo thành s ự v ật. Do đó, trong ho ạt động phải bi ết cách tác động vào 
phương thức liên k ết giữa các y ếu tố tạo thành s ự vật trên c ơ sở hiểu rõ b ản chất, quy 
luật, kết cấu của sự vật đó. Chẳng hạn, trên cơ sở hiểu biết đúng đắn về gen, con ng ười 
có th ể tác động vào ph ương th ức liên k ết giữa các nhân t ố tạo thành ge n làm cho gen 
biến đổi. Trong một t ập th ể c ơ ch ế qu ản lý, lãnh đạo và quan h ệ gi ữa các thành viên 
trong tập thể ấy thay đổi có tính ch ất toàn b ộ thì r ất có th ể sẽ làm cho t ập thể đó vững 
mạnh. 
III- Quy luật thống nhất và đấu tranh của các mặt đối lập  
Quy luật thống nhất và đấu tranh c ủa các mặt đối lập (quy lu ật mâu thuẫn) là h ạt 
nhân của phép biện chứng. V. I. Lênin viết: ""Có thể định nghĩa vắn tắt phép biện chứng 
là học thuyết về sự thống nhất của các m ặt đối lập. Như thế là n ắm được hạt nhân c ủa 
phép biện chứng, nhưng điều đó đòi hỏi phải có nh ững giải thích và m ột sự phát tri ển 
thêm""1. 
1. Khái niệm các mặt đối lập, mâu thuẫn, sự thống nhất và đấu tranh 
của các mặt đối lập 
Tất c ả các s ự v ật, hi ện t ượng trên th ế gi ới đều ch ứa đựng những mặt trái ngược 
nhau. Trong nguyên tử có điện tử và hạt nhân; trong sinh vật có đồng hóa và dị hóa; trong 
kinh tế thị "
Nguyên nhân là gì?,Nguyên nhân là sự tác động lẫn nhau giữa các mặt trong một sự vật hoặc giữa các sự vật với nhau gây ra một biến đổi nhất định.,75770b9b-cdbf-4038-90e2-f25e1f4426fe_triethocmaclenin.pdf,106,Triết học Mác - Lênin,False,definition,MEDIUM,85c5b4cd28449227f8cb,Chương VII,"III- Nguyên nhân và kết quả  
1. Khái niệm nguyên nhân và kết quả 
Phạm trù nguyên nhân và kết quả phản ánh mối quan hệ hình thành của các sự vật, 
hiện tượng trong hiện thực khách quan. 
Nguyên nhân là ph ạm trù ch ỉ sự tác động lẫn nhau g iữa các m ặt tron g m ột s ự 
vật ho ặc g iữa các s ự v ật v ới nhau, gây ra m ột biến đổi nh ất định nào đó. Còn k ết 
quả là phạm trù chỉ những biến đổi xuất hiện do tác động lẫn nhau giữa các mặt trong 
một sự vật hoặc giữa các sự vật với nhau gây ra. Chẳng hạn, không phải nguồn điện là 
nguyên nhân làm bóng đèn phát sáng m à ch ỉ là t ương tác c ủa dòng điện v ới dây d ẫn 
(trong trường hợp này, v ới dây tóc c ủa bóng đèn) mới thực sự là nguyên nhân làm  cho 
bóng đèn phát sáng. Cu ộc đấu tranh gi ữa giai c ấp vô s ản và giai c ấp tư sản là nguyê n 
nhân đưa đến kết quả là cu ộc cách m ạng vô s ản nổ ra.  
Không nên hi ểu nguyên nhân và k ết quả nằm ở hai s ự vật hoàn toàn khác nhau. 
Chẳng hạn cho dòng điện là nguyên nhân c ủa ánh sáng đèn; giai cấp vô s ản là nguyên 
nhân c ủa cuộc cách m ạng vô s ản... Nếu hi ểu nguyên nhân và k ết quả như v ậy s ẽ dẫn 
đến chỗ cho r ằng nguyên nhân c ủa một sự vật, hiện tượng nào đấy luôn n ằm ngoài sự 
vật, hiện tượng đó và cu ối cùng nh ất định sẽ phải thừa nhận rằng nguyên nhân c ủa thế 
giới vật chất nằm ngoài thế giới vật chất, tức nằm ở thế giới tinh thần. 
Cần phân biệt nguyên nhân với nguyên cớ và nguyên nhân với điều kiện. Nguyên 
cớ và điều kiện không sinh ra k ết quả, mặc dù nó xu ất hiện cùng với nguyên nhân. Thí  
dụ chất xúc tác chỉ là điều kiện để các chất hoá học tác động lẫn nhau"
Điện toán đám mây có những mô hình dịch vụ nào?,Tôi chưa tìm thấy thông tin này trong tài liệu đã được huấn luyện.,,,Triết học Mác - Lênin,True,out_of_scope,MEDIUM,3b6d8d0b4bcdde2ac595,OUT_OF_SCOPE,
Hãy giải thích kiến thức Triết học Mác - Lênin liên quan đến tự ý thức thuộc cấp độ nào trong kết cấu ý thức.,"Tự ý thức thuộc theo cách trình bày của tài liệu chiều sâu của nội tâm, thể hiện khả năng con người ý thức về bản thân mình.",75770b9b-cdbf-4038-90e2-f25e1f4426fe_triethocmaclenin.pdf,91,Triết học Mác - Lênin,False,definition,MEDIUM,c4f6cbe20f4f1e344f6e,Chương V,"và công nghệ, vì vậy, đầu tư vào tri th ức trở thành yếu tố then chốt cho s ự tăng trưởng 
kinh tế dài hạn. 
Tình cảm là sự cảm động của con người trong quan hệ của mình với thực tại xung 
quanh và đối với bản thân mình. Tình cảm là một hình thái đặc biệt của sự phản ánh thực 
tại; nó ph ản ánh quan h ệ của con n gười đối với nhau, c ũng như đối với thế giới khách 
quan. Tình cảm tham gia vào mọi hoạt động của con người và giữ một vị trí quan trọng 
trong vi ệc điều ch ỉnh ho ạt động c ủa con ng ười. Tình c ảm có thể mang tính ch ất ch ủ 
động, chứa đựng sắc thái cảm xúc tích cực, cũng như trở thành thụ động, chứa đựng sắc 
thái cảm xúc tiêu c ực. Tình c ảm tích c ực là m ột trong nh ững động lực nâng cao n ăng 
lực hoạt động sống của con ng ười. Tri th ức kết hợp với tình cảm hình thành nên ni ềm 
tin, nâng cao ý chí tích c ực biến thành hành động thực tế, mới phát huy được sức mạnh 
của mình. 
b) Theo chiều sâu của nội tâm 
Tiếp c ận theo chi ều sâ u c ủa th ế gi ới n ội tâ m con ng ười, ý th ức ba o g ồm t ự ý 
thức, tiềm thức, vô thức. 
- Tự ý thức: 
Trong quá trình nhận thức thế giới xung quanh, con người đồng thời cũng tự nhận 
thức b ản thân m ình. Đó chính là tự ý th ức. Như v ậy, tự ý th ức cũng là ý th ức, là m ột 
thành tố quan trọng của ý thức, nhưng đây là ý thức về bản thân mình trong mối quan hệ 
với ý thức về thế giới bên ngoài. Nhờ vậy con người tự nhận thức về bản thân mình như 
một thực thể hoạt động có cảm giác có tư duy, có các hành vi đạo đức và có vị trí trong 
xã hội. Những cảm giác của con người về bản thân mình trên mọi phương diện giữ vai 
trò qua"
Thế giới quan là gì?,"Thế giới quan là toàn bộ những quan niệm của con người về thế giới, về bản thân con người, về cuộc sống và vị trí của con người trong thế giới đó.",75770b9b-cdbf-4038-90e2-f25e1f4426fe_triethocmaclenin.pdf,6,Triết học Mác - Lênin,False,definition,MEDIUM,0b7b0ba9825832260419,Chương I,"Giải quyết vấn đề cơ bản của triết học không chỉ xác định được nền tảng và điểm 
xuất phát để giải quyết các vấn đề khác của triết học mà nó còn là tiêu chuẩn để xác định 
lập trường, thế giới quan của các triết gia và học thuyết của họ. 
Vấn đề cơ bản của triết học có hai mặt, mỗi mặt phải trả lời cho một câu hỏi lớn. 
Mặt thứ nhất: Giữa ý thức và vật chất thì cái nào có trước, cái nào có sau, cái nào 
quyết định cái nào? 
Mặt thứ hai: Con người có khả năng nhận thức được thế giới hay không? 
Trả lời cho hai câu hỏi trên liên quan mật thiết đến việc hình thành các trường phái 
triết học và các học thuyết về nhận thức của triết học. 
II- Chức năng thế giới quan của triết học 
1. Triết học - hạt nhân lý luận của thế giới quan 
Thế giới quan là toàn bộ những quan niệm của con người về thế giới, về bản thân 
con người, về cuộc sống và vị trí của con người trong thế giới đó. 
Trong th ế gi ới quan có s ự hoà nh ập gi ữa tri th ức và ni ềm tin. Tri th ức là c ơ s ở 
trực tiếp cho sự hình thành th ế giới quan, song nó ch ỉ gia nhập thế giới quan khi nó đã 
trở thành niềm tin định hướng cho hoạt động của con người. 
Có nhiều cách tiếp cận để nghiên cứu về thế giới quan. Nếu xét theo quá trình phát 
triển thì có th ể chia th ế giới quan thành ba loại hình cơ bản: Thế giới quan huyền thoại, 
thế giới quan tôn giáo và thế giới quan triết học. 
Thế gi ới quan huy ền thoại là phương thức cảm nh ận th ế gi ới c ủa ng ười nguyên 
thủy. ở thời kỳ này, các y ếu tố tri t hức và c ảm xúc, lý trí v à tín ng ưỡng, hi ện thực và 
tưởng tượng, cái thật và cái ảo, cái thần và cái người, v.v. của "
Hãy giải thích kiến thức Triết học Mác - Lênin liên quan đến ý nghĩa phương pháp luận của nguyên lý mối liên hệ phổ biến.,"Nó đòi hỏi phải theo cách trình bày của tài liệu có quan điểm toàn diện, quan điểm lịch sử - cụ thể và tránh xem xét sự vật một cách phiến diện, cô lập.",75770b9b-cdbf-4038-90e2-f25e1f4426fe_triethocmaclenin.pdf,99,Triết học Mác - Lênin,False,methodology,MEDIUM,dccb072da704c5b858b4,Chương VI,"c 
nước chậm phát triển và kém phát triển. 
Những điều kiện nêu ra ở trên cho thấy, dù sự vật, hiện tượng có thể có những giai 
đoạn vận động đi lên nh ư thế này ho ặc như thế khác, nh ưng xem xét toàn b ộ quá trình 
thì chúng vẫn tuân theo khuynh hướng chung. 
3. Ý nghĩa phương pháp luận 
Nguyên lý về sự phát triển cho thấy trong hoạt động nhận thức và hoạt động thực 
tiễn con người phải tôn trọng quan điểm phát triển. 
Quan điểm phát triển đòi hỏi khi nhận thức, khi giải quyết một vấn đề nào đó con 
người phải đặt chúng ở trạng thái động, nằm trong khuynh hướng chung là phát triển. 
Quan điểm phát tri ển đòi h ỏi không ch ỉ nắm b ắt những cái hiện đang tồn tại ở 
sự v ật, mà còn ph ải th ấy rõ khuynh h ướng phát tri ển trong t ương lai c ủa chúng, ph ải 
thấy được những bi ến đổi đi lên c ũng nh ư nh ững bi ến đổi có tính ch ất th ụt lùi. Song 
điều cơ bản là phải khái quát những bi ến đổi để vạch ra khuynh h ướng bi ến đổi chính 
của sự vật. 
Xem xét s ự vật theo quan điểm phát tri ển còn ph ải biết phân chia quá trình phát 
triển của sự vật ấy thành nh ững giai đoạn. Trên c ơ sở ấy để tìm ra ph ương pháp nh ận 
thức và cách tác động phù hợp nhằm thúc đẩy sự vật tiến triển nhanh hơn hoặc kìm hãm 
sự phát triển của nó, tùy theo sự phát triển đó có lợi hay có hại đối với đời sống của con 
người.  
Quan điểm phát triển góp phần khắc phục tư tưởng bảo thủ, trì trệ, định kiến trong 
hoạt động nhận thức và hoạt động thực tiễn. 
 Với t ư cách là nh ững nguyên t ắc phương pháp lu ận, quan điểm toàn diện, quan 
điểm lịch sử - cụ thể, quan điểm phát triển góp phần định hướng, chỉ "
Trình bày nội dung trọng tâm của giáo trình về nhận thức lý luận.,"Nhận thức lý luận được hiểu là trình độ nhận thức gián tiếp, khái quát, hệ thống hóa bản chất và quy luật của sự vật.",75770b9b-cdbf-4038-90e2-f25e1f4426fe_triethocmaclenin.pdf,143,Triết học Mác - Lênin,False,definition,MEDIUM,0f90a86dbb71397ed956,Chương IX,"n; nếu căn cứ trên tính chất tự phát hay 
tự giác của quá trình nhận thức, có thể chia nhận thức thành nhận thức thông thường và 
nhận thức khoa học, v.v.. 
a) Nhận thức kinh nghiệm và nhận thức lý luận 
Nhận thức kinh nghiệm là loại nhận thức hình thành từ sự quan sát trực tiếp các sự 
vật hiện tượng trong t ự nhiên, xã h ội hay trong  các thí ngh iệm khoa h ọc. Kết quả của 
nhận thức kinh nghiệm là những tri thức kinh nghiệm. Tri thức này có hai loại là tri thức 
kinh nghi ệm thông th ường và tri th ức kinh nghi ệm khoa h ọc. Tri th ức kinh nghi ệm 
thông thường là loại tri thức được hình thành từ sự quan sát trực tiếp hàng ngày về cuộc 
sống và lao động sản xuất. Còn tri th ức kinh nghi ệm khoa h ọc là lo ại tri thức thu được 
từ sự khảo sát các thí ng hiệm khoa h ọc. Hai lo ại tri th ức này có quan h ệ chặt chẽ với 
nhau, xâm  nh ập vào nhau để t ạo nên tính phong phú, sinh động c ủa nh ận th ức kinh 
nghiệm. 
Nhận th ức lý lu ận (g ọi t ắt là lý lu ận) là lo ại nhận th ức gián ti ếp, tr ừu t ượng và 
khái quát về bản chất và quy luật của các sự vật, hiện tượng. Nhận thức lý luận có chức 
năng gián ti ếp vì nó được hình thành và phát tri ển trên c ơ s ở c ủa nh ận th ức kinh 
nghiệm. Nhận thức lý luận có tính tr ừu tượng và khái quát vì nó ch ỉ tập trung phản ánh 
cái bản chất mang tính quy luật của sự vật và hiện tượng. Do đó, tri thức lý luận - kết quả 
của nhận thức lý luận - thể hiện chân lý sâu sắc hơn, chính xác hơn và có hệ thống hơn. 
Nhận thức kinh nghiệm và nhận thức lý luận là hai giai đoạn nhận thức khác nhau, 
nhưng có q uan h ệ bi ện c hứng v ới nhau. Tron"
Ôn tập mục kiến thức có các từ khóa: nguyên nhân trực tiếp dẫn đến.,Nguyên nhân trực tiếp theo cách trình bày của tài liệu của sự xuất hiện nhà nước là những mâu thuẫn giai cấp không thể điều hòa được.,75770b9b-cdbf-4038-90e2-f25e1f4426fe_triethocmaclenin.pdf,174,Triết học Mác - Lênin,False,cause,MEDIUM,47e786aad762bc826067,Chương XII,"I- Nhà nước 
1. Nguồn gốc và bản chất của nhà nước  
a) Nguồn gốc của nhà nước  
Lịch s ử cho  th ấy không ph ải khi nào xã h ội c ũng có nhà n ước. Trong xã h ội 
nguyên thuỷ, do kinh t ế còn th ấp kém, ch ưa có s ự phân hóa giai c ấp, cho nên ch ưa có 
nhà nước. Đứng đầu các th ị tộc và b ộ lạc là các t ộc trưởng do nhân dân b ầu ra, quy ền 
lực của những người đứng đầu thuộc về uy tín và đạo đức, việc điều chỉnh các quan hệ 
xã hội được thực hiện bằng những quy tắc chung. Trong tay h ọ không có và không c ần 
một công cụ cưỡng bức đặc biệt nào. 
Lực lượng sản xuất phát triển đã dẫn đến sự ra đời chế độ tư hữu và t ừ đó xã h ội 
phân chia t hành các giai  cấp đối kháng và cu ộc đấu tranh giai c ấp không th ể điều hoà 
được xuất hiện. Điều đó dẫn đến nguy cơ các giai cấp chẳng những tiêu diệt lẫn nhau mà 
còn tiêu diệt luôn cả xã h ội. Để thảm hoạ đó không diễn ra, một cơ quan quyền lực đặc 
biệt đã ra đời. Đó là nhà nước. Nhà nước đầu tiên trong lịch sử là nhà nước chiếm hữu nô 
lệ, xuất hiện trong cuộc đấu tranh không điều hoà giữa giai cấp chủ nô và giai cấp nô lệ. 
Tiếp đó là nhà nước phong kiến, nhà nước tư sản. 
Nguyên nhân trực tiếp của sự xuất hiện nhà nước là mâu thuẫn giai cấp không thể 
điều hoà được. Đúng như V.I.Lênin nhận định: ""Nhà nước là sản phẩm và biểu hiện của 
những mâu thuẫn giai cấp không thể điều hoà được. Bất cứ ở đâu, hễ lúc nào và ch ừng 
nào mà, về mặt khách quan, những mâu thuẫn giai cấp không thể điều hoà được, thì nhà 
nước xuất hiện. Và ng ược lại: sự tồn tại của nhà nước chứng tỏ rằng những mâu thuẫn 
giai cấp là không t hể điều hoà được""1."
Trình bày nội dung trọng tâm của giáo trình về khả năng.,"Khả năng được hiểu là cái hiện chưa có nhưng sẽ có, sẽ xuất hiện khi có những điều kiện thích hợp.",75770b9b-cdbf-4038-90e2-f25e1f4426fe_triethocmaclenin.pdf,118,Triết học Mác - Lênin,False,definition,MEDIUM,101b1f52099628467f9a,Chương VII,"thực mới. Quá trình đó được tiếp tục, làm cho s ự vật vận động, phát tri ển một cách vô 
tận trong thế giới vật chất. 
 Quan hệ gi ữa kh ả n ăng và hi ện th ực có tính ph ức t ạp. Điều đó th ể hi ện ở ch ỗ 
cùng trong những điều kiện nhất định, ở cùng một sự vật có thể tồn tại nhiều khả năng 
chứ không phải chỉ một khả năng. Thí dụ: Văn kiện Đại hội đại biểu toàn quốc lần thứ IX 
của Đảng, sau khi phân tích tình hình trong n ước, tình hình thế giới và khu vực đã nhận 
định rằng, đất nước ta hiện nay đang ""có cả cơ hội lớn và thách thức lớn"", những cơ hội 
lớn tạo điều kiện để chúng ta có kh ả năng ""tiếp tục phát huy n ội lực và lợi thế so sánh, 
tranh thủ ngoại lực - nguồn vốn, công nghệ mới, kinh nghiệm quản lý, mở rộng thị trường 
- phục vụ sự nghiệp công nghiệp hóa, hi ện đại hóa1. Những thách thức lớn đó là nh ững 
nguy cơ mà Đảng ta đã chỉ rõ như nguy c ơ tụt hậu về kinh t ế, chệch hướng xã h ội chủ 
nghĩa, n ạn tham nhũng và quan liêu, ""di ễn biến hoà bình"" do th ế l ực thù địch gây ra. 
Như vậy chúng ta thấy hiện nay đang cùng tồn tại rất nhiều khả năng (cả thuận lợi, cả khó 
khăn) phát tri ển đất nước ta. Điều đó đòi hỏi toàn Đảng, toàn dân ta ph ải nhận thức rõ 
để chủ động tranh th ủ thời cơ vượt qua thách th ức đưa đất nước vững bước đi lên theo 
định hướng xã hội chủ nghĩa. 
b) Ngoài những khả năng vốn sẵn có, trong những điều kiện mới thì sự vật sẽ xuất 
hiện thêm những khả năng mới, đồng thời bản thân mỗi khả năng cũng thay đổi theo sự 
thay đổi của điều kiện. Thí d ụ: Nước ta v ốn là n ước kinh t ế kém phát tri ển, mức sống 
của nhân dân còn th ấp, nhưng lại "
Nguyên nhân nào làm các quan điểm trước Mác về vật chất rơi vào bế tắc?,"Chúng thường đồng nhất vật chất với một dạng vật thể cụ thể hoặc thuộc tính cụ thể, nên không giải thích được các phát hiện mới của khoa học.",75770b9b-cdbf-4038-90e2-f25e1f4426fe_triethocmaclenin.pdf,80,Triết học Mác - Lênin,False,cause,MEDIUM,0928a2862aadac691ab4,Chương V,"thời bấy giờ là quan điểm siêu hình - máy móc. Quan điểm đó đã chi phối những hiểu 
biết triết h ọc v ề v ật chất. Ng ười ta gi ải thích mọi hiện tượng của tự nhiên b ằng sự tác 
động qua lại của lực hấp dẫn và lực đẩy của các phân tử của vật thể, theo đó, các phần tử 
của vật trong quá trình vận động là bất biến, còn cái thay đổi chỉ là trạng thái không gian 
và tập hợp của chúng. Mọi phân biệt về chất giữa các vật thể đều bị quy giản về sự phân 
biệt về lượng; mọi sự vận động đều bị quy v ề sự dịch chuyển vị trí trong không gian; 
mọi hiện tượng phức tạp bị quy về cái giản đơn mà từ đó chúng được tạo thành. Niềm tin 
vào các chân lý trong c ơ học Niutơn đã khiến các nhà khoa h ọc đồng nhất vật chất với 
khối lượng, coi vận động của vật chất chỉ là biểu hiện của vận động cơ học, nguồn gốc 
vận động nằm ngoài v ật chất. Kế thừa quan điểm nguyên t ử luận cổ đại, các nhà tri ết 
học duy v ật cận đại vẫn coi nguyên t ử là ph ần tử nhỏ nhất, không t hể phân chia được, 
tách rời nguyên tử với vận động, không gian và thời gian, v.v.. 
b) Nguyên nhân dẫn đến sự bế tắc của những quan điểm trước Mác 
về vật chất 
Cuối thế kỷ XIX đầu thế kỷ XX, khi xu ất hiện những phát m inh mới trong khoa 
học t ự nhiên, con ng ười m ới có được nh ững hi ểu bi ết c ăn b ản h ơn, sâu s ắc h ơn v ề 
nguyên tử. Năm 1895 Rơnghen phát hiện ra tia X; năm 1896, Béccơren phát hiện ra hiện 
tượng phóng xạ; năm 1897 T ômxơn phát hiện ra điện tử và chứng minh được điện tử là 
một trong nh ững thành ph ần c ấu t ạo nên nguyên t ử. Nhờ phát m inh này, l ần đầu tiên 
trong khoa h ọc, s ự t ồn t ại hi ện th ực c "
Trình bày nội dung trọng tâm của giáo trình về cá nhân.,"Cá nhân được hiểu là con người cụ thể, riêng biệt, tồn tại với tư cách một chỉnh thể thống nhất giữa đặc điểm sinh học và xã hội.",75770b9b-cdbf-4038-90e2-f25e1f4426fe_triethocmaclenin.pdf,207,Triết học Mác - Lênin,False,definition,MEDIUM,4c7f2486c6beb349400c,Chương XIV," thức hướng con 
người tới hoạt động vật chất. Đó là biện chứng của mối quan hệ giữa con người và hoàn 
cảnh trong bất kỳ giai đoạn nào của lịch sử xã hội loài người. 
II- Quan hệ giữa cá nhân và xã hội 
1. Khái niệm cá nhân và nhân cách 
Cá nhân là khái ni ệm chỉ con ng ười c ụ th ể s ống trong một xã h ội nh ất định và 
được phân bi ệt v ới các cá th ể khác thông qua tính đơn nh ất và tính ph ổ bi ến c ủa nó. 
Khái niệm cá nhân c ũng được phân biệt với khái niệm con người, vì con ng ười là khái 
niệm dùng để chỉ tính phổ biến trong bản chất người của tất cả các cá nhân. 
Xã hội do các cá nhân t ạo nên. Các cá nhân s ống và ho ạt động trong các nhóm, 
cộng đồng và tập đoàn xã hội khác nhau, mang tính lịch sử xác định. Yếu tố xã hội là đặc 
trưng căn bản để hình thành cá nhân.  
Như vậy, cá nhân là một chỉnh thể đơn nhất, vừa mang tính cá biệt vừa mang tính 
phổ biến, là chủ thể của lao động, của mọi quan hệ xã hội và của nhận thức nhằm thực 
hiện chức năng cá nhân và ch ức năng xã h ội trong m ột giai đoạn phát tri ển nhất định 
của lịch sử xã hội. 
Nhân cách là khái ni ệm ch ỉ bản s ắc độc đáo, ri êng biệt của mỗi cá nhân, là n ội 
dung và tính ch ất bên trong c ủa mỗi cá nhân. B ởi vậy, nếu cá nhân là khái ni ệm chỉ sự 
khác biệt giữa cá thể với giống loài thì nhân cách là khái niệm chỉ sự khác biệt giữa các 
cá nhân. Cá nhân là phương thức biểu hiện của giống loài còn nhân cách vừa là nội dung, 
vừa là cách thức biểu hiện của mỗi cá nhân riêng biệt. 
Nhân cách biểu hiện thế giới cái tôi của mỗi cá nhân, là sự tổng hợp của các yếu tố 
sinh học, tâm lý, xã hội, tạo nên đặ"
Hãy giải thích kiến thức Triết học Mác - Lênin liên quan đến nghệ thuật chân chính có vai trò xã hội gì.,"Nghệ thuật chân chính theo cách trình bày của tài liệu gắn với đời sống hiện thực của nhân dân, tác động đến lý trí và tình cảm, kích thích tính tích cực và xây dựng hành vi đạo đức tốt đẹp.",75770b9b-cdbf-4038-90e2-f25e1f4426fe_triethocmaclenin.pdf,200,Triết học Mác - Lênin,False,summary,MEDIUM,310a74d71fe2522a729a,Chương XIII,"trực tiếp, dễ thấy. 
C.Mác viết: ""Đối với nghệ thuật, người ta biết rằng những thời kỳ hưng thịnh nhất 
của nó hoàn toàn không t ương ứng v ới s ự phát tri ển chung c ủa xã h ội, do đó c ũng 
không tương ứng với sự phát triển của cơ sở vật chất của xã h ội, cơ sở này d ường như 
cấu thành cái xương sống của tổ chức xã hội""1. 
Nghệ thu ật chân chính g ắn bó v ới đời s ống hi ện th ực c ủa nhân dân; là nhân t ố 
thúc đẩy mạnh mẽ tiến bộ xã h ội thông qua vi ệc đáp ứng những nhu c ầu thẩm mỹ của 
con người. Khi ph ản ánh th ế giới hiện thực trong các hình t ượng nghệ thuật chân th ực 
và có giá trị thẩm mỹ cao, nghệ thuật đã tác động đến lý trí và tình cảm của con người, 
kích thích tính tích cực của con người, xây dựng ở con người những hành vi đạo đức tốt 
đẹp. 
Trong xã hội có giai cấp, nghệ thuật bao giờ cũng mang tính giai cấp. Tính giai c ấp 
của nghệ thuật biểu hiện trước hết ở chỗ nó không th ể không ch ịu sự tác động của thế 
giới quan, các quan điểm chính tr ị của một giai c ấp, không th ể đứng ngoài chính tr ị và 
các quan hệ kinh tế. Trong xã h ội chia thành các giai c ấp mà phủ nhận mối liên hệ của 
nghệ thuật với chính trị thì hoàn toàn sai lầm. 
Khi nhấn mạnh tính giai c ấp của nghệ thuật trong xã h ội có giai c ấp, quan điểm 
của chủ nghĩa Mác - Lênin không ph ủ nhận tính nhân lo ại chung c ủa nó. Không ít t ác 
phẩm nghệ thuật mà giá trị của chúng được lưu truyền khắp thế giới qua các thời đại, mặc 
dù tác giả là đại biểu của một giai cấp nhất định. Có những nền nghệ thuật của một dân 
tộc nhất định nhưng đã trở thành nh ững giá tr ị văn hóa tiêu biểu của cả n"
Trình bày nội dung trọng tâm của giáo trình về nhân cách.,"Nhân cách được hiểu là hệ thống những phẩm chất xã hội ổn định của cá nhân, thể hiện giá trị, năng lực, trách nhiệm và cách ứng xử của cá nhân trong xã hội.",75770b9b-cdbf-4038-90e2-f25e1f4426fe_triethocmaclenin.pdf,207,Triết học Mác - Lênin,False,definition,MEDIUM,91c9392ec75df5049d03,Chương XIV,"đó, con người tiếp nhận hoàn cảnh một cách tích c ực và tác động trở lại hoàn cảnh trên 
nhiều phương diện khác nhau: ho ạt động thực tiễn, quan hệ ứng xử, hành vi con ng ười, 
sự phát triển của phẩm chất trí tuệ và năng lực tư duy, các quy luật nhận thức hướng con 
người tới hoạt động vật chất. Đó là biện chứng của mối quan hệ giữa con người và hoàn 
cảnh trong bất kỳ giai đoạn nào của lịch sử xã hội loài người. 
II- Quan hệ giữa cá nhân và xã hội 
1. Khái niệm cá nhân và nhân cách 
Cá nhân là khái ni ệm chỉ con ng ười c ụ th ể s ống trong một xã h ội nh ất định và 
được phân bi ệt v ới các cá th ể khác thông qua tính đơn nh ất và tính ph ổ bi ến c ủa nó. 
Khái niệm cá nhân c ũng được phân biệt với khái niệm con người, vì con ng ười là khái 
niệm dùng để chỉ tính phổ biến trong bản chất người của tất cả các cá nhân. 
Xã hội do các cá nhân t ạo nên. Các cá nhân s ống và ho ạt động trong các nhóm, 
cộng đồng và tập đoàn xã hội khác nhau, mang tính lịch sử xác định. Yếu tố xã hội là đặc 
trưng căn bản để hình thành cá nhân.  
Như vậy, cá nhân là một chỉnh thể đơn nhất, vừa mang tính cá biệt vừa mang tính 
phổ biến, là chủ thể của lao động, của mọi quan hệ xã hội và của nhận thức nhằm thực 
hiện chức năng cá nhân và ch ức năng xã h ội trong m ột giai đoạn phát tri ển nhất định 
của lịch sử xã hội. 
Nhân cách là khái ni ệm ch ỉ bản s ắc độc đáo, ri êng biệt của mỗi cá nhân, là n ội 
dung và tính ch ất bên trong c ủa mỗi cá nhân. B ởi vậy, nếu cá nhân là khái ni ệm chỉ sự 
khác biệt giữa cá thể với giống loài thì nhân cách là khái niệm chỉ sự khác biệt giữa các 
cá nhân. Cá nhân"
Chiến thắng Điện Biên Phủ diễn ra năm nào?,Tôi chưa tìm thấy thông tin này trong tài liệu đã được huấn luyện.,,,Triết học Mác - Lênin,True,out_of_scope,MEDIUM,52b965a52bb759ec61e0,OUT_OF_SCOPE,
Hãy giải thích kiến thức Triết học Mác - Lênin liên quan đến nguyên nhân nào làm các quan điểm trước Mác về vật chất rơi vào bế tắc.,"Chúng thường đồng nhất theo cách trình bày của tài liệu vật chất với một dạng vật thể cụ thể hoặc thuộc tính cụ thể, nên không giải thích được các phát hiện mới của khoa học.",75770b9b-cdbf-4038-90e2-f25e1f4426fe_triethocmaclenin.pdf,80,Triết học Mác - Lênin,False,cause,MEDIUM,fe688b9098e322b7528b,Chương V,"thời bấy giờ là quan điểm siêu hình - máy móc. Quan điểm đó đã chi phối những hiểu 
biết triết h ọc v ề v ật chất. Ng ười ta gi ải thích mọi hiện tượng của tự nhiên b ằng sự tác 
động qua lại của lực hấp dẫn và lực đẩy của các phân tử của vật thể, theo đó, các phần tử 
của vật trong quá trình vận động là bất biến, còn cái thay đổi chỉ là trạng thái không gian 
và tập hợp của chúng. Mọi phân biệt về chất giữa các vật thể đều bị quy giản về sự phân 
biệt về lượng; mọi sự vận động đều bị quy v ề sự dịch chuyển vị trí trong không gian; 
mọi hiện tượng phức tạp bị quy về cái giản đơn mà từ đó chúng được tạo thành. Niềm tin 
vào các chân lý trong c ơ học Niutơn đã khiến các nhà khoa h ọc đồng nhất vật chất với 
khối lượng, coi vận động của vật chất chỉ là biểu hiện của vận động cơ học, nguồn gốc 
vận động nằm ngoài v ật chất. Kế thừa quan điểm nguyên t ử luận cổ đại, các nhà tri ết 
học duy v ật cận đại vẫn coi nguyên t ử là ph ần tử nhỏ nhất, không t hể phân chia được, 
tách rời nguyên tử với vận động, không gian và thời gian, v.v.. 
b) Nguyên nhân dẫn đến sự bế tắc của những quan điểm trước Mác 
về vật chất 
Cuối thế kỷ XIX đầu thế kỷ XX, khi xu ất hiện những phát m inh mới trong khoa 
học t ự nhiên, con ng ười m ới có được nh ững hi ểu bi ết c ăn b ản h ơn, sâu s ắc h ơn v ề 
nguyên tử. Năm 1895 Rơnghen phát hiện ra tia X; năm 1896, Béccơren phát hiện ra hiện 
tượng phóng xạ; năm 1897 T ômxơn phát hiện ra điện tử và chứng minh được điện tử là 
một trong nh ững thành ph ần c ấu t ạo nên nguyên t ử. Nhờ phát m inh này, l ần đầu tiên 
trong khoa h ọc, s ự t ồn t ại hi ện th ực c "
Ôn tập mục kiến thức có các từ khóa: ý thức khoa học.,"Ý thức khoa học theo cách trình bày của tài liệu là hình thái ý thức xã hội phản ánh hiện thực bằng hệ thống tri thức khái quát, logic, có căn cứ và được kiểm chứng.",75770b9b-cdbf-4038-90e2-f25e1f4426fe_triethocmaclenin.pdf,198,Triết học Mác - Lênin,False,definition,MEDIUM,9e1542770cc591cc74b6,Chương XIII,"gìn trật tự xã hội chung và sinh hoạt thường ngày của mọi người. 
Tuy nhiên, trong xã hội có giai cấp và đấu tranh giai cấp thì nội dung chủ yếu của 
đạo đức ph ản ánh quan h ệ giai c ấp, nó có tính giai c ấp. Trong các ph ạm trù đạo đức 
luôn luôn ph ản ánh địa vị và l ợi ích của giai c ấp. Mỗi giai c ấp trong nh ững giai đoạn 
phát triển nhất định của lịch sử xã hội đều có những quan niệm đạo đức riêng của mình. 
Giai cấp tiêu bi ểu cho xu th ế phát triển đi lên c ủa xã h ội thì đại diện cho m ột nền đạo 
đức ti ến b ộ, còn các giai c ấp ph ản động thì đại di ện cho m ột n ền đạo đức suy t hoái. 
Ph.Ăngghen viết: ""Xét cho đến cùng, mọi học thuyết về đạo đức đã có từ trước đến nay 
đều là sản phẩm của tình hình kinh tế của xã hội lúc bấy giờ. Và vì cho tới nay xã hội đã 
vận động trong nh ững sự đối lập giai c ấp, cho nên đạo đức cũng luôn luôn là đạo đức 
của giai c ấp: hoặc là nó bi ện hộ cho sự thống trị và l ợi ích c ủa giai c ấp thống trị, hoặc 
là, khi giai c ấp bị trị đã trở nên khá m ạnh thì nó tiêu bi ểu cho s ự nổi dậy chống lại sự 
thống trị nói trên và tiêu biểu cho lợi ích tương lai của những người bị áp bức""1. 
4. ý thức khoa học 
ý thức khoa học vừa là một hình thái ý th ức xã hội, vừa là một hiện tượng xã hội 
đặc biệt. Xem xét khoa h ọc như một hình thái ý th ức xã hội không thể tách rời xem xét 
nó như một hiện tượng xã hội. 
ý thức khoa học - với tính cách là một hình thái ý thức xã hội - là hệ thống tri thức 
phản ánh chân th ực dưới dạng lôgic tr ừu tượng về thế giới đã được kiểm nghiệm qua 
thực tiễn. Đối tượng phản ánh của ý thức khoa học bao quát m "
"Theo Mác, trong tính hiện thực, bản chất con người là gì?","Trong tính hiện thực của nó, bản chất con người là tổng hòa những quan hệ xã hội.",75770b9b-cdbf-4038-90e2-f25e1f4426fe_triethocmaclenin.pdf,205,Triết học Mác - Lênin,False,definition,MEDIUM,7df2c03c0c53470367ca,Chương XIV,"hội là cơ sở để hình thành h ệ thống các nhu c ầu sinh h ọc và nhu c ầu xã h ội trong đời 
sống con người như nhu cầu ăn, mặc, ở; nhu cầu tái sản xuất xã hội; nhu cầu tình cảm; 
nhu cầu thẩm mỹ và hưởng thụ các giá trị tinh thần. 
Với phương pháp lu ận duy v ật biện chứng, chúng ta th ấy rằng quan h ệ giữa mặt 
sinh h ọc và m ặt xã h ội, c ũng nh ư nhu c ầu sinh h ọc và nhu c ầu xã h ội trong m ỗi con 
người là th ống nhất. Mặt sinh h ọc là cơ sở tất yếu tự nhiên c ủa con ng ười, còn m ặt xã 
hội là đặc trưng b ản ch ất để phân bi ệt con ng ười v ới loài v ật. Nhu c ầu sinh h ọc ph ải 
được ""nhân hóa"" để mang giá tr ị văn minh con ng ười, và đến lượt nó, nhu c ầu xã h ội 
không thể thoát ly khỏi tiền đề của nhu cầu sinh học. Hai mặt trên thống nhất với nhau, 
hoà quyện vào nhau để tạo thành con người viết hoa, con người tự nhiên - xã hội. 
b) Trong tính hiện thực của nó, bản chất con người là tổng hoà những 
quan hệ xã hội 
Từ những quan ni ệm đã trình bày ở trên, chúng ta th ấy rằng, con ng ười vượt lên 
thế giới loài vật trên cả ba phương diện khác nhau: quan hệ với tự nhiên, quan hệ với xã 
hội và quan hệ với chính bản thân con người. Cả ba mối quan hệ đó, suy đến cùng, đều 
mang tính xã hội, trong đó quan hệ xã hội giữa người với người là quan hệ bản chất, bao 
trùm tất cả các mối quan hệ khác và mọi hoạt động trong chừng mực liên quan đến con 
người. 
Bởi vậy, để nhấn mạnh bản chất xã hội của con người, C.Mác đã nêu lên luận đề nổi 
tiếng trong tác phẩm Luận cương về Phoiơbắc: ""Bản chất con ng ười không ph ải là m ột 
cái trừu tượng cố hữu của cá nhân riêng bi ệt. Tron"
Hãy giải thích kiến thức Triết học Mác - Lênin liên quan đến nguyên nhân sâu xa của cách mạng xã hội.,Nguyên nhân sâu xa theo cách trình bày của tài liệu của cách mạng xã hội là mâu thuẫn giữa lực lượng sản xuất đã phát triển với quan hệ sản xuất cũ trở nên lỗi thời và kìm hãm lực lượng sản xuất.,75770b9b-cdbf-4038-90e2-f25e1f4426fe_triethocmaclenin.pdf,182,Triết học Mác - Lênin,False,cause,MEDIUM,aecb62a65613e7363c1a,Chương XII,"Nguyên nhân sâu xa c ủa cách mạng xã h ội là mâu thuẫn giữa lực lượng sản xuất 
và quan h ệ sản xuất. Lực lượng sản xuất phát triển đến một mức độ nhất định thì quan 
hệ sản xuất cũ trở nên l ỗi thời, kìm hãm sự phát tri ển của các l ực lượng sản xuất. “Từ 
chỗ là nh ững hình th ức phát tri ển c ủa các l ực l ượng s ản xu ất, nh ững quan h ệ ấy tr ở 
thành những xiềng xích c ủa các l ực lượng sản xuất. Khi đó bắt đầu thời đại một cuộc 
cách mạng xã hội”1. 
Trong xã h ội có giai c ấp, mâu thuẫn giữa lực lượng sản xuất và quan h ệ sản xuất 
biểu hi ện v ề m ặt xã h ội thành m âu thu ẫn gi ữa giai c ấp cách m ạng, đại bi ểu cho l ực 
lượng sản xuất mới với giai c ấp thống trị dùng m ọi thủ đoạn, đặc biệt là s ử dụng công 
cụ nhà nước có trong tay để bảo vệ, duy trì quan h ệ sản xuất lỗi thời. Để thay thế quan 
hệ sản xuất cũ bằng quan hệ sản xuất mới cao hơn và làm cho nó trở thành quan hệ sản 
xuất th ống tr ị nh ằm g iải phóng mình, giai c ấp cách  m ạng ph ải ti ến hành đấu tranh 
chống lại giai c ấp thống trị, phải giành l ấy chính quy ền nhà n ước. Do v ậy, cách m ạng 
xã hội là đỉnh cao của đấu tranh giai cấp và là bước nhảy vọt tất yếu trong sự phát triển 
của xã hội có giai cấp; vấn đề chính quyền là vấn đề cơ bản của mọi cuộc cách mạng xã 
hội. 
c) Vai trò của cách mạng xã hội 
Các cuộc cách m ạng xã h ội có v ai trò to l ớn trong đời sống xã h ội. Chỉ có cách  
mạng xã hội mới thay thế được quan hệ sản xuất cũ bằng quan hệ sản xuất mới, tiến bộ, 
thúc đẩy lực lượng sản xuất phát triển; mới thay thế được hình thái kinh t ế - xã h ội cũ 
bằng hình thái kinh t ế - xã h "
Ôn tập mục kiến thức có các từ khóa: triết học mác giữ vai trò.,"Triết học Mác giữ theo cách trình bày của tài liệu vai trò cơ sở lý luận chung, cơ sở thế giới quan và phương pháp luận của học thuyết cách mạng.",75770b9b-cdbf-4038-90e2-f25e1f4426fe_triethocmaclenin.pdf,50,Triết học Mác - Lênin,False,definition,MEDIUM,65d3819d25def83c3895,Chương III,"luận tiến bộ và cách mạng mới. Đó là lý luận thể hiện thế giới quan cách mạng của giai 
cấp cách m ạng tri ệt để nh ất trong l ịch s ử, do đó, k ết h ợp m ột cách h ữu c ơ tính các h 
mạng và tính khoa học trong bản chất của mình; nhờ đó, nó có khả năng giải đáp bằng lý 
luận những vấn đề của thời đại đặt ra. Lý luận như vậy đã được sáng tạo nên bởi C.Mác 
và Ph.Ăngghen, trong đó tri ết học đóng vai trò là c ơ sở lý lu ận chung: c ơ sở thế giới 
quan và phương pháp luận. ""Giống như triết học thấy giai cấp vô sản là vũ khi vật chất 
của mình, giai cấp vô sản cũng thấy triết học là vũ khí tinh thần của mình""1
2. Nguồn gốc lý luận và những tiền đề khoa học tự nhiên 
a) Nguồn gốc lý luận 
Để xây d ựng học thuyết của mình ngang t ầm cao c ủa trí tu ệ nhân lo ại, C.Mác và 
Ph.Ăngghen đã k ế th ừa nh ững thành t ựu trong l ịch s ử t ư t ưởng c ủa nhân lo ại. Lê nin 
viết: ""Lịch sử triết học và lịch sử khoa học xã hội chỉ ra một cách hoàn toàn rõ ràng rằng 
chủ nghĩa Mác không có gì là gi ống ""chủ nghĩa tông phái"", hi ểu theo nghĩa là m ột học 
thuyết đóng kín và c ứng nh ắc, n ảy sinh ở ngoài con đường phát tri ển v ĩ đại c ủa v ăn 
minh thế giới"". Người còn chỉ rõ, học thuyết của Mác ""ra đời là sự thừa kế thẳng và trực 
tiếp nh ững h ọc thuy ết c ủa nh ững đại bi ểu xu ất s ắc nh ất trong tri ết h ọc, trong kinh t ế 
chính trị học và trong chủ nghĩa xã hội""2. 
Triết h ọc c ổ điển Đức, đặc bi ệt v ới hai nhà tri ết h ọc tiêu bi ểu là Hêghen và 
Phoiơbắc, là nguồn gốc lý luận trực tiếp của triết học Mác. 
C.Mác và Ph. Ăngghen đã t ừng là nh ững ng ười theo h ọc tri ết h ọc Hêghen. "
Trình bày nội dung trọng tâm của giáo trình về nhận thức thông thường khác nhận thức khoa học ở điểm nào.,"Nhận thức thông thường theo cách trình bày của tài liệu mang tính trực tiếp, kinh nghiệm đời sống; nhận thức khoa học có tính hệ thống, lý luận, phương pháp và kiểm chứng chặt chẽ hơn.",75770b9b-cdbf-4038-90e2-f25e1f4426fe_triethocmaclenin.pdf,144,Triết học Mác - Lênin,False,comparison,MEDIUM,cfe2416e2ed7ea4fea02,Chương IX,"h ệ biện chứng giữa nhận thức kinh nghiệm và nhận 
thức lý luận nên trong hoạt động nhận thức và hoạt động thực tiễn, Đảng ta luôn luôn chủ 
động ""thường xuyên tổng kết thực tiễn để phát triển lý luận; dự báo tình hình và xu th ế 
phát tr iển c ủa th ế gi ới, khu v ực và  trong n ước; cung c ấp lu ận c ứ khoa h ọc cho vi ệc 
hoạch định đường lối; chủ trương, chính sách của Đảng và Nhà nước""1.Đó là một trong 
những yếu tố làm nên thắng lợi trong công cuộc đổi mới ở nước ta. 
b) Nhận thức thông thường và nhận thức khoa học 
Nhận th ức thông th ường (nh ận th ức ti ền khoa h ọc) là lo ại nh ận th ức được hình 
thành một cách tự phát, trực tiếp từ trong hoạt động hàng ngày của con người. Nó phản 
ánh sự vật, hiện tượng xảy ra v ới tất cả những đặc điểm chi ti ết, cụ thể và nh ững sắc 
thái khác nhau của sự vật. Vì vậy, nhận thức thông thường mang tính phong phú, nhi ều 
vẻ và gắn liền với những quan niệm sống thực tế hàng ngày. Vì thế nó có vai trò thường 
xuyên và phổ biến chi phối hoạt động của mọi người trong xã hội. 
Nhận thức khoa h ọc là lo ại nhận thức được hình thành m ột cách t ự giác và gián 
tiếp từ sự phản ánh đặc điểm bản chất, những quan hệ tất yếu của đối tượng nghiên cứu. 
Sự phản ánh này diễn ra dưới dạng trừu tượng lôgic là các khái ni ệm, các quy luật khoa 
học. Nhận thức khoa học vừa có tính khách quan, trừu tượng, khái quát lại vừa có tính hệ 
thống, có c ăn c ứ và có tính chân t hực. Nó v ận d ụng m ột h ệ th ống c ác ph ương pháp 
nghiên cứu và sử dụng cả ngôn ngữ thông thường và thu ật ngữ khoa h ọc để diễn tả sâu 
sắc bản chất và quy luật của đối tượng "
Đạo đế trong Phật giáo chỉ ra điều gì?,"Đạo đế chỉ ra con đường tiêu diệt khổ đau, tức con đường tu tập để đạt giải thoát.",75770b9b-cdbf-4038-90e2-f25e1f4426fe_triethocmaclenin.pdf,16,Triết học Mác - Lênin,False,definition,MEDIUM,9cfb6e9f5102116b40db,Chương II,"Xúc; 7/ Thụ; 8/ ái; 9/ Thủ; 10/ Hữu; 11/ Sinh; 12/ Lão - Tử. Trong đó ""vô minh"" là nguyên 
nhân đầu tiên 
3. Diệt đế (Nirodha - satya). Phật giáo cho rằng mọi nỗi khổ có thể tiêu diệt để đạt 
tới trạng thái Niết bàn. 
4. Đạo đế (Marga - s atya). Đạo đế chỉ ra con đường tiêu di ệt cái khổ. Đó là con 
đường ""tu đạo"", hoàn thi ện đạo đức cá nhân gồm 8 nguyên tắc (bát chính đạo): 1/ Chính 
kiến ( hiểu bi ết đúng t ứ đế); 2/ Chính t ư (suy ngh ĩ đúng đắn); 3/ Chính ngữ (nói lời 
đúng đắn); 4/ Chính nghiệp (giữ nghiệp không tác động xấu); 5/ Chính m ệnh (giữ ngăn 
dục vọng); 6/ Chính tinh tiến (rèn luyện tu lập không mệt mỏi); 7/ Chính niệm (có niềm tin 
bền vững vào giải thoát); 8/ Chính định (tập trung tư tưởng cao độ). Tám nguyên tắc trên có 
thể thâu tóm vào ""Tam học"", tức ba điều cần học tập và rèn l uyện là Gi ới - Định - Tu ệ. 
Giới là giữ cho thân, tâm thanh tịnh, trong sạch. Định là thu tâm, nhiếp tâm để cho s ức 
mạnh của tâm không bị ngoại cảnh làm xáo động. Tuệ là trí tuệ. Phật giáo coi trọng khai 
mở trí tuệ để thực hiện giải thoát. 
Sau khi Siddharta m ất, Phật giáo đã chia thành hai b ộ ph ận: Th ượng to ạ và Đại 
chúng. Phái Th ượng t ọa b ộ (Theravada) chủ trương duy trì giáo lý cùng cách hành đạo 
thời Đức Phật tại thế; phái Đại chúng bộ (Mahasamghika) với tư tưởng cải cách giáo lý và 
hành đạo cho phù hợp với thực tế. 
Khoảng thế kỷ II tr. CN xu ất hiện nhiều phái Phật giáo khác nhau, v ề triết học có 
hai phái đáng chú ý là phái Nh ất thi ết h ữu b ộ (Sarvaxtivadin) và phái Kinh l ượng b ộ 
(Sautrànstika). 
Vào đầu công nguyên, Ph ật giáo Đại thừa xuất hiện và"
Tóm tắt luận điểm có các từ khóa sau: bản chất của nhà nước.,Nhà nước là bộ máy quyền lực bắt nguồn từ giai cấp thống trị về kinh tế thiết lập để duy trì sự thống trị và trấn áp các giai cấp khác.,75770b9b-cdbf-4038-90e2-f25e1f4426fe_triethocmaclenin.pdf,175,Triết học Mác - Lênin,False,definition,MEDIUM,ebab342d7040e69757ff,Chương XII,"phương ti ện m ới để đàn áp và bóc l ột giai c ấp khác. Vì th ế, v ề b ản ch ất “Nhà n ước 
chẳng qua chỉ là một bộ máy của một giai cấp này dùng để trấn áp một giai cấp khác”1, 
là bộ máy dùng để duy trì sự thống trị của giai cấp này đối với giai cấp khác, là c ơ quan 
quyền lực của một giai c ấp đối với toàn xã h ội, là công c ụ chuyên chính c ủa một giai 
cấp. Không có và không th ể có nhà n ước đứng trên các giai c ấp hoặc nhà n ước chung 
cho mọi giai cấp. Nhà nước chính là một bộ máy do giai cấp thống trị về kinh tế thiết lập 
ra nhằm hợp pháp hóa và c ủng cố s ự áp b ức c ủa chúng đối với quần chúng lao động. 
Giai cấp thống trị sử dụng bộ máy nhà nước để đàn áp, c ưỡng b ức các giai c ấp khác 
trong khuôn khổ lợi ích của giai cấp thống trị. Đó là bản chất của nhà nước theo nguyên 
nghĩa, tức nhà nước của giai cấp bóc lột. 
Theo bản chất đó, nhà nước không thể là lực lượng điều hòa sự xung đột giai cấp, 
mà trái lại, nó càng làm cho mâu thuẫn giai cấp ngày càng gay g ắt. Cũng theo bản chất 
đó, nhà n ước là b ộ máy quan tr ọng nhất của kiến trúc th ượng tầng trong xã h ội có giai 
cấp. Tất cả những hoạt động chính tr ị, văn hóa, xã h ội do nhà n ước tiến hành, xét cho 
cùng, đều xuất phát từ lợi ích của giai cấp thống trị.  
Thực tế lịch sử đã chứng minh rằng, cho dù được che giấu dưới hình thức tinh vi 
như thế nào, cho dù có b ị khúc xạ qua những lăng kính phức tạp ra sao, nhà n ước trong 
mọi xã hội có giai c ấp đối kháng cũng chỉ là công cụ bảo vệ lợi ích của giai cấp thống 
trị. 
Tuy nhiên cũng có trường hợp, nhà nước giữ được một mức độ độc lập nào đó đối 
với "
Hãy giải thích kiến thức Triết học Mác - Lênin liên quan đến quy luật xã hội có đặc điểm gì so với quy luật tự nhiên.,"Quy luật xã hội theo cách trình bày của tài liệu tồn tại và tác động thông qua hoạt động của con người, thường biểu hiện như những xu hướng khách quan trong những điều kiện lịch sử nhất định.",75770b9b-cdbf-4038-90e2-f25e1f4426fe_triethocmaclenin.pdf,149,Triết học Mác - Lênin,False,comparison,MEDIUM,a2d6fec0b6fe372e26b3,Chương X," ằng hệ thống tự nhiên - xã h ội không tách kh ỏi việc 
nhận thức quy luật của xã hội và sử dụng những quy luật xã hội. 
2. Đặc điểm của quy luật xã hội 
Với tư cách là một bộ phận đặc thù của tự nhiên, xã hội vừa phải tuân theo những 
quy luật của tự nhiên, vừa phải tuân theo những quy luật ch ỉ v ốn có đối v ới xã h ội. 
Cũng nh ư các quy l uật t ự nhiên, các quy luật xã hội mang tính khách quan. Song, lịch 
sử phát triển của xã hội, về căn bản khác với lịch sử phát triển của tự nhiên ở một điểm: 
""Trong tự nhiên (ch ừng nào chúng ta không xét đến ảnh hưởng ngược trở lại của con 
người đối với tự nhiên) chỉ có những nhân tố vô ý thức và mù quáng tác động lẫn nhau, 
và chính trong s ự tác động lẫn nhau ấy mà quy luật chung biểu hiện ra... Trái l ại, trong 
lịch s ử xã h ội, nhân t ố ho ạt động hoàn toàn ch ỉ là nh ững con ng ười có ý th ức, hành 
động có suy ngh ĩ hay có nhi ệt tình theo đuổi những mục đích nhất định, thì không có gì 
xảy ra mà lại không có ý định tự giác, không có mục đích mong muốn""1. 
Do vậy, quy lu ật xã hội chẳng qua ch ỉ là quy lu ật hoạt động của con ng ười theo 
đuổi mục đích của mình. Mặc dù vậy, quy luật xã hội vẫn mang tính khách quan. 
Tính khách quan của quy luật xã hội thể hiện ở chỗ, tuy quy luật xã hội được biểu 
hiện thông qua ho ạt động của con ng ười nhưng nó không ph ụ thuộc vào ý th ức, ý chí 
của bất kỳ một cá nhân, hay một lực lượng xã hội nào. Bởi vì, bằng hoạt động thực tiễn, 
con người tạo ra xã hội, làm nên lịch sử; song, những hoạt động của con người được thực 
hiện trong những điều kiện sinh hoạt vật chất nhất định, trong những"
Nội dung là gì?,"Nội dung là tổng hợp tất cả những mặt, yếu tố, quá trình tạo nên sự vật.",75770b9b-cdbf-4038-90e2-f25e1f4426fe_triethocmaclenin.pdf,112,Triết học Mác - Lênin,False,definition,MEDIUM,b4a2ed37db291a9d46a3,Chương VII,"biến nó tạo ra sản phẩm cần thiết cho con người. Còn hình thức của quá trình sản xuất là 
trình tự kết hợp, thứ tự sắp xếp tương đối bền vững các yếu tố vật chất của quá trình sản 
xuất, quy định đến vị trí của người sản xuất đối với tư liệu sản xuất và s ản phẩm của 
quá trình sản xuất. 
Bất cứ sự vật nào c ũng có hình th ức bề ngoài c ủa nó. Song phép bi ện chứng duy 
vật chú ý chủ yếu đến hình thức bên trong của sự vật, nghĩa là cơ cấu bên trong của nội 
dung. Thí d ụ, nội dung m ột tác phẩm văn học là toàn  bộ những sự kiện của cuộc sống 
hiện thực mà tác ph ẩm phản ánh, còn hình th ức bên trong c ủa tác ph ẩm đó là th ể loại, 
những phương pháp thể hiện được tác giả sử dụng trong tác phẩm như phương pháp kết 
cấu bố cục, nghệ thuật xây dựng hình tượng, các thủ pháp miêu tả, tu từ... Ngoài ra, một 
tác ph ẩm v ăn h ọc còn  có hình th ức b ề ngoài nh ư m àu s ắc trình bày, kh ổ sách, ki ểu 
chữ... Trong cặp phạm trù nội dung và hình thức, phép biện chứng duy vật chủ yếu muốn 
nói đến hình th ức bên trong g ắn liền với nội dung, là c ơ cấu của nội dung ch ứ không 
muốn nói đến hình thức bề ngoài của sự vật. 
2. Mối quan hệ biện chứng giữa nội dung và hình thức 
a) Sự thống nhất giữa nội dung và hình thức 
Vì nội dung là những mặt, những yếu tố, những quá trình tạo nên sự vật, còn hình 
thức là hệ thống các mối liên hệ tương đối bền vững giữa các yếu tố của nội dung. Nên 
nội dung và hình th ức luôn g ắn bó ch ặt chẽ với nhau trong m ột thể thống nhất. Không 
có hình thức nào tồn tại thuần túy không chứa đựng nội dung, ngược lại cũng không có 
nội dung nào lại không tồn tạ"
Trình bày nội dung trọng tâm của giáo trình về quan điểm vô ngã trong Phật giáo cho rằng điều gì.,"Quan điểm vô ngã cho rằng vạn vật chỉ được hiểu là sự giả hợp do hội đủ nhân duyên, không có một thực thể cái tôi bất biến.",75770b9b-cdbf-4038-90e2-f25e1f4426fe_triethocmaclenin.pdf,15,Triết học Mác - Lênin,False,definition,MEDIUM,82c37acacf6c5dff3a26,Chương II,"t luân hồi và nghiệp, cũng tìm con đường ""giải thoát"" ra khỏi vòng 
luân hồi. Trạng thái chấm dứt luân hồi và nghiệp được gọi là Niết bàn. Nhưng Phật giáo khác 
các tôn giáo khác ở chỗ chúng sinh thuộc bất kỳ đẳng cấp nào cũng được ""giải thoát"". 
Phật giáo nhìn nhận thế giới tự nhiên cũng như nhân sinh bằng sự phân tích nhân - 
quả. Theo Ph ật giáo, nhân - quả là m ột chuỗi liên t ục không gián đoạn và không h ỗn 
loạn, có ngh ĩa là nhân nào qu ả ấy. Mối quan h ệ nhân qu ả này Ph ật giáo thường gọi là 
nhân duyên với ý nghĩa là một kết quả của nguyên nhân nào đó sẽ là nguyên nhân của một 
kết quả khác. 
Về thế giới tự nhiê n, bằng s ự phân tích nhâ n qu ả, Phật giáo cho rằng không thể 
tìm ra m ột nguyên nhân đầu tiên cho v ũ tr ụ, có ngh ĩa là không có m ột đấng Tối cao 
(Brahman) nào sáng t ạo ra v ũ trụ. Cùng v ới sự phủ định Brahman, Phật giáo c ũng phủ 
định phạm trù([Anatman], nghĩa là không có tôi) và quan điểm ""vô thường"". 
Quan điểm ""vô ngã"" cho r ằng vạn vật trong v ũ trụ chỉ là s ự ""giả hợp"" do h ội đủ 
nhân duyên nên thành ra ""có"" ( tồn tại). Ngay bản thân sự tồn tại của thực thể con người 
chẳng qua là do ""ng ũ uẩn"" (5 y ếu tố) hội tụ lại là: s ắc (vật chất), thụ (cảm giác), t ưởng 
(ấn tượng), hành (suy lý) và thức (ý thức). Như vậy là không có cái gọi là ""tôi"" (vô ngã). 
Quan điểm ""vô th ường"" cho r ằng vạn vật biến đổi vô cùng theo chu trình bất tận: 
sinh - trụ - dị - diệt. Vậy thì ""có có"" - ""không không"" luân hồi bất tận; ""thoáng có"", ""thoáng 
không"", cái còn thì chẳng còn, cái mất thì chẳng mất. 
Về nhân sinh quan , Phật giáo đặt vấn đề tìm ki ếm mục tiêu"
Cá nhân là gì?,"Cá nhân là con người cụ thể, riêng biệt, tồn tại với tư cách một chỉnh thể thống nhất giữa đặc điểm sinh học và xã hội.",75770b9b-cdbf-4038-90e2-f25e1f4426fe_triethocmaclenin.pdf,207,Triết học Mác - Lênin,False,definition,MEDIUM,74d19264957d6ea03a4f,Chương XIV," thức hướng con 
người tới hoạt động vật chất. Đó là biện chứng của mối quan hệ giữa con người và hoàn 
cảnh trong bất kỳ giai đoạn nào của lịch sử xã hội loài người. 
II- Quan hệ giữa cá nhân và xã hội 
1. Khái niệm cá nhân và nhân cách 
Cá nhân là khái ni ệm chỉ con ng ười c ụ th ể s ống trong một xã h ội nh ất định và 
được phân bi ệt v ới các cá th ể khác thông qua tính đơn nh ất và tính ph ổ bi ến c ủa nó. 
Khái niệm cá nhân c ũng được phân biệt với khái niệm con người, vì con ng ười là khái 
niệm dùng để chỉ tính phổ biến trong bản chất người của tất cả các cá nhân. 
Xã hội do các cá nhân t ạo nên. Các cá nhân s ống và ho ạt động trong các nhóm, 
cộng đồng và tập đoàn xã hội khác nhau, mang tính lịch sử xác định. Yếu tố xã hội là đặc 
trưng căn bản để hình thành cá nhân.  
Như vậy, cá nhân là một chỉnh thể đơn nhất, vừa mang tính cá biệt vừa mang tính 
phổ biến, là chủ thể của lao động, của mọi quan hệ xã hội và của nhận thức nhằm thực 
hiện chức năng cá nhân và ch ức năng xã h ội trong m ột giai đoạn phát tri ển nhất định 
của lịch sử xã hội. 
Nhân cách là khái ni ệm ch ỉ bản s ắc độc đáo, ri êng biệt của mỗi cá nhân, là n ội 
dung và tính ch ất bên trong c ủa mỗi cá nhân. B ởi vậy, nếu cá nhân là khái ni ệm chỉ sự 
khác biệt giữa cá thể với giống loài thì nhân cách là khái niệm chỉ sự khác biệt giữa các 
cá nhân. Cá nhân là phương thức biểu hiện của giống loài còn nhân cách vừa là nội dung, 
vừa là cách thức biểu hiện của mỗi cá nhân riêng biệt. 
Nhân cách biểu hiện thế giới cái tôi của mỗi cá nhân, là sự tổng hợp của các yếu tố 
sinh học, tâm lý, xã hội, tạo nên đặ"
Ôn tập mục kiến thức có các từ khóa: chủ nghĩa phơrớt gắn với lĩnh.,"Chủ nghĩa Phơrớt gắn theo cách trình bày của tài liệu với phân tâm học và việc lý giải đời sống tinh thần con người qua vô thức, bản năng và tâm lý cá nhân.",75770b9b-cdbf-4038-90e2-f25e1f4426fe_triethocmaclenin.pdf,71,Triết học Mác - Lênin,False,summary,MEDIUM,1f91f6160c641120cc51,Chương IV,"3. Chủ nghĩa Phơrớt 
Chủ ngh ĩa Ph ơrớt c ũng l à m ột tr ường phái có ảnh h ưởng rất lớn của trào l ưu 
chủ nghĩa nhân bản phi duy lý do nhà bệnh học tinh thần, nhà tâm lý học người áo, Phơrớt 
sáng lập. Học thuyết và phương pháp của Phơrớt, có ý ngh ĩa thế giới quan và nhân sinh 
quan tri ết học, có ảnh hưởng rộng lớn đối với các trường phái của chủ ngh ĩa nhân b ản 
tri ết h ọc p hương Tây h iện đại. 
Chủ nghĩa Phơrớt hình thành vào đầu thế kỷ XX trong b ối cảnh chủ nghĩa tư bản 
đang đi vào giai đoạn đế quốc chủ nghĩa, các mâu thuẫn xã hội ngày càng sâu sắc, bệnh 
tâm thần trong xã h ội phát triển nhanh. Sinh h ọc, sinh lý học, tâm lý h ọc, v.v., cũng có 
bước phát tri ển mạnh mẽ, khiến cho nh ững lý lu ận giải thích các hi ện tượng sinh lý và  
tâm lý của con người bằng quan điểm cơ giới dần dần được thay thế bằng nh ững lý l uận 
mới.  
Lý luận về vô thức là bộ phận quan trọng trong hệ thống phân tích tâm lý đầu tiên 
của Phơrớt. Ông chia quá trình tâm  lý của con người thành ba bậc: ý thức, tiềm thức và 
vô thức. Sự suy nghĩ của con người thường tiến hành giữa trạng thái vô th ức và ý th ức. 
ý thức là tâ m lý nh ận biết của con người. Thí dụ, một người nói với mình rằng trời sắp 
mưa, phải mau mau v ề nhà thì suy ngh ĩ đó tiến hành trong tr ạng thái ý th ức, tuân theo 
những hình thức lôgíc. Còn vô th ức là hiện tượng tâm lý n ằm ngoài phạm vi của lý trí, 
do b ản n ăng, thói quen và d ục v ọng c ủa con n gười gây ra. Ho ạt động tâm lý này ti ến 
hành theo nguyên tắc khoái cảm, tức là do tình c ảm và dục vọng chi phối, không bị hạn 
chế v ề th ời gian, không gian và"
Hãy giải thích kiến thức Triết học Mác - Lênin liên quan đến chủ nghĩa Phơrớt gắn với lĩnh vực nghiên cứu nào.,"Chủ nghĩa Phơrớt gắn theo cách trình bày của tài liệu với phân tâm học và việc lý giải đời sống tinh thần con người qua vô thức, bản năng và tâm lý cá nhân.",75770b9b-cdbf-4038-90e2-f25e1f4426fe_triethocmaclenin.pdf,71,Triết học Mác - Lênin,False,summary,MEDIUM,5fd4ebb6eb9f4cae7202,Chương IV,"3. Chủ nghĩa Phơrớt 
Chủ ngh ĩa Ph ơrớt c ũng l à m ột tr ường phái có ảnh h ưởng rất lớn của trào l ưu 
chủ nghĩa nhân bản phi duy lý do nhà bệnh học tinh thần, nhà tâm lý học người áo, Phơrớt 
sáng lập. Học thuyết và phương pháp của Phơrớt, có ý ngh ĩa thế giới quan và nhân sinh 
quan tri ết học, có ảnh hưởng rộng lớn đối với các trường phái của chủ ngh ĩa nhân b ản 
tri ết h ọc p hương Tây h iện đại. 
Chủ nghĩa Phơrớt hình thành vào đầu thế kỷ XX trong b ối cảnh chủ nghĩa tư bản 
đang đi vào giai đoạn đế quốc chủ nghĩa, các mâu thuẫn xã hội ngày càng sâu sắc, bệnh 
tâm thần trong xã h ội phát triển nhanh. Sinh h ọc, sinh lý học, tâm lý h ọc, v.v., cũng có 
bước phát tri ển mạnh mẽ, khiến cho nh ững lý lu ận giải thích các hi ện tượng sinh lý và  
tâm lý của con người bằng quan điểm cơ giới dần dần được thay thế bằng nh ững lý l uận 
mới.  
Lý luận về vô thức là bộ phận quan trọng trong hệ thống phân tích tâm lý đầu tiên 
của Phơrớt. Ông chia quá trình tâm  lý của con người thành ba bậc: ý thức, tiềm thức và 
vô thức. Sự suy nghĩ của con người thường tiến hành giữa trạng thái vô th ức và ý th ức. 
ý thức là tâ m lý nh ận biết của con người. Thí dụ, một người nói với mình rằng trời sắp 
mưa, phải mau mau v ề nhà thì suy ngh ĩ đó tiến hành trong tr ạng thái ý th ức, tuân theo 
những hình thức lôgíc. Còn vô th ức là hiện tượng tâm lý n ằm ngoài phạm vi của lý trí, 
do b ản n ăng, thói quen và d ục v ọng c ủa con n gười gây ra. Ho ạt động tâm lý này ti ến 
hành theo nguyên tắc khoái cảm, tức là do tình c ảm và dục vọng chi phối, không bị hạn 
chế v ề th ời gian, không gian và"
Hãy giải thích kiến thức Triết học Mác - Lênin liên quan đến nguồn gốc lý luận trực tiếp của triết học Mác.,"Nguồn gốc lý luận theo cách trình bày của tài liệu trực tiếp là triết học cổ điển Đức, đặc biệt là triết học Hêghen và Phoiơbắc.",75770b9b-cdbf-4038-90e2-f25e1f4426fe_triethocmaclenin.pdf,50,Triết học Mác - Lênin,False,history,MEDIUM,da5618e7aa8f3e1884e0,Chương III,"luận tiến bộ và cách mạng mới. Đó là lý luận thể hiện thế giới quan cách mạng của giai 
cấp cách m ạng tri ệt để nh ất trong l ịch s ử, do đó, k ết h ợp m ột cách h ữu c ơ tính các h 
mạng và tính khoa học trong bản chất của mình; nhờ đó, nó có khả năng giải đáp bằng lý 
luận những vấn đề của thời đại đặt ra. Lý luận như vậy đã được sáng tạo nên bởi C.Mác 
và Ph.Ăngghen, trong đó tri ết học đóng vai trò là c ơ sở lý lu ận chung: c ơ sở thế giới 
quan và phương pháp luận. ""Giống như triết học thấy giai cấp vô sản là vũ khi vật chất 
của mình, giai cấp vô sản cũng thấy triết học là vũ khí tinh thần của mình""1
2. Nguồn gốc lý luận và những tiền đề khoa học tự nhiên 
a) Nguồn gốc lý luận 
Để xây d ựng học thuyết của mình ngang t ầm cao c ủa trí tu ệ nhân lo ại, C.Mác và 
Ph.Ăngghen đã k ế th ừa nh ững thành t ựu trong l ịch s ử t ư t ưởng c ủa nhân lo ại. Lê nin 
viết: ""Lịch sử triết học và lịch sử khoa học xã hội chỉ ra một cách hoàn toàn rõ ràng rằng 
chủ nghĩa Mác không có gì là gi ống ""chủ nghĩa tông phái"", hi ểu theo nghĩa là m ột học 
thuyết đóng kín và c ứng nh ắc, n ảy sinh ở ngoài con đường phát tri ển v ĩ đại c ủa v ăn 
minh thế giới"". Người còn chỉ rõ, học thuyết của Mác ""ra đời là sự thừa kế thẳng và trực 
tiếp nh ững h ọc thuy ết c ủa nh ững đại bi ểu xu ất s ắc nh ất trong tri ết h ọc, trong kinh t ế 
chính trị học và trong chủ nghĩa xã hội""2. 
Triết h ọc c ổ điển Đức, đặc bi ệt v ới hai nhà tri ết h ọc tiêu bi ểu là Hêghen và 
Phoiơbắc, là nguồn gốc lý luận trực tiếp của triết học Mác. 
C.Mác và Ph. Ăngghen đã t ừng là nh ững ng ười theo h ọc tri ết h ọc Hêghen. "
Thuật toán Dijkstra tìm đường đi ngắn nhất ra sao?,Tôi chưa tìm thấy thông tin này trong tài liệu đã được huấn luyện.,,,Triết học Mác - Lênin,True,out_of_scope,MEDIUM,daf62942abe811a90510,OUT_OF_SCOPE,
Vì sao triết học thời cổ đại từng được xem là khoa học của mọi khoa học?,"Vì khi mới ra đời, triết học được xem là hình thái cao nhất của tri thức, bao hàm tri thức về hầu hết các lĩnh vực và chưa có đối tượng riêng tách biệt.",75770b9b-cdbf-4038-90e2-f25e1f4426fe_triethocmaclenin.pdf,4,Triết học Mác - Lênin,False,history,MEDIUM,72bdb9816a531175b15d,Chương I,"Khái quát l ại, có th ể hiểu: Triết học là hệ thống tri th ức lý lu ận chung nh ất của 
con người về thế giới; về vị trí, vai trò của con người trong thế giới ấy. 
Triết học ra đời do hoạt động nhận thức của con người phục vụ nhu cầu sống; song, 
với tư cách là hệ thống tri thức lý luận chung nh ất, triết học chỉ có thể xuất hiện trong 
những điều kiện nhất định sau đây: 
Con người đã phải có một vốn hiểu biết nhất định và đạt đến khả năng rút ra được 
cái chung trong muôn vàn những sự kiện, hiện tượng riêng lẻ.  
Xã hội đã phát triển đến thời kỳ hình thành tầng lớp lao động trí óc. H ọ đã nghiên 
cứu, hệ thống hóa các quan điểm, quan niệm rời rạc lại thành học thuyết, thành lý luận và 
triết học ra đời. 
Tất cả những điều trên cho thấy: Triết học ra đời từ thực tiễn, do nhu cầu của thực 
tiễn; nó có nguồn gốc nhận thức và nguồn gốc xã hội. 
b) Đối tượng của triết học  
Trong quá trình phát tri ển, đối t ượng c ủa tri ết h ọc thay đổi theo t ừng giai đoạn 
lịch sử. 
Ngay từ khi mới ra đời, triết học được xem là hình thái cao nh ất của tri thức, bao 
hàm trong nó tri th ức về tất cả các l ĩnh vực không có đối tượng riêng. Đây là nguyên 
nhân sâu xa l àm nảy sinh quan ni ệm cho r ằng, triết h ọc l à khoa học của mọi khoa 
học, đặc biệt là ở triết học t ự nhiên c ủa Hy L ạp c ổ đại. Thời kỳ này, tri ết h ọc đã đạt 
được nhiều thành tựu rực rỡ mà ảnh hưởng của nó còn in đậm đối với sự phát triển của 
tư tưởng triết học ở Tây Âu. 
Thời kỳ trung cổ, ở Tây Âu khi quyền lực của Giáo hội bao trùm mọi lĩnh vực đời 
sống xã hội thì triết học trở thành nô lệ của thần học. Nền triết học"
Trình bày nội dung trọng tâm của giáo trình về tính thống nhất vật chất của thế giới khẳng định điều gì.,"Nó khẳng định thế giới thống nhất ở tính vật chất, các sự vật và hiện tượng đều được hiểu là những dạng tồn tại khác nhau của vật chất.",75770b9b-cdbf-4038-90e2-f25e1f4426fe_triethocmaclenin.pdf,77,Triết học Mác - Lênin,False,definition,MEDIUM,df92bf29accb130f5c4e,Chương V,"I- vật chất và các phương thức tồn tại của vật chất 
1. Tính thống nhất vật chất của thế giới 
Nếu quan sát ta th ấy, các sự vật và hiện tượng trong thế giới cực kỳ đa dạng; mặt 
khác, chúng c ũng r ất g ắn bó h ết s ức mật thi ết v ới nhau, ph ụ thu ộc vào nhau và hoàn 
toàn thống nhất với nhau.  
Các nhà tri ết h ọc duy tâm  tì m ngu ồn g ốc, b ản ch ất c ủa t hế gi ới ở ""ý ni ệm 
tuyệt đối"" ho ặc ở ý th ức con ng ười; ng ược l ại thì các nhà duy v ật tr ước Mác có 
khuynh h ướng chung là tìm  ngu ồn g ốc, b ản ch ất c ủa th ế giới ngay trong b ản thân nó. 
Nhưng do ảnh hưởng c ủa quan điểm siêu hình - m áy móc nên h ọ cho r ằng m ọi hi ện 
tượng của thế giới đều được cấu tạo từ những vật thể ban đầu giống nhau, th ống nhất 
với nhau, cùng bị chi phối bởi một số quy luật nhất định. Quan điểm ấy không phản ánh 
được tính nhiều vẻ, tính vô tận của thế giới hiện thực.  
 Bằng sự phát tri ển lâu dài c ủa bản thân tr iết học và s ự phát tri ển của khoa h ọc, 
chủ nghĩa duy vật biện chứng khẳng định rằng, bản chất của thế giới là vật chất, thế giới 
thống nhất ở tính vật chất. Điều đó được thể hiện ở những điểm cơ bản sau đây: 
Một là, chỉ có m ột thế giới duy nh ất và th ống nhất là th ế giới vật chất. Thế giới 
vật chất tồn tại khách quan, có trước và độc lập với ý thức con người. 
Hai là, mọi bộ phận của thế giới vật chất đều có mối liên hệ thống nhất với nhau, 
biểu hiện ở chỗ chúng đều là những dạng cụ thể của vật chất, là những kết cấu vật chất, 
hoặc có nguồn gốc vật chất, do vật chất sinh ra và cùng ch ịu sự chi phối của những quy 
luật khách quan phổ biến của thế giới "
Trình bày nội dung trọng tâm của giáo trình về phương pháp siêu hình nhận thức đối tượng.,"Phương pháp siêu hình theo cách trình bày của tài liệu nhận thức đối tượng trong trạng thái cô lập, tách rời, tĩnh tại và thường chỉ thấy biến đổi về lượng do nguyên nhân bên ngoài.",75770b9b-cdbf-4038-90e2-f25e1f4426fe_triethocmaclenin.pdf,10,Triết học Mác - Lênin,False,definition,MEDIUM,6568e2ba70bfd760be0f,Chương I,"Phương pháp bi ện ch ứng ph ản ánh ""bi ện ch ứng khách quan"" trong s ự v ận động, phát 
triển của thế giới. Lý luận triết học của phương pháp đó được gọi là ""phép biện chứng"". 
1. Sự đối lập giữa phương pháp siêu hình và phương pháp biện chứng 
a) Phương pháp siêu hình 
Phương pháp siêu hình là phương pháp: 
+ Nhận thức đối tượng ở trạng thái cô lập, tách rời đối tượng ra khỏi các chỉnh thể 
khác và giữa các mặt đối lập nhau có một ranh giới tuyệt đối. 
+ Nhận thức đối tượng ở trạng thái t ĩnh tại; nếu có sự biến đổi thì đấy chỉ là s ự 
biến đổi về số lượng, nguyên nhân của sự biến đổi nằm ở bên ngoài đối tượng. 
Phương pháp siêu hình làm  cho con ng ười ""chỉ nhìn thấy những sự vật riêng bi ệt 
mà không nhìn th ấy mối liên h ệ qua l ại giữa những sự vật ấy, chỉ nhìn th ấy sự tồn tại 
của những sự vật ấy mà không nhìn th ấy sự phát sinh và s ự tiêu vong c ủa những sự vật 
ấy, ch ỉ nhìn th ấy tr ạng thái t ĩnh c ủa nh ững s ự v ật ấy m à quên m ất s ự v ận động c ủa 
những sự vật ấy, chỉ nhìn thấy cây mà không thấy rừng""1. 
Phương pháp siêu hình bắt nguồn từ chỗ muốn nhận thức một đối tượng nào trước 
hết con người cũng phải tách đối tượng ấy ra khỏi những mối liên hệ và nhận thức nó ở 
trạng thái không bi ến đổi trong m ột không gian và th ời g ian xác định. Song ph ương 
pháp siêu hình chỉ có tác dụng trong một phạm vi nhất định bởi hiện thực không rời rạc 
và ngưng đọng như phương pháp này quan niệm. 
b) Phương pháp biện chứng  
Phương pháp biện chứng là phương pháp: 
+ Nhận thức đối tượng ở trong các m ối liên hệ với nhau, ảnh hưởng nhau, ràng 
buộc nhau. 
+ Nhận thức đối"
Trình bày nội dung trọng tâm của giáo trình về quan niệm phương Đông cổ đại về con người thường gắn với điều gì.,"Nó thường gắn con theo cách trình bày của tài liệu người với trật tự vũ trụ, đạo đức, cộng đồng và sự hòa hợp giữa con người với tự nhiên, xã hội.",75770b9b-cdbf-4038-90e2-f25e1f4426fe_triethocmaclenin.pdf,202,Triết học Mác - Lênin,False,summary,MEDIUM,84bf0daa3c11d322d910,Chương XIV,"iết học về con ng ười là m ột nội dung l ớn trong l ịch sử triết học 
nhân lo ại. Đó là nh ững v ấn đề: Con ng ười là gì? B ản tính, b ản ch ất con ng ười? M ối 
quan hệ giữa con người và thế giới? Con người có thể làm gì để giải phóng mình, đạt tới 
tự do?.... Đây cũng chính là n ội dung  c ơ bản của nhân sinh quan – m ột nội dung c ấu 
thành thế giới quan triết học. 
Tuỳ theo điều kiện lịch sử của mỗi thời đại mà nổi trội lên vấn đề này hay vấn đề 
kia. Đồng thời, tuỳ theo giác độ tiếp c ận khác nhau m à các tr ường phái tri ết h ọc, các 
nhà triết học trong lịch sử có những phát hiện, đóng góp khác nhau trong vi ệc lý giải về 
con ng ười. M ặt khác trong khi gi ải quy ết nh ững v ấn đề trên, m ỗi nhà tri ết h ọc, m ỗi 
trường phái tri ết h ọc có th ể lại đứng trên l ập trường th ế gi ới quan, ph ương pháp lu ận 
khác nhau: Duy vật hoặc duy tâm, biện chứng hoặc siêu hình... 
Trong nền triết học Trung Hoa suốt chiều dài lịch sử trên hai ngàn n ăm cổ - trung 
đại, vấn đề bản tính con ng ười là v ấn đề được quan tâm  hàng đầu. Giải quyết vấn đề 
này, các nhà t ư tưởng của Nho gia và Pháp gia đã tiếp cận từ giác độ hoạt động thực 
tiễn chính trị, đạo đức của xã hội và đi đến kết luận bản tính người là Thiện (Nho gia) và 
bản tính ng ười là Bất Thiện (Pháp gia). Các nhà t ư tưởng của Đạo gia, ngay t ừ Lão t ử 
thời Xuân Thu, lại tiếp cận giải quyết vấn đề bản tính người từ giác độ khác và đi tới kết 
luận bản tính T ự Nhiên của con ng ười. Sự khác nhau v ề giác độ tiếp cận và v ới những 
kết luận khác nhau v ề bản tính con ng ười đã là ti ền đề xuất phát cho nh ững quan điểm 
"
Hãy giải thích kiến thức Triết học Mác - Lênin liên quan đến các tính chất cơ bản của mối liên hệ.,"Mối liên hệ có theo cách trình bày của tài liệu tính khách quan, tính phổ biến và tính đa dạng, phong phú.",75770b9b-cdbf-4038-90e2-f25e1f4426fe_triethocmaclenin.pdf,96,Triết học Mác - Lênin,False,listing,MEDIUM,e33c9f0868ff43038fd5,Chương VI,"tượng tạo thành thế giới, dù có đa dạng, phong phú, có khác nhau bao nhiêu, song chúng 
đều chỉ là nh ững dạng khác nhau c ủa một th ế gi ới duy nh ất, th ống nh ất - th ế gi ới v ật 
chất. Nhờ có tính th ống nhất đó, chúng không th ể tồn tại biệt lập, tách rời nhau, mà tồn 
tại trong sự tác động qua lại, chuyển hóa l ẫn nhau theo nh ững quan h ệ xác định. Chính 
trên c ơ sở đó, tri ết h ọc duy v ật biện ch ứng kh ẳng định rằng, liên hệ là ph ạm trù tri ết 
học dùng để chỉ sự quy định, sự tác động qua lại, sự chuyển hóa l ẫn nhau giữa các sự 
vật, hiện tượng hay giữa các mặt của một sự vật, của một hiện tượng trong thế giới. 
2. Các tính chất của mối liên hệ 
Theo quan điểm của chủ nghĩa duy vật biện chứng, mối liên hệ có ba tính chất cơ 
bản: Tính khách quan, tính phổ biến và tính đa dạng, phong phú. 
- Tính khách quan của mối liên hệ biểu hiện: các mối liên hệ là vốn có của mọi sự 
vật, hiện tượng; nó không phụ thuộc vào ý thức của con người. 
- Tính phổ biến của mối liên hệ biểu hiện: bất kỳ một sự vật, hiện tượng nào; ở bất 
kỳ không gian nào và ở bất kỳ thời gian nào cũng có mối liên hệ với những sự vật, hiện 
tượng khác. Ngay trong cùng một sự vật, hiện tượng thì bất kỳ một thành phần nào, một 
yếu tố nào cũng có mối liên hệ với những thành phần, những yếu tố khác. 
- Tính đa dạng, phong phú của mối liên hệ biểu hiện: sự vật khác nhau, hiện tượng 
khác nhau, không gian khác nhau, thời gian khác nhau thì các mối liên hệ biểu hiện khác 
nhau. Có thể chia các mối liên hệ thành nhiều loại: mối liên hệ bên trong, mối liên hệ bên 
ngoài, mối liên hệ chủ yếu, mối liên hệ thứ"
"Theo giáo trình, đáng tin cậy nhất mới là gì?","Theo h ọ, tri ết h ọc không nên nghiên cứu những vấn đề như bản chất của sự vật, các quy luật chung của thế giới, v.v. mà đi tìm phương pháp khoa học có hiệu quả nhất, đáng tin cậy nhất mới là nội dung chủ yếu của việc nghiên cứu triết học.",75770b9b-cdbf-4038-90e2-f25e1f4426fe_triethocmaclenin.pdf,66,Triết học Mác - Lênin,False,definition,MEDIUM,07dab9f2af52643b95d8,Chương IV," lý. 
Chủ nghĩa duy lý và chủ nghĩa nhân đạo là hai vũ khí tư tưởng của giai cấp tư sản 
chống lại chế độ phong kiến, th ần học và ch ủ ngh ĩa kinh vi ện. Trong cu ộc đấu tranh 
của giai c ấp t ư s ản nh ằm xác l ập và phát tri ển c hủ ngh ĩa t ư b ản, ch ống chuyên ch ế 
phong kiến thì chủ nghĩa duy lý và chủ nghĩa nhân đạo thống nhất với nhau và đã có vai 
trò lịch sử tiến bộ. 
Dưới chế độ tư bản, tiến bộ của khoa học kỹ thuật đã thúc đẩy sản xuất phát triển 
mạnh mẽ nhưng vẫn không đưa lại ""tự do, bình đẳng, bác ái"". Trái lại, nó còn dẫn đến các 
cuộc khủng hoảng xã h ội, khủng hoảng tinh th ần, khủng hoảng sinh thái, khủng hoảng 
nhân cách ngày càng sâu sắc, đẩy con người vào tình trạng tha hóa toàn diện và nặng nề hơn. 
Trong điều kiện lịch sử đó, triết học phương Tây đã diễn ra sự tách biệt và sự đối 
lập gi ữa ch ủ ngh ĩa duy l ý và chủ nghĩa nhân b ản. Trào l ưu duy khoa h ọc và trào l ưu 
nhân bản phi duy lý dường như là đối lập nhau, nhưng trên thực tế lại bổ sung cho nhau, 
vì chúng đều đều phản ánh nh ững mâu thuẫn cơ bản trong lòng ch ủ nghĩa tư bản hiện 
đại.   
1. Chủ nghĩa thực chứng 
Các triết gia thuộc trào lưu chủ nghĩa duy khoa học chủ trương xây dựng triết học 
theo mô hình ""các khoa h ọc thực ch ứng"". Theo h ọ, tri ết h ọc không nên nghiên c ứu 
những vấn đề như bản chất của sự vật, các quy  luật chung c ủa thế giới, v.v. mà đi tìm 
phương pháp khoa học có hiệu quả nhất, đáng tin cậy nhất mới là nội dung chủ yếu của 
việc nghiên cứu triết học. 
Trong các tr ường phái theo ch ủ ngh ĩa duy khoa h ọc, tr ường phái có ảnh h ưởng 
lớn và lâu nhất là chủ ngh"
Tóm tắt luận điểm có các từ khóa sau: chủ nghĩa Phơrớt gắn với lĩnh vực nghiên cứu nào.,"Chủ nghĩa Phơrớt gắn theo cách trình bày của tài liệu với phân tâm học và việc lý giải đời sống tinh thần con người qua vô thức, bản năng và tâm lý cá nhân.",75770b9b-cdbf-4038-90e2-f25e1f4426fe_triethocmaclenin.pdf,71,Triết học Mác - Lênin,False,summary,MEDIUM,93dc9ab829ab28bbd0be,Chương IV,"3. Chủ nghĩa Phơrớt 
Chủ ngh ĩa Ph ơrớt c ũng l à m ột tr ường phái có ảnh h ưởng rất lớn của trào l ưu 
chủ nghĩa nhân bản phi duy lý do nhà bệnh học tinh thần, nhà tâm lý học người áo, Phơrớt 
sáng lập. Học thuyết và phương pháp của Phơrớt, có ý ngh ĩa thế giới quan và nhân sinh 
quan tri ết học, có ảnh hưởng rộng lớn đối với các trường phái của chủ ngh ĩa nhân b ản 
tri ết h ọc p hương Tây h iện đại. 
Chủ nghĩa Phơrớt hình thành vào đầu thế kỷ XX trong b ối cảnh chủ nghĩa tư bản 
đang đi vào giai đoạn đế quốc chủ nghĩa, các mâu thuẫn xã hội ngày càng sâu sắc, bệnh 
tâm thần trong xã h ội phát triển nhanh. Sinh h ọc, sinh lý học, tâm lý h ọc, v.v., cũng có 
bước phát tri ển mạnh mẽ, khiến cho nh ững lý lu ận giải thích các hi ện tượng sinh lý và  
tâm lý của con người bằng quan điểm cơ giới dần dần được thay thế bằng nh ững lý l uận 
mới.  
Lý luận về vô thức là bộ phận quan trọng trong hệ thống phân tích tâm lý đầu tiên 
của Phơrớt. Ông chia quá trình tâm  lý của con người thành ba bậc: ý thức, tiềm thức và 
vô thức. Sự suy nghĩ của con người thường tiến hành giữa trạng thái vô th ức và ý th ức. 
ý thức là tâ m lý nh ận biết của con người. Thí dụ, một người nói với mình rằng trời sắp 
mưa, phải mau mau v ề nhà thì suy ngh ĩ đó tiến hành trong tr ạng thái ý th ức, tuân theo 
những hình thức lôgíc. Còn vô th ức là hiện tượng tâm lý n ằm ngoài phạm vi của lý trí, 
do b ản n ăng, thói quen và d ục v ọng c ủa con n gười gây ra. Ho ạt động tâm lý này ti ến 
hành theo nguyên tắc khoái cảm, tức là do tình c ảm và dục vọng chi phối, không bị hạn 
chế v ề th ời gian, không gian và"
Định luật bảo toàn động lượng được phát biểu ra sao?,Tôi chưa tìm thấy thông tin này trong tài liệu đã được huấn luyện.,,,Triết học Mác - Lênin,True,out_of_scope,MEDIUM,70c5c7b18f4aa48c6c10,OUT_OF_SCOPE,
Hãy giải thích kiến thức Triết học Mác - Lênin liên quan đến ý thức thẩm mỹ.,"Ý thức thẩm mỹ theo cách trình bày của tài liệu là hình thái ý thức xã hội phản ánh hiện thực dưới góc độ cái đẹp, thị hiếu thẩm mỹ và lý tưởng thẩm mỹ.",75770b9b-cdbf-4038-90e2-f25e1f4426fe_triethocmaclenin.pdf,199,Triết học Mác - Lênin,False,definition,MEDIUM,439c1efe66fc74fba470,Chương XIII," x uất - trong đối t ượng lao động, k ỹ thu ật, quá trình công 
nghệ và c ả trong nh ững hình th ức t ổ ch ức t ương ứng c ủa s ản xu ất; ng ười lao động 
không còn là nhân t ố thao tác tr ực tiếp trong hệ thống kỹ thuật mà chủ yếu là vận dụng 
tri thức khoa h ọc để điều khiển quá trình s ản xuất; khoa h ọc cho phép hoàn thi ện các 
phương pháp sản xuất, hoàn thiện việc quản lý kinh tế. Hơn nữa khoa học còn trở thành 
một ngành hoạt động sản xuất với quy mô ngày càng l ớn, bao hàm  hàng lo ạt các v iện, 
phòng thí nghiệm, trạm, trại, xí nghiệp với số cán bộ khoa học ngày càng tăng, vốn đầu 
tư ngày càng l ớn, hiệu quả đầu tư ngày càng cao. Do nh ững biến đổi căn bản về vai trò 
của khoa học đối với sản xuất mà khoa học trở thành lực lượng sản xuất trực tiếp. 
5. ý thức thẩm mỹ 
ý thức thẩm mỹ là sự phản ánh hiện thực vào ý th ức con người trong quan h ệ với 
nhu cầu thưởng thức và sáng t ạo Cái Đẹp. Trong các hình th ức hoạt động thưởng thức 
và sáng tạo Cái Đẹp thì nghệ thuật là hình thức biểu hiện cao nhất của ý thức thẩm mỹ. 
Nghệ thuật ra đời từ rất sớm ngay từ khi xã hội chưa phân chia thành giai cấp. Quá 
trình hình thành nghệ thuật gắn liền với lao động của con người, với thực ti ễn xã h ội. 
Những dấu vết đầu tiên của nghệ thuật đều thuộc về thời kỳ con người đã biết sản xuất 
ra những công cụ bằng đá, bằng xương, bằng sừng, v.v.. 
Cũng như các hình thái ý thức xã hội khác, nghệ thuật bắt nguồn từ tồn tại xã h ội. 
Khác với khoa học và triết học, phản ánh thế giới hiện thực bằng khái niệm, phạm trù, quy 
luật, ngh ệ thu ật ph ản ánh th ế gi ới m ột cách s inh động, "
Ownership trong Rust hoạt động như thế nào?,Tôi chưa tìm thấy thông tin này trong tài liệu đã được huấn luyện.,,,Triết học Mác - Lênin,True,out_of_scope,MEDIUM,06bd6895d904ad28ba6e,OUT_OF_SCOPE,
Trình bày nội dung trọng tâm của giáo trình về ba loại hình thế giới quan cơ bản theo quá trình phát triển.,"Ba loại hình cơ bản được hiểu là thế giới quan huyền thoại, thế giới quan tôn giáo và thế giới quan triết học.",75770b9b-cdbf-4038-90e2-f25e1f4426fe_triethocmaclenin.pdf,6,Triết học Mác - Lênin,False,listing,MEDIUM,4fcd44806f798269359c,Chương I,"Giải quyết vấn đề cơ bản của triết học không chỉ xác định được nền tảng và điểm 
xuất phát để giải quyết các vấn đề khác của triết học mà nó còn là tiêu chuẩn để xác định 
lập trường, thế giới quan của các triết gia và học thuyết của họ. 
Vấn đề cơ bản của triết học có hai mặt, mỗi mặt phải trả lời cho một câu hỏi lớn. 
Mặt thứ nhất: Giữa ý thức và vật chất thì cái nào có trước, cái nào có sau, cái nào 
quyết định cái nào? 
Mặt thứ hai: Con người có khả năng nhận thức được thế giới hay không? 
Trả lời cho hai câu hỏi trên liên quan mật thiết đến việc hình thành các trường phái 
triết học và các học thuyết về nhận thức của triết học. 
II- Chức năng thế giới quan của triết học 
1. Triết học - hạt nhân lý luận của thế giới quan 
Thế giới quan là toàn bộ những quan niệm của con người về thế giới, về bản thân 
con người, về cuộc sống và vị trí của con người trong thế giới đó. 
Trong th ế gi ới quan có s ự hoà nh ập gi ữa tri th ức và ni ềm tin. Tri th ức là c ơ s ở 
trực tiếp cho sự hình thành th ế giới quan, song nó ch ỉ gia nhập thế giới quan khi nó đã 
trở thành niềm tin định hướng cho hoạt động của con người. 
Có nhiều cách tiếp cận để nghiên cứu về thế giới quan. Nếu xét theo quá trình phát 
triển thì có th ể chia th ế giới quan thành ba loại hình cơ bản: Thế giới quan huyền thoại, 
thế giới quan tôn giáo và thế giới quan triết học. 
Thế gi ới quan huy ền thoại là phương thức cảm nh ận th ế gi ới c ủa ng ười nguyên 
thủy. ở thời kỳ này, các y ếu tố tri t hức và c ảm xúc, lý trí v à tín ng ưỡng, hi ện thực và 
tưởng tượng, cái thật và cái ảo, cái thần và cái người, v.v. của "
Diệt đế trong Phật giáo nêu nội dung gì?,Diệt đế cho rằng mọi nỗi khổ có thể bị tiêu diệt để đạt tới trạng thái giải thoát hay Niết bàn.,75770b9b-cdbf-4038-90e2-f25e1f4426fe_triethocmaclenin.pdf,16,Triết học Mác - Lênin,False,definition,MEDIUM,11ab9f6ba22ed35e066d,Chương II,"Xúc; 7/ Thụ; 8/ ái; 9/ Thủ; 10/ Hữu; 11/ Sinh; 12/ Lão - Tử. Trong đó ""vô minh"" là nguyên 
nhân đầu tiên 
3. Diệt đế (Nirodha - satya). Phật giáo cho rằng mọi nỗi khổ có thể tiêu diệt để đạt 
tới trạng thái Niết bàn. 
4. Đạo đế (Marga - s atya). Đạo đế chỉ ra con đường tiêu di ệt cái khổ. Đó là con 
đường ""tu đạo"", hoàn thi ện đạo đức cá nhân gồm 8 nguyên tắc (bát chính đạo): 1/ Chính 
kiến ( hiểu bi ết đúng t ứ đế); 2/ Chính t ư (suy ngh ĩ đúng đắn); 3/ Chính ngữ (nói lời 
đúng đắn); 4/ Chính nghiệp (giữ nghiệp không tác động xấu); 5/ Chính m ệnh (giữ ngăn 
dục vọng); 6/ Chính tinh tiến (rèn luyện tu lập không mệt mỏi); 7/ Chính niệm (có niềm tin 
bền vững vào giải thoát); 8/ Chính định (tập trung tư tưởng cao độ). Tám nguyên tắc trên có 
thể thâu tóm vào ""Tam học"", tức ba điều cần học tập và rèn l uyện là Gi ới - Định - Tu ệ. 
Giới là giữ cho thân, tâm thanh tịnh, trong sạch. Định là thu tâm, nhiếp tâm để cho s ức 
mạnh của tâm không bị ngoại cảnh làm xáo động. Tuệ là trí tuệ. Phật giáo coi trọng khai 
mở trí tuệ để thực hiện giải thoát. 
Sau khi Siddharta m ất, Phật giáo đã chia thành hai b ộ ph ận: Th ượng to ạ và Đại 
chúng. Phái Th ượng t ọa b ộ (Theravada) chủ trương duy trì giáo lý cùng cách hành đạo 
thời Đức Phật tại thế; phái Đại chúng bộ (Mahasamghika) với tư tưởng cải cách giáo lý và 
hành đạo cho phù hợp với thực tế. 
Khoảng thế kỷ II tr. CN xu ất hiện nhiều phái Phật giáo khác nhau, v ề triết học có 
hai phái đáng chú ý là phái Nh ất thi ết h ữu b ộ (Sarvaxtivadin) và phái Kinh l ượng b ộ 
(Sautrànstika). 
Vào đầu công nguyên, Ph ật giáo Đại thừa xuất hiện và"
Tóm tắt luận điểm có các từ khóa sau: nguồn gốc lý luận trực tiếp của triết học Mác.,"Nguồn gốc lý luận theo cách trình bày của tài liệu trực tiếp là triết học cổ điển Đức, đặc biệt là triết học Hêghen và Phoiơbắc.",75770b9b-cdbf-4038-90e2-f25e1f4426fe_triethocmaclenin.pdf,50,Triết học Mác - Lênin,False,history,MEDIUM,cdee30cbfc831b358794,Chương III,"luận tiến bộ và cách mạng mới. Đó là lý luận thể hiện thế giới quan cách mạng của giai 
cấp cách m ạng tri ệt để nh ất trong l ịch s ử, do đó, k ết h ợp m ột cách h ữu c ơ tính các h 
mạng và tính khoa học trong bản chất của mình; nhờ đó, nó có khả năng giải đáp bằng lý 
luận những vấn đề của thời đại đặt ra. Lý luận như vậy đã được sáng tạo nên bởi C.Mác 
và Ph.Ăngghen, trong đó tri ết học đóng vai trò là c ơ sở lý lu ận chung: c ơ sở thế giới 
quan và phương pháp luận. ""Giống như triết học thấy giai cấp vô sản là vũ khi vật chất 
của mình, giai cấp vô sản cũng thấy triết học là vũ khí tinh thần của mình""1
2. Nguồn gốc lý luận và những tiền đề khoa học tự nhiên 
a) Nguồn gốc lý luận 
Để xây d ựng học thuyết của mình ngang t ầm cao c ủa trí tu ệ nhân lo ại, C.Mác và 
Ph.Ăngghen đã k ế th ừa nh ững thành t ựu trong l ịch s ử t ư t ưởng c ủa nhân lo ại. Lê nin 
viết: ""Lịch sử triết học và lịch sử khoa học xã hội chỉ ra một cách hoàn toàn rõ ràng rằng 
chủ nghĩa Mác không có gì là gi ống ""chủ nghĩa tông phái"", hi ểu theo nghĩa là m ột học 
thuyết đóng kín và c ứng nh ắc, n ảy sinh ở ngoài con đường phát tri ển v ĩ đại c ủa v ăn 
minh thế giới"". Người còn chỉ rõ, học thuyết của Mác ""ra đời là sự thừa kế thẳng và trực 
tiếp nh ững h ọc thuy ết c ủa nh ững đại bi ểu xu ất s ắc nh ất trong tri ết h ọc, trong kinh t ế 
chính trị học và trong chủ nghĩa xã hội""2. 
Triết h ọc c ổ điển Đức, đặc bi ệt v ới hai nhà tri ết h ọc tiêu bi ểu là Hêghen và 
Phoiơbắc, là nguồn gốc lý luận trực tiếp của triết học Mác. 
C.Mác và Ph. Ăngghen đã t ừng là nh ững ng ười theo h ọc tri ết h ọc Hêghen. "
"Theo giáo trình, tâm lý xã h ội gồm những nội dung nào?","Tâm lý xã h ội bao gồm toàn bộ tình cảm, ước muốn, tâm trạng, t ập quán... của con người, của m ột bộ phận xã h ội ho ặc của toàn xã hội hình thành d ưới ảnh hưởng trực tiếp của đời sống hàng ngày của họ và phản ánh đời sống đó.",75770b9b-cdbf-4038-90e2-f25e1f4426fe_triethocmaclenin.pdf,188,Triết học Mác - Lênin,False,listing,MEDIUM,0b155cb5c57406096a5d,Chương XIII,"ý thức lý luận là những tư tưởng, quan điểm đã được hệ thống hóa, khái quát hóa 
thành các học thuyết xã hội, được trình bày d ưới dạng những khái niệm, phạm trù, quy 
luật. ý thức lý luận (lý luận khoa học) có khả năng phản ánh hiện thực khách quan m ột 
cách khái quát, sâu sắc và chính xác, vạch ra các mối liên hệ bản chất của các sự vật và 
hiện tượng. ý th ức lý lu ận đạt trình độ cao và mang tính h ệ thống tạo thành các h ệ tư 
tưởng.  
Quan hệ giữa tâm lý xã hội và hệ tư tưởng. 
Tâm lý xã h ội bao gồm toàn bộ tình cảm, ước muốn, tâm trạng, t ập quán... c ủa 
con ng ười, c ủa m ột b ộ ph ận xã h ội ho ặc của toàn xã hội hình thành d ưới ảnh hưởng 
trực tiếp của đời sống hàng ngày của họ và phản ánh đời sống đó. 
Đặc điểm của tâm lý xã h ội là ph ản ánh m ột cách tr ực ti ếp điều ki ện sinh s ống 
hàng ngày của con người, là sự phản ánh có tính chất tự phát, thường ghi lại những mặt 
bề ngoài của tồn tại xã hội. Nó không có kh ả năng vạch ra đầy đủ, rõ ràng, sâu s ắc bản 
chất các mối quan hệ xã hội của con người.  
Những quan ni ệm c ủa con ng ười ở trình  độ t âm l ý x ã h ội còn mang t ính kinh 
nghiệm, chưa được thể hiện về mặt lý luận, yếu tố trí tuệ đan xem với yếu tố tình cảm. Tuy 
nhiên, không thể phủ nhận vai trò quan tr ọng của tâm lý xã hội trong sự phát triển của ý 
thức xã h ội. C.Mác, Ph.Ăngghen, V.I.Lênin và H ồ Chí Minh r ất coi tr ọng việc nghiên 
cứu trạng thái tâm lý xã hội của nhân dân để hiểu nhân dân, giáo dục nhân dân, đưa nhân 
dân tham gia tích cực, tự giác vào cuộc đấu tranh cho một xã hội tốt đẹp. 
Hệ tư tưởng là trình độ nhận thức lý luận về "
Nguồn gốc lý luận trực tiếp của triết học Mác là gì?,"Nguồn gốc lý luận trực tiếp là triết học cổ điển Đức, đặc biệt là triết học Hêghen và Phoiơbắc.",75770b9b-cdbf-4038-90e2-f25e1f4426fe_triethocmaclenin.pdf,50,Triết học Mác - Lênin,False,history,MEDIUM,5751cc9e0651a0ddcf97,Chương III,"luận tiến bộ và cách mạng mới. Đó là lý luận thể hiện thế giới quan cách mạng của giai 
cấp cách m ạng tri ệt để nh ất trong l ịch s ử, do đó, k ết h ợp m ột cách h ữu c ơ tính các h 
mạng và tính khoa học trong bản chất của mình; nhờ đó, nó có khả năng giải đáp bằng lý 
luận những vấn đề của thời đại đặt ra. Lý luận như vậy đã được sáng tạo nên bởi C.Mác 
và Ph.Ăngghen, trong đó tri ết học đóng vai trò là c ơ sở lý lu ận chung: c ơ sở thế giới 
quan và phương pháp luận. ""Giống như triết học thấy giai cấp vô sản là vũ khi vật chất 
của mình, giai cấp vô sản cũng thấy triết học là vũ khí tinh thần của mình""1
2. Nguồn gốc lý luận và những tiền đề khoa học tự nhiên 
a) Nguồn gốc lý luận 
Để xây d ựng học thuyết của mình ngang t ầm cao c ủa trí tu ệ nhân lo ại, C.Mác và 
Ph.Ăngghen đã k ế th ừa nh ững thành t ựu trong l ịch s ử t ư t ưởng c ủa nhân lo ại. Lê nin 
viết: ""Lịch sử triết học và lịch sử khoa học xã hội chỉ ra một cách hoàn toàn rõ ràng rằng 
chủ nghĩa Mác không có gì là gi ống ""chủ nghĩa tông phái"", hi ểu theo nghĩa là m ột học 
thuyết đóng kín và c ứng nh ắc, n ảy sinh ở ngoài con đường phát tri ển v ĩ đại c ủa v ăn 
minh thế giới"". Người còn chỉ rõ, học thuyết của Mác ""ra đời là sự thừa kế thẳng và trực 
tiếp nh ững h ọc thuy ết c ủa nh ững đại bi ểu xu ất s ắc nh ất trong tri ết h ọc, trong kinh t ế 
chính trị học và trong chủ nghĩa xã hội""2. 
Triết h ọc c ổ điển Đức, đặc bi ệt v ới hai nhà tri ết h ọc tiêu bi ểu là Hêghen và 
Phoiơbắc, là nguồn gốc lý luận trực tiếp của triết học Mác. 
C.Mác và Ph. Ăngghen đã t ừng là nh ững ng ười theo h ọc tri ết h ọc Hêghen. "
Phật giáo hiểu Niết bàn là gì?,"Niết bàn là trạng thái chấm dứt luân hồi và nghiệp, gắn với mục tiêu giải thoát khỏi khổ đau.",75770b9b-cdbf-4038-90e2-f25e1f4426fe_triethocmaclenin.pdf,15,Triết học Mác - Lênin,False,definition,MEDIUM,fcee36d6d749a7351a24,Chương II,"t luân hồi và nghiệp, cũng tìm con đường ""giải thoát"" ra khỏi vòng 
luân hồi. Trạng thái chấm dứt luân hồi và nghiệp được gọi là Niết bàn. Nhưng Phật giáo khác 
các tôn giáo khác ở chỗ chúng sinh thuộc bất kỳ đẳng cấp nào cũng được ""giải thoát"". 
Phật giáo nhìn nhận thế giới tự nhiên cũng như nhân sinh bằng sự phân tích nhân - 
quả. Theo Ph ật giáo, nhân - quả là m ột chuỗi liên t ục không gián đoạn và không h ỗn 
loạn, có ngh ĩa là nhân nào qu ả ấy. Mối quan h ệ nhân qu ả này Ph ật giáo thường gọi là 
nhân duyên với ý nghĩa là một kết quả của nguyên nhân nào đó sẽ là nguyên nhân của một 
kết quả khác. 
Về thế giới tự nhiê n, bằng s ự phân tích nhâ n qu ả, Phật giáo cho rằng không thể 
tìm ra m ột nguyên nhân đầu tiên cho v ũ tr ụ, có ngh ĩa là không có m ột đấng Tối cao 
(Brahman) nào sáng t ạo ra v ũ trụ. Cùng v ới sự phủ định Brahman, Phật giáo c ũng phủ 
định phạm trù([Anatman], nghĩa là không có tôi) và quan điểm ""vô thường"". 
Quan điểm ""vô ngã"" cho r ằng vạn vật trong v ũ trụ chỉ là s ự ""giả hợp"" do h ội đủ 
nhân duyên nên thành ra ""có"" ( tồn tại). Ngay bản thân sự tồn tại của thực thể con người 
chẳng qua là do ""ng ũ uẩn"" (5 y ếu tố) hội tụ lại là: s ắc (vật chất), thụ (cảm giác), t ưởng 
(ấn tượng), hành (suy lý) và thức (ý thức). Như vậy là không có cái gọi là ""tôi"" (vô ngã). 
Quan điểm ""vô th ường"" cho r ằng vạn vật biến đổi vô cùng theo chu trình bất tận: 
sinh - trụ - dị - diệt. Vậy thì ""có có"" - ""không không"" luân hồi bất tận; ""thoáng có"", ""thoáng 
không"", cái còn thì chẳng còn, cái mất thì chẳng mất. 
Về nhân sinh quan , Phật giáo đặt vấn đề tìm ki ếm mục tiêu"
Trình bày nội dung trọng tâm của giáo trình về quan điểm trước Mác về nhận thức thường có hạn chế gì.,"Nhiều quan điểm trước theo cách trình bày của tài liệu Mác hoặc duy tâm hóa nhận thức, hoặc trực quan máy móc, chưa thấy đầy đủ vai trò của thực tiễn đối với nhận thức.",75770b9b-cdbf-4038-90e2-f25e1f4426fe_triethocmaclenin.pdf,136,Triết học Mác - Lênin,False,comparison,MEDIUM,1315c4e7d56e0fe054a3,Chương IX,"I- Bản chất của nhận thức và vai trò của thực tiễn đối với nhận thức 
1. Bản chất của nhận thức 
a) Quan niệm về nhận thức của một số trào lưu triết học trước Mác 
Xuất phát từ chỗ phủ nhận sự tồn tại khách quan của th ế giới vật ch ất, chủ ngh ĩa 
duy tâm  ch ủ quan cho rằng nh ận t hức ch ỉ là s ự ph ức h ợp nh ững c ảm giác c ủa con 
người; ch ủ nghĩa duy tâm  khách quan l ại coi nhận thức là s ự ""hồi tưởng lại"" của linh 
hồn bất tử về ""thế giới các ý niệm"" mà nó đã từng chiêm ngưỡng được nhưng đã bị lãng 
quên, hoặc cho rằng nhận thức là sự ""tự ý thức về mình của ý niệm tuyệt đối"". 
Khác với chủ nghĩa duy tâm chủ quan và ch ủ nghĩa duy tâm  khách quan, nh ững 
người theo thuy ết hoài nghi coi nh ận thức là tr ạng thái hoài nghi v ề sự vật và bi ến sự 
nghi ngờ về tính xác thực của tri thức thành một nguyên tắc của nhận thức. Đến thời kỳ 
cận đại, khuynh h ướng này ph ủ nhận khả năng nhận thức được thế giới của con người 
hoặc hạn chế ở cảm giác bề ngoài của sự vật. 
Đối lập với những quan niệm đó, chủ nghĩa duy vật thừa nhận khả năng nhận thức 
được thế giới của con người và coi nh ận thức là sự phản ánh hiện thực khách quan vào 
trong đầu óc của con người. Tuy nhiên, do sự hạn chế bởi tính trực quan, siêu hình, máy 
móc mà chủ nghĩa duy v ật trước Mác đã coi nh ận thức là s ự phản ánh tr ực quan, đơn 
giản, là b ản sao chép nguyên xi tr ạng thái bất động của sự vật. Họ chưa thấy được vai 
trò của thực tiễn đối với nhận thức. Chính vì th ế mà C.Mác đã nhận xét r ằng: ""Khuyết"
Hãy giải thích kiến thức Triết học Mác - Lênin liên quan đến xã hội được xem là bộ phận đặc thù của tự nhiên.,"Vì xã hội nảy theo cách trình bày của tài liệu sinh từ tự nhiên, tồn tại trong quan hệ với tự nhiên, nhưng có đặc thù là hoạt động có ý thức và quan hệ xã hội của con người.",75770b9b-cdbf-4038-90e2-f25e1f4426fe_triethocmaclenin.pdf,148,Triết học Mác - Lênin,False,cause,MEDIUM,bb2ea24750213f9ad9a7,Chương X,"I- Xã hội - bộ phận đặc thù của tự nhiên 
1. Sự tác động qua lại giữa xã hội và tự nhiên 
Tự nhiên, theo ngh ĩa rộng là toàn b ộ thế giới vật chất vô cùng, vô t ận. Quá trình 
phát triển c ủa t ự nhiên đã s ản sinh ra s ự s ống và theo quy lu ật ti ến hóa, trong nh ững 
điều kiện nhất định, con người đã xuất hiện từ động vật. 
Sự hình thành con ng ười gắn liền với sự hình thành các q uan hệ giữa người với 
người, quá trình chuy ển biến từ động vật thành ng ười cũng là quá trình chuy ển biến từ 
cộng đồng mang tính bầy đàn, hành động theo bản năng thành một cộng đồng mang tính 
bầy đàn, hành động theo bản năng thành một cộng đồng mới khác hẳn về chất, ta gọi là xã 
hội. 
Vậy xã h ội là bi ểu hiện tổng số những mối liên hệ và nh ững quan h ệ của các c á 
nhân, ""là sản phẩm của sự tác động qua lại giữa những con người""1. 
Hệ th ống t ự nhiên - xã h ội là m ột chỉnh th ể trong đó những yếu tố t ự nhiên và  
những yếu tố xã hội tác động qua lại lẫn nhau, quy định sự tồn tại và phát triển của nhau. 
Tự nhiên v ừa là ngu ồn gốc của sự xuất hiện xã h ội vừa là môi tr ường tồn tại và 
phát triển của xã hội. 
Là môi tr ường t ồn t ại và phát tr iển c ủa xã h ội vì ch ỉ có t ự nhiên m ới cung c ấp 
được những điều kiện cần thiết nhất cho sự sống của con người và cũng chỉ có tự nhiên 
mới cung cấp được những điều kiện cần thiết nhất cho các hoạt động sản xuất xã hội.  
Xã hội gắn bó với tự nhiên thông qua quá trình hoạt động thực tiễn của con người, 
trước hết là quá trình lao động sản xuất. Lao động là đặc trưng cơ bản đầu tiên phân biệt 
hoạt động của người với động vật. Song, lao độ"
Trình bày nội dung trọng tâm của giáo trình về bước nhảy.,Bước nhảy được hiểu là sự chuyển hóa về chất của sự vật do sự thay đổi về lượng đạt tới điểm nút.,75770b9b-cdbf-4038-90e2-f25e1f4426fe_triethocmaclenin.pdf,126,Triết học Mác - Lênin,False,definition,MEDIUM,5edbc604af37288f9c98,Chương VIII,"trình độ tri thức, giúp h ọ ti ến lên trình độ cao h ơn. Cũng gi ống nh ư v ậy, khi n ước t ừ 
trạng thái lỏng sang trạng thái hơi thì vận tốc của các phân tử nước cao hơn, thể tích của 
nước ở tr ạng thái h ơi s ẽ l ớn h ơn th ể tích c ủa nó ở tr ạng thái l ỏng v ới cùng m ột kh ối 
lượng, tính chất hoà tan một số chất tan của nó cũng sẽ khác đi, v.v.. 
Như vậy, không ch ỉ những thay đổi về lượng dẫn đến những thay đổi về chất mà 
những thay đổi về chất cũng đã dẫn đến những thay đổi về lượng. 
c) Các hình thức cơ bản của bước nhảy 
Bước nh ảy để chuy ển hóa v ề ch ất c ủa s ự v ật h ết s ức đa dạng và phong phú v ới 
những hình th ức rất khác nhau. N hững hình th ức b ước nh ảy được quy ết định b ởi b ản 
thân sự vật, bởi những điều kiện cụ thể trong đó sự vật thực hiện bước nhảy.  
Dựa trên nhịp điệu thực hiện bước nhảy của bản thân sự vật có thể phân chia thành 
bước nhảy đột biến và bước nhảy dần dần. 
Bước nhảy đột biến là bước nhảy được thực hiện trong một thời gian rất ngắn làm 
thay đổi chất của toàn bộ kết cấu cơ bản của sự vật. 
Chẳng hạn, khối lượng Uranium 235 (Ur 235) được tăng đến khối lượng tới hạn 
thì sẽ xảy ra vụ nổ nguyên tử trong chốc lát.  
Bước nhảy dần dần là b ước nhảy được thực hiện từ từ, từng bước bằng cách tích 
luỹ dần dần những nhân tố của chất mới và những nhân tố của chất cũ dần dần mất đi. 
Chẳng hạn, quá trình chuyển hóa từ vượn thành người diễn ra rất lâu dài, hàng v ạn năm. 
Quá trì nh cách m ạng đưa n ước ta t ừ m ột n ước nông nghi ệp l ạc h ậu quá độ lên ch ủ 
nghĩa xã h ội là m ột thời kỳ lâu dài, qua nhi ều bước nhảy dần dần. Quá tr"
"Theo giáo trình, bộ lạc còn có những sở hữu khác gồm những nội dung nào?","Ngoài sở hữu riêng của thị tộc, bộ lạc còn có những sở hữu khác bao gồm vùng lãnh thổ, nơi trồng trọt, săn bắt và chăn nuôi...",75770b9b-cdbf-4038-90e2-f25e1f4426fe_triethocmaclenin.pdf,164,Triết học Mác - Lênin,False,listing,MEDIUM,b1fafffdd713aab27aca,Chương XI,"ngưỡng và cùng chung sống trên một vùng lãnh thổ. Mặc dù chưa thật sự ổn định nhưng 
việc xác lập chủ quyền về mặt lãnh thổ là đặc trưng mới của bộ lạc so với thị tộc. 
Bộ lạc có hình thức sở hữu cao hơn thị tộc. Ngoài sở hữu riêng của thị tộc, bộ lạc 
còn có những sở hữu khác bao gồm vùng lãnh thổ, nơi trồng trọt, săn bắt và chăn nuôi... 
Lãnh đạo bộ lạc là một hội đồng các tộc trưởng. Trong bộ lạc có một thủ lĩnh tối 
cao nhưng mọi quyền hành quản lý bộ lạc đều do hội nghị của hội đồng các tộc trưởng 
và thủ lĩnh quân sự quyết định. Hình thức phát triển cao nhất của bộ lạc là liên m inh bộ 
lạc được hình thành từ sự liên kết nhiều bộ lạc. 
Trong xã h ội nguyên thu ỷ, b ộ l ạc là h ình th ức t ốt n hất để phát triển sản xuất. 
Chính trong thời kỳ này, công cụ sản xuất bằng kim loại đã được hình thành tạo nên hình 
thức phân công lao động xã h ội đầu tiên giữa trồng trọt và ch ăn nuôi, nông nghi ệp với 
thủ công nghi ệp... Đó là ti ền đề khách quan c ủa sự xuất hiện sở hữu tư nhân. D ựa trên 
sở hữu tư nhân, bộ tộc ra đời thay thế cho hình thức bộ lạc và liên minh các bộ lạc. 
c) Bộ tộc 
Là một cộng đồng dân cư được hình thành t ừ sự liên k ết của nhiều bộ lạc và liên 
minh các b ộ l ạc trên cù ng một vùng lãnh th ổ nhất định. Bộ t ộc đông đảo h ơn b ộ lạc. 
Mỗi bộ tộc có tên gọi và có những đặc điểm về kinh tế, văn hóa riêng. Khác với bộ lạc 
và th ị tộc, b ộ tộc có vùng lã nh t hổ tương đối ổn định, dân c ư đa dạng và đan xen, đa 
ngôn ngữ và v ăn hóa, trong đó ngôn ng ữ của bộ lạc nào chi ếm vị trí trung tâm c ủa sự 
giao lưu và phát triển kinh tế sẽ trở thành ngôn ngữ c"
Trình bày nội dung trọng tâm của giáo trình về quan hệ giữa cá nhân và xã hội là quan hệ.,"Cá nhân và xã hội có quan hệ biện chứng: xã hội được hiểu là điều kiện hình thành cá nhân, còn hoạt động của cá nhân góp phần cải biến xã hội.",75770b9b-cdbf-4038-90e2-f25e1f4426fe_triethocmaclenin.pdf,208,Triết học Mác - Lênin,False,relationship,MEDIUM,8bb06be4fcea83273407,Chương XIV,"2. Biện chứng giữa cá nhân và xã hội 
Xã hội là khái ni ệm dùng để chỉ cộng đồng các cá nhân tron g mối quan h ệ biện 
chứng với nhau, trong đó cộng đồng nhỏ nhất của một xã h ội là c ộng đồng tập thể gia 
đình, cơ quan, đơn vị... và lớn hơn là cộng đồng xã hội quốc gia, dân tộc…  và rộng lớn 
nhất là cồng đồng nhân loại. 
Nguyên tắc cơ bản của việc xác lập mối quan hệ giữa cá nhân và t ập thể cũng như 
mối quan hệ giữa cá nhân và các cộng đồng xã hội nói chung  chính là mối quan hệ giữa lợi 
ích cá nhân và  lợi ích cộng đồng xã hội. Đó cũng là mối quan hệ vừa có sự  thống nhất vừa 
có mâu thuẫn.  
Mỗi cá nhân v ới tư cách là m ột con ng ười, không  bao gi ờ có th ể tách r ời kh ỏi 
những c ộng đồng xã  hội nh ất định, đồng th ời m ối qu an h ệ gi ữa cá nhân và xã h ội 
là hiện t ượng có tính l ịch s ử.  
Là m ột hi ện t ượng l ịch s ử, quan h ệ cá nhân - xã hội luôn luôn v ận động, bi ến 
đổi và phát  tri ển, trong đó, sự thay đổi về chất chỉ diễn ra khi có s ự thay thế hình thái 
kinh t ế - xã h ội này b ằng hình thái kinh t ế - xã h ội khác. Trong giai đoạn c ộng s ản 
nguyên thuỷ, không có s ự đối kháng giữa cá nhân và xã h ội. Lợi ích cá nhân và l ợi ích 
xã hội căn bản là thống nhất. Khi xã h ội phân chia giai cấp, quan h ệ cá nhân và xã h ội 
vừa có th ống nhất vừa có m âu thuẫn và mâu thuẫn đối kháng. Trong chủ nghĩa xã h ội, 
những điều kiện của xã hội mới tạo tiền đề cho cá nhân, để mỗi cá nhân phát huy n ăng 
lực và bản sắc riêng của mình, phù hợp với lợi ích và m ục tiêu của xã hội mới. Vì vậy, 
xã hội xã hội chủ nghĩa và cá nhân là th ống nhất biện chứng, là ti"
Triết học Mác xác định đối tượng nghiên cứu của mình như thế nào?,"Triết học Mác tiếp tục giải quyết quan hệ giữa vật chất và ý thức trên lập trường duy vật triệt để, đồng thời nghiên cứu các quy luật chung nhất của tự nhiên, xã hội và tư duy.",75770b9b-cdbf-4038-90e2-f25e1f4426fe_triethocmaclenin.pdf,5,Triết học Mác - Lênin,False,definition,MEDIUM,cf0688e0240d1a53fa63,Chương I,"Mác. ""Trong suốt cả lịch sử hiện đại của châu Âu và nh ất là vào cu ối thế kỷ XVIII, ở 
nước Pháp, nơi đã di ễn ra m ột cu ộc quy ết chi ến chống t ất cả nh ững rác r ưởi c ủa thời 
trung cổ, chống chế độ phong kiến trong các thiết chế và tư tưởng, chỉ có chủ nghĩa duy 
vật là triết học duy nhất triệt để, trung thành với tất cả mọi h ọc thuyết của khoa h ọc tự 
nhiên, thù địch với mê tín, v ới thói đạo đức giả, v.v.""1. Mặt khác, t ư duy triết học cũng 
được phát triển trong các học thuyết triết học duy tâm mà đỉnh cao là tr iết học Hêghen, 
đại biểu xuất sắc của triết học cổ điển Đức. 
Sự phát triển của các bộ môn khoa học độc lập chuyên ngành cũng từng bước làm 
phá sản tham vọng của triết học muốn đóng vai trò ""khoa h ọc của các k hoa học"". Triết 
học Hêghen là h ọc thuyết triết học cuối cùng m ang tham vọng đó. Hêghen t ự coi tri ết 
học của mình là một hệ thống phổ biến của sự nhận thức, trong đó những ngành khoa học 
riêng biệt chỉ là những mắt khâu phụ thuộc vào triết học. 
Hoàn cảnh kinh tế - xã hội và sự phát triển mạnh mẽ của khoa học vào đầu thế kỷ 
XIX đã dẫn đến sự ra đời của triết học Mác. Đoạn tuyệt triệt để với quan ni ệm ""khoa 
học của các khoa học"", triết học mácxít xác định đối tượng nghiên cứu của mình là tiếp 
tục giải quyết mối quan h ệ giữa vật chất và ý th ức trên lập trường duy v ật triệt để và 
nghiên cứu những quy luật chung nhất của tự nhiên, xã hội và tư duy. 
Triết h ọc nghiên c ứu th ế gi ới b ằng ph ương pháp c ủa riêng m ình khác v ới m ọi 
khoa h ọc c ụ th ể. Nó xem xét th ế gi ới nh ư m ột c hỉnh th ể và tìm  cách đưa ra m ột h ệ 
thống các"
Trình bày nội dung trọng tâm của giáo trình về triết học Mác giữ vai trò gì trong học thuyết của Mác và Ăngghen.,"Triết học Mác giữ theo cách trình bày của tài liệu vai trò cơ sở lý luận chung, cơ sở thế giới quan và phương pháp luận của học thuyết cách mạng.",75770b9b-cdbf-4038-90e2-f25e1f4426fe_triethocmaclenin.pdf,50,Triết học Mác - Lênin,False,definition,MEDIUM,6c9f7076368109b2c0ac,Chương III,"luận tiến bộ và cách mạng mới. Đó là lý luận thể hiện thế giới quan cách mạng của giai 
cấp cách m ạng tri ệt để nh ất trong l ịch s ử, do đó, k ết h ợp m ột cách h ữu c ơ tính các h 
mạng và tính khoa học trong bản chất của mình; nhờ đó, nó có khả năng giải đáp bằng lý 
luận những vấn đề của thời đại đặt ra. Lý luận như vậy đã được sáng tạo nên bởi C.Mác 
và Ph.Ăngghen, trong đó tri ết học đóng vai trò là c ơ sở lý lu ận chung: c ơ sở thế giới 
quan và phương pháp luận. ""Giống như triết học thấy giai cấp vô sản là vũ khi vật chất 
của mình, giai cấp vô sản cũng thấy triết học là vũ khí tinh thần của mình""1
2. Nguồn gốc lý luận và những tiền đề khoa học tự nhiên 
a) Nguồn gốc lý luận 
Để xây d ựng học thuyết của mình ngang t ầm cao c ủa trí tu ệ nhân lo ại, C.Mác và 
Ph.Ăngghen đã k ế th ừa nh ững thành t ựu trong l ịch s ử t ư t ưởng c ủa nhân lo ại. Lê nin 
viết: ""Lịch sử triết học và lịch sử khoa học xã hội chỉ ra một cách hoàn toàn rõ ràng rằng 
chủ nghĩa Mác không có gì là gi ống ""chủ nghĩa tông phái"", hi ểu theo nghĩa là m ột học 
thuyết đóng kín và c ứng nh ắc, n ảy sinh ở ngoài con đường phát tri ển v ĩ đại c ủa v ăn 
minh thế giới"". Người còn chỉ rõ, học thuyết của Mác ""ra đời là sự thừa kế thẳng và trực 
tiếp nh ững h ọc thuy ết c ủa nh ững đại bi ểu xu ất s ắc nh ất trong tri ết h ọc, trong kinh t ế 
chính trị học và trong chủ nghĩa xã hội""2. 
Triết h ọc c ổ điển Đức, đặc bi ệt v ới hai nhà tri ết h ọc tiêu bi ểu là Hêghen và 
Phoiơbắc, là nguồn gốc lý luận trực tiếp của triết học Mác. 
C.Mác và Ph. Ăngghen đã t ừng là nh ững ng ười theo h ọc tri ết h ọc Hêghen. "
Ôn tập mục kiến thức có các từ khóa: ý thức thẩm mỹ.,"Ý thức thẩm mỹ theo cách trình bày của tài liệu là hình thái ý thức xã hội phản ánh hiện thực dưới góc độ cái đẹp, thị hiếu thẩm mỹ và lý tưởng thẩm mỹ.",75770b9b-cdbf-4038-90e2-f25e1f4426fe_triethocmaclenin.pdf,199,Triết học Mác - Lênin,False,definition,MEDIUM,579f2642a97f7fd803bb,Chương XIII," x uất - trong đối t ượng lao động, k ỹ thu ật, quá trình công 
nghệ và c ả trong nh ững hình th ức t ổ ch ức t ương ứng c ủa s ản xu ất; ng ười lao động 
không còn là nhân t ố thao tác tr ực tiếp trong hệ thống kỹ thuật mà chủ yếu là vận dụng 
tri thức khoa h ọc để điều khiển quá trình s ản xuất; khoa h ọc cho phép hoàn thi ện các 
phương pháp sản xuất, hoàn thiện việc quản lý kinh tế. Hơn nữa khoa học còn trở thành 
một ngành hoạt động sản xuất với quy mô ngày càng l ớn, bao hàm  hàng lo ạt các v iện, 
phòng thí nghiệm, trạm, trại, xí nghiệp với số cán bộ khoa học ngày càng tăng, vốn đầu 
tư ngày càng l ớn, hiệu quả đầu tư ngày càng cao. Do nh ững biến đổi căn bản về vai trò 
của khoa học đối với sản xuất mà khoa học trở thành lực lượng sản xuất trực tiếp. 
5. ý thức thẩm mỹ 
ý thức thẩm mỹ là sự phản ánh hiện thực vào ý th ức con người trong quan h ệ với 
nhu cầu thưởng thức và sáng t ạo Cái Đẹp. Trong các hình th ức hoạt động thưởng thức 
và sáng tạo Cái Đẹp thì nghệ thuật là hình thức biểu hiện cao nhất của ý thức thẩm mỹ. 
Nghệ thuật ra đời từ rất sớm ngay từ khi xã hội chưa phân chia thành giai cấp. Quá 
trình hình thành nghệ thuật gắn liền với lao động của con người, với thực ti ễn xã h ội. 
Những dấu vết đầu tiên của nghệ thuật đều thuộc về thời kỳ con người đã biết sản xuất 
ra những công cụ bằng đá, bằng xương, bằng sừng, v.v.. 
Cũng như các hình thái ý thức xã hội khác, nghệ thuật bắt nguồn từ tồn tại xã h ội. 
Khác với khoa học và triết học, phản ánh thế giới hiện thực bằng khái niệm, phạm trù, quy 
luật, ngh ệ thu ật ph ản ánh th ế gi ới m ột cách s inh động, "
Ôn tập mục kiến thức có các từ khóa: những hình thức cộng đồng người.,"Trước khi dân tộc theo cách trình bày của tài liệu ra đời, các hình thức cộng đồng người phát triển từ thị tộc đến bộ lạc và bộ tộc.",75770b9b-cdbf-4038-90e2-f25e1f4426fe_triethocmaclenin.pdf,163,Triết học Mác - Lênin,False,listing,MEDIUM,e2216cc315fcfa2f95dd,Chương XI,"I- Những hình thức cộng đồng người trong lịch sử 
1. Những hình thức cộng đồng người trước dân tộc 
Để tồn tại và phát triển, con người phải gắn kết với nhau thành những cộng đồng. 
Trong quá trình phát tri ển của xã hội, trước khi dân tộc ra đời, các hình thức cộng đồng 
người cũng biến đổi từ thị tộc đến bộ lạc, bộ tộc. 
a) Thị tộc 
Là cộng đồng người (gồm khoảng vài tr ăm người) có cùng một huyết thống. Thị 
tộc là một đơn vị sản xuất và là một hình thức tồn tại cơ bản của xã hội nguyên thuỷ. Do 
trình độ của lực lượng sản xuất chưa phát triển, nguồn sống chủ yếu dựa vào trồng trọt 
và chăn nuôi, vì vậy vai trò của người phụ nữ trong thị tộc có một vị trí đặc biệt. Chế độ 
quần hôn th ời kỳ đầu và địa vị độc tôn của người phụ nữ trong s ản xuất chính là c ơ sở 
hình thành hình th ức th ị t ộc m ẫu quy ền đầu tiên trong l ịch s ử. S ự phát tri ển c ủa l ực 
lượng sản xuất đã làm thay đổi vị trí của người đàn ông trong ch ế độ thị tộc. Hình thức 
thị tộc phụ quyền đã ra đời thay thế hình th ức thị tộc mẫu quyền. Thị tộc là hình th ức 
cộng đồng người đầu tiên trong lịch sử. 
Ngoài đặc trưng chung về huyết thống là ch ủ y ếu, thị t ộc còn có nh ững quan h ệ 
cộng đồng về ngôn ngữ, tập quán, tín ngưỡng, v ăn hóa. Mỗi thị tộc có khu v ực cư trú, 
vùng săn bắt và tên gọi riêng. 
Cơ sở tồn tại về kinh t ế của thị tộc là quy ền sở hữu chung v ề tư liệu sản xuất và 
tài s ản. H ọ cùng lao động và m ọi s ản ph ẩm được chia đều cho t ất c ả các thành viên 
trong thị tộc. 
Lãnh đạo thị tộc là m ột hội đồng thị tộc, đứng đầu là t ộc trưởng được mọi người 
bầu ra. Vi ệc quản lý điều h"
Trình bày nội dung trọng tâm của giáo trình về hiện thực.,"Hiện thực được hiểu là cái đang tồn tại trên thực tế, là khả năng đã được thực hiện.",75770b9b-cdbf-4038-90e2-f25e1f4426fe_triethocmaclenin.pdf,119,Triết học Mác - Lênin,False,definition,MEDIUM,1d80683e655480cefb37,Chương VII,"cảnh. Tuy nhiên cũng không được tuyệt đối vai trò của nhân tố chủ quan mà xem thường 
những điều kiện khách quan. Như vậy chúng ta dễ rơi vào sai lầm chủ quan, mạo hiểm, 
duy ý chí. 
3. Một số kết luận về mặt phương pháp luận 
Vì hi ện th ực là cái t ồn tại th ực s ự, còn kh ả n ăng là cái hi ện ch ưa có, nên trong 
hoạt động thực tiễn cần dựa vào hi ện thực để định ra c hủ trương, phương hướng hành 
động của mình; nếu chỉ dựa vào cái còn ở dạng khả năng thì sẽ dễ rơi vào ảo tưởng. Theo 
V.I.Lênin, người m ácxít chỉ có th ể s ử d ụng để làm  c ăn c ứ cho chính sách c ủa mình 
những sự thật được chứng minh rõ rệt và không thể chối cãi được.  
Khả năng là cái ch ưa tồn tại thật sự nhưng nó cũng biểu hiện khuynh hướng phát 
triển c ủa s ự v ật trong t ương lai. Do đó, tuy không d ựa vào kh ả n ăng nh ưng chúng ta  
cũng phải tính đến các kh ả năng để việc đề ra chủ trương, kế hoạch hành động sát h ợp 
hơn. Khi tính đến khả năng phải phân biệt được các loại khả năng gần, khả năng xa, khả 
năng tất nhiên và ngẫu nhiên... Từ đó mới tạo được các điều kiện thích hợp để biến khả 
năng thành hiện thực, thúc đẩy sự vật phát triển. 
Việc chuy ển kh ả n ăng thành hi ện th ực trong gi ới t ự nhiên được th ực hi ện m ột 
cách t ự động, nh ưng trong xã h ội, điều đó ph ụ thu ộc nhi ều vào ho ạt động c ủa con 
người. Vì vậy, trong xã hội, chúng ta phải chú ý đến việc phát huy nguồn lực con người, 
tạo ra những điều kiện thuận lợi cho việc phát huy tính năng động sáng tạo của mỗi con 
người để bi ến kh ả n ăng thành hi ện th ực thúc đẩy xã h ội phát tri ển. Trên ý ngh ĩa đó, 
Đảng ta chủ trư"
Trình bày nội dung trọng tâm của giáo trình về kết quả.,Kết quả được hiểu là biến đổi xuất hiện do sự tác động lẫn nhau của các nguyên nhân gây ra.,75770b9b-cdbf-4038-90e2-f25e1f4426fe_triethocmaclenin.pdf,106,Triết học Mác - Lênin,False,definition,MEDIUM,3cc924ccff57c509c6d2,Chương VII,"III- Nguyên nhân và kết quả  
1. Khái niệm nguyên nhân và kết quả 
Phạm trù nguyên nhân và kết quả phản ánh mối quan hệ hình thành của các sự vật, 
hiện tượng trong hiện thực khách quan. 
Nguyên nhân là ph ạm trù ch ỉ sự tác động lẫn nhau g iữa các m ặt tron g m ột s ự 
vật ho ặc g iữa các s ự v ật v ới nhau, gây ra m ột biến đổi nh ất định nào đó. Còn k ết 
quả là phạm trù chỉ những biến đổi xuất hiện do tác động lẫn nhau giữa các mặt trong 
một sự vật hoặc giữa các sự vật với nhau gây ra. Chẳng hạn, không phải nguồn điện là 
nguyên nhân làm bóng đèn phát sáng m à ch ỉ là t ương tác c ủa dòng điện v ới dây d ẫn 
(trong trường hợp này, v ới dây tóc c ủa bóng đèn) mới thực sự là nguyên nhân làm  cho 
bóng đèn phát sáng. Cu ộc đấu tranh gi ữa giai c ấp vô s ản và giai c ấp tư sản là nguyê n 
nhân đưa đến kết quả là cu ộc cách m ạng vô s ản nổ ra.  
Không nên hi ểu nguyên nhân và k ết quả nằm ở hai s ự vật hoàn toàn khác nhau. 
Chẳng hạn cho dòng điện là nguyên nhân c ủa ánh sáng đèn; giai cấp vô s ản là nguyên 
nhân c ủa cuộc cách m ạng vô s ản... Nếu hi ểu nguyên nhân và k ết quả như v ậy s ẽ dẫn 
đến chỗ cho r ằng nguyên nhân c ủa một sự vật, hiện tượng nào đấy luôn n ằm ngoài sự 
vật, hiện tượng đó và cu ối cùng nh ất định sẽ phải thừa nhận rằng nguyên nhân c ủa thế 
giới vật chất nằm ngoài thế giới vật chất, tức nằm ở thế giới tinh thần. 
Cần phân biệt nguyên nhân với nguyên cớ và nguyên nhân với điều kiện. Nguyên 
cớ và điều kiện không sinh ra k ết quả, mặc dù nó xu ất hiện cùng với nguyên nhân. Thí  
dụ chất xúc tác chỉ là điều kiện để các chất hoá học tác động lẫn nhau"
Trình bày nội dung trọng tâm của giáo trình về nghệ thuật chân chính có vai trò xã hội gì.,"Nghệ thuật chân chính theo cách trình bày của tài liệu gắn với đời sống hiện thực của nhân dân, tác động đến lý trí và tình cảm, kích thích tính tích cực và xây dựng hành vi đạo đức tốt đẹp.",75770b9b-cdbf-4038-90e2-f25e1f4426fe_triethocmaclenin.pdf,200,Triết học Mác - Lênin,False,summary,MEDIUM,df0fa8fa91e432684450,Chương XIII,"trực tiếp, dễ thấy. 
C.Mác viết: ""Đối với nghệ thuật, người ta biết rằng những thời kỳ hưng thịnh nhất 
của nó hoàn toàn không t ương ứng v ới s ự phát tri ển chung c ủa xã h ội, do đó c ũng 
không tương ứng với sự phát triển của cơ sở vật chất của xã h ội, cơ sở này d ường như 
cấu thành cái xương sống của tổ chức xã hội""1. 
Nghệ thu ật chân chính g ắn bó v ới đời s ống hi ện th ực c ủa nhân dân; là nhân t ố 
thúc đẩy mạnh mẽ tiến bộ xã h ội thông qua vi ệc đáp ứng những nhu c ầu thẩm mỹ của 
con người. Khi ph ản ánh th ế giới hiện thực trong các hình t ượng nghệ thuật chân th ực 
và có giá trị thẩm mỹ cao, nghệ thuật đã tác động đến lý trí và tình cảm của con người, 
kích thích tính tích cực của con người, xây dựng ở con người những hành vi đạo đức tốt 
đẹp. 
Trong xã hội có giai cấp, nghệ thuật bao giờ cũng mang tính giai cấp. Tính giai c ấp 
của nghệ thuật biểu hiện trước hết ở chỗ nó không th ể không ch ịu sự tác động của thế 
giới quan, các quan điểm chính tr ị của một giai c ấp, không th ể đứng ngoài chính tr ị và 
các quan hệ kinh tế. Trong xã h ội chia thành các giai c ấp mà phủ nhận mối liên hệ của 
nghệ thuật với chính trị thì hoàn toàn sai lầm. 
Khi nhấn mạnh tính giai c ấp của nghệ thuật trong xã h ội có giai c ấp, quan điểm 
của chủ nghĩa Mác - Lênin không ph ủ nhận tính nhân lo ại chung c ủa nó. Không ít t ác 
phẩm nghệ thuật mà giá trị của chúng được lưu truyền khắp thế giới qua các thời đại, mặc 
dù tác giả là đại biểu của một giai cấp nhất định. Có những nền nghệ thuật của một dân 
tộc nhất định nhưng đã trở thành nh ững giá tr ị văn hóa tiêu biểu của cả n"
Trình bày nội dung trọng tâm của giáo trình về hiện tượng.,Hiện tượng được hiểu là sự biểu hiện ra bên ngoài của bản chất trong những điều kiện nhất định.,75770b9b-cdbf-4038-90e2-f25e1f4426fe_triethocmaclenin.pdf,114,Triết học Mác - Lênin,False,definition,MEDIUM,4f14eae2e6d903e8297a,Chương VII,"VI- Bản chất và hiện tượng 
1. Khái niệm bản chất và hiện tượng 
Bản ch ất là ph ạm trù ch ỉ s ự t ổng h ợp t ất c ả nh ững m ặt, những m ối liên h ệ t ất 
nhiên, tương đối ổn định bên trong s ự vật, quy định sự vận động và phát tri ển của sự 
vật. Hiện tượng là phạm trù chỉ sự biểu hiện ra ""bên ngoài"" của bản chất. 
Thí dụ: Bản chất một nguyên t ố hóa h ọc là m ối liên h ệ giữa điện tử và h ạt nhân, 
còn những tính ch ất hóa h ọc của nguyên t ố đó khi t ương tác v ới các nguyên tố khác là 
hiện tượng thể hiện ra bên ngoài của mối liên kết giữa điện tử và hạt nhân. Trong xã hội 
có giai cấp, bản chất của nhà nước là công c ụ thống trị giai cấp, bảo vệ lợi ích của giai 
cấp thống trị. Nhưng tùy theo t ương quan giai c ấp và địa vị của giai cấp trong l ịch sử 
mà sự thống trị đó được thể hiện dưới hình thức khác nhau. 
Bản chất quan h ệ giữa giai c ấp tư sản và giai c ấp công nhân trong ch ủ nghĩa tư 
bản là quan h ệ bóc lột. Giai cấp tư sản bóc lột giá trị thặng dư do người công nhân làm 
ra. Nhưng biểu hiện của quan hệ này ra ngoài xã h ội là quan hệ bình đẳng, hai bên được 
tự do t hỏa thuận với nhau. Người công nhân có quy ền ký ho ặc không ký vào b ản h ợp 
đồng v ới nhà t ư s ản. Thậm chí nhà t ư s ản còn ch ăm lo đến s ức kho ẻ c ủa ng ười công 
nhân và gia đình họ nếu điều đó có lợi cho việc tăng khối lượng giá trị thặng dư. 
Phạm trù b ản chất gắn liền với phạm trù cái chung, nh ưng không đồng nhất với 
cái chung. Có cái chung là bản chất, nhưng có cái chung không phải là bản chất. Thí dụ: 
Mọi người đều là sản phẩm tổng hợp của các quan hệ xã hội, đó là cái chung, đ"
Trình bày nội dung trọng tâm của giáo trình về nguyên nhân sâu xa của cách mạng xã hội.,Nguyên nhân sâu xa của cách mạng xã hội được hiểu là mâu thuẫn giữa lực lượng sản xuất đã phát triển với quan hệ sản xuất cũ trở nên lỗi thời và kìm hãm lực lượng sản xuất.,75770b9b-cdbf-4038-90e2-f25e1f4426fe_triethocmaclenin.pdf,182,Triết học Mác - Lênin,False,cause,MEDIUM,95ff1b230a9a87ea6f0c,Chương XII,"Nguyên nhân sâu xa c ủa cách mạng xã h ội là mâu thuẫn giữa lực lượng sản xuất 
và quan h ệ sản xuất. Lực lượng sản xuất phát triển đến một mức độ nhất định thì quan 
hệ sản xuất cũ trở nên l ỗi thời, kìm hãm sự phát tri ển của các l ực lượng sản xuất. “Từ 
chỗ là nh ững hình th ức phát tri ển c ủa các l ực l ượng s ản xu ất, nh ững quan h ệ ấy tr ở 
thành những xiềng xích c ủa các l ực lượng sản xuất. Khi đó bắt đầu thời đại một cuộc 
cách mạng xã hội”1. 
Trong xã h ội có giai c ấp, mâu thuẫn giữa lực lượng sản xuất và quan h ệ sản xuất 
biểu hi ện v ề m ặt xã h ội thành m âu thu ẫn gi ữa giai c ấp cách m ạng, đại bi ểu cho l ực 
lượng sản xuất mới với giai c ấp thống trị dùng m ọi thủ đoạn, đặc biệt là s ử dụng công 
cụ nhà nước có trong tay để bảo vệ, duy trì quan h ệ sản xuất lỗi thời. Để thay thế quan 
hệ sản xuất cũ bằng quan hệ sản xuất mới cao hơn và làm cho nó trở thành quan hệ sản 
xuất th ống tr ị nh ằm g iải phóng mình, giai c ấp cách  m ạng ph ải ti ến hành đấu tranh 
chống lại giai c ấp thống trị, phải giành l ấy chính quy ền nhà n ước. Do v ậy, cách m ạng 
xã hội là đỉnh cao của đấu tranh giai cấp và là bước nhảy vọt tất yếu trong sự phát triển 
của xã hội có giai cấp; vấn đề chính quyền là vấn đề cơ bản của mọi cuộc cách mạng xã 
hội. 
c) Vai trò của cách mạng xã hội 
Các cuộc cách m ạng xã h ội có v ai trò to l ớn trong đời sống xã h ội. Chỉ có cách  
mạng xã hội mới thay thế được quan hệ sản xuất cũ bằng quan hệ sản xuất mới, tiến bộ, 
thúc đẩy lực lượng sản xuất phát triển; mới thay thế được hình thái kinh t ế - xã h ội cũ 
bằng hình thái kinh t ế - xã h "
Ba loại hình thế giới quan cơ bản theo quá trình phát triển là gì?,"Ba loại hình cơ bản là thế giới quan huyền thoại, thế giới quan tôn giáo và thế giới quan triết học.",75770b9b-cdbf-4038-90e2-f25e1f4426fe_triethocmaclenin.pdf,6,Triết học Mác - Lênin,False,listing,MEDIUM,24b8b1ef8e54f8a65b22,Chương I,"Giải quyết vấn đề cơ bản của triết học không chỉ xác định được nền tảng và điểm 
xuất phát để giải quyết các vấn đề khác của triết học mà nó còn là tiêu chuẩn để xác định 
lập trường, thế giới quan của các triết gia và học thuyết của họ. 
Vấn đề cơ bản của triết học có hai mặt, mỗi mặt phải trả lời cho một câu hỏi lớn. 
Mặt thứ nhất: Giữa ý thức và vật chất thì cái nào có trước, cái nào có sau, cái nào 
quyết định cái nào? 
Mặt thứ hai: Con người có khả năng nhận thức được thế giới hay không? 
Trả lời cho hai câu hỏi trên liên quan mật thiết đến việc hình thành các trường phái 
triết học và các học thuyết về nhận thức của triết học. 
II- Chức năng thế giới quan của triết học 
1. Triết học - hạt nhân lý luận của thế giới quan 
Thế giới quan là toàn bộ những quan niệm của con người về thế giới, về bản thân 
con người, về cuộc sống và vị trí của con người trong thế giới đó. 
Trong th ế gi ới quan có s ự hoà nh ập gi ữa tri th ức và ni ềm tin. Tri th ức là c ơ s ở 
trực tiếp cho sự hình thành th ế giới quan, song nó ch ỉ gia nhập thế giới quan khi nó đã 
trở thành niềm tin định hướng cho hoạt động của con người. 
Có nhiều cách tiếp cận để nghiên cứu về thế giới quan. Nếu xét theo quá trình phát 
triển thì có th ể chia th ế giới quan thành ba loại hình cơ bản: Thế giới quan huyền thoại, 
thế giới quan tôn giáo và thế giới quan triết học. 
Thế gi ới quan huy ền thoại là phương thức cảm nh ận th ế gi ới c ủa ng ười nguyên 
thủy. ở thời kỳ này, các y ếu tố tri t hức và c ảm xúc, lý trí v à tín ng ưỡng, hi ện thực và 
tưởng tượng, cái thật và cái ảo, cái thần và cái người, v.v. của "
Trình bày nội dung trọng tâm của giáo trình về ý thức khoa học.,"Ý thức khoa học được hiểu là hình thái ý thức xã hội phản ánh hiện thực bằng hệ thống tri thức khái quát, logic, có căn cứ và được kiểm chứng.",75770b9b-cdbf-4038-90e2-f25e1f4426fe_triethocmaclenin.pdf,198,Triết học Mác - Lênin,False,definition,MEDIUM,61281205ff857ccaa4ba,Chương XIII,"gìn trật tự xã hội chung và sinh hoạt thường ngày của mọi người. 
Tuy nhiên, trong xã hội có giai cấp và đấu tranh giai cấp thì nội dung chủ yếu của 
đạo đức ph ản ánh quan h ệ giai c ấp, nó có tính giai c ấp. Trong các ph ạm trù đạo đức 
luôn luôn ph ản ánh địa vị và l ợi ích của giai c ấp. Mỗi giai c ấp trong nh ững giai đoạn 
phát triển nhất định của lịch sử xã hội đều có những quan niệm đạo đức riêng của mình. 
Giai cấp tiêu bi ểu cho xu th ế phát triển đi lên c ủa xã h ội thì đại diện cho m ột nền đạo 
đức ti ến b ộ, còn các giai c ấp ph ản động thì đại di ện cho m ột n ền đạo đức suy t hoái. 
Ph.Ăngghen viết: ""Xét cho đến cùng, mọi học thuyết về đạo đức đã có từ trước đến nay 
đều là sản phẩm của tình hình kinh tế của xã hội lúc bấy giờ. Và vì cho tới nay xã hội đã 
vận động trong nh ững sự đối lập giai c ấp, cho nên đạo đức cũng luôn luôn là đạo đức 
của giai c ấp: hoặc là nó bi ện hộ cho sự thống trị và l ợi ích c ủa giai c ấp thống trị, hoặc 
là, khi giai c ấp bị trị đã trở nên khá m ạnh thì nó tiêu bi ểu cho s ự nổi dậy chống lại sự 
thống trị nói trên và tiêu biểu cho lợi ích tương lai của những người bị áp bức""1. 
4. ý thức khoa học 
ý thức khoa học vừa là một hình thái ý th ức xã hội, vừa là một hiện tượng xã hội 
đặc biệt. Xem xét khoa h ọc như một hình thái ý th ức xã hội không thể tách rời xem xét 
nó như một hiện tượng xã hội. 
ý thức khoa học - với tính cách là một hình thái ý thức xã hội - là hệ thống tri thức 
phản ánh chân th ực dưới dạng lôgic tr ừu tượng về thế giới đã được kiểm nghiệm qua 
thực tiễn. Đối tượng phản ánh của ý thức khoa học bao quát m "
Ôn tập mục kiến thức có các từ khóa: cách mạng xã hội nghĩa rộng.,"Theo nghĩa rộng, cách theo cách trình bày của tài liệu mạng xã hội là biến đổi bước ngoặt và căn bản về chất trong mọi lĩnh vực đời sống; theo nghĩa hẹp, đó là việc lật đổ chế độ chính trị lỗi thời và thiết lập chế độ tiến bộ hơn.",75770b9b-cdbf-4038-90e2-f25e1f4426fe_triethocmaclenin.pdf,181,Triết học Mác - Lênin,False,comparison,MEDIUM,c0a24933c377ea97e756,Chương XII,"điểm xác lập nhà nước ấy, tùy thuộc vào tương quan lực lượng giữa các giai cấp và khối 
liên minh giai cấp tạo thành cơ sở xã hội của nhà nước, tùy thuộc vào nhiệm vụ kinh tế - 
chính trị - xã hội mà nhà nước đó phải thực hiện, tùy thuộc vào truyền thống chính trị của 
dân tộc. Hình thức cụ thể của nhà nước trong thời kỳ quá độ có thể rất khác nhau, nhưng 
bản chất của chúng chỉ là một: chuyên chính cách mạng của giai cấp vô sản. 
II- Cách mạng xã hội 
1. Bản chất và vai trò của cách mạng xã hội 
a) Khái niệm cách mạng xã hội 
Theo nghĩa rộng, cách mạng xã hội là sự biến đổi có tính chất bước ngoặt và căn 
bản về chất trong mọi lĩnh vực đời sống xã hội, là phương thức thay thế hình thái kinh tế 
- xã hội lỗi thời bằng hình thái kinh tế - xã hội cao hơn. 
Theo nghĩa hẹp, cách mạng xã h ội là việc lật đổ một chế độ chính trị đã lỗi thời, 
thiết lập một chế độ chính trị tiến bộ hơn.  
Dù theo nghĩa rộng hay nghĩa hẹp, giành chính quyền vẫn là vấn đề cơ bản của mọi 
cuộc cách mạng xã hội. Bởi vì, chỉ khi nào giành được chính quyền, giai cấp cách mạng 
mới xác l ập được n ền c huyên chính c ủa m ình, ti ến t ới b ảo đảm được quy ền l ực c ủa 
mình trên mọi lĩnh vực của đời sống xã hội.  
Tiến hóa xã h ội cũng là hình th ức phát tri ển c ủa xã h ội. Nh ưng khác v ới cách  
mạng xã hội, nó là quá trình phát triển diễn ra một cách tuần tự, dần dần với những biến 
đổi cục bộ trong một hình thái kinh t ế - xã h ội nhất định. Song ti ến hóa xã h ội và cách 
mạng xã h ội th ống nh ất biện ch ứng v ới nhau: cách m ạng xã h ội ch ỉ trở thành t ất yếu 
lịch sử khi những tiền đề của nó đượ"
Lực lượng sản xuất là gì?,"Lực lượng sản xuất là sự thống nhất giữa người lao động với tư liệu sản xuất, thể hiện năng lực thực tiễn của con người trong quá trình sản xuất.",75770b9b-cdbf-4038-90e2-f25e1f4426fe_triethocmaclenin.pdf,152,Triết học Mác - Lênin,False,definition,MEDIUM,fd4ea199811a944566a3,Chương X,"II- Biện chứng của lực lượng sản xuất và quan hệ sản xuất 
1. Khái niệm phương thức sản xuất, lực lượng sản xuất, quan hệ sản 
xuất 
a) Phương thức sản xuất 
Sản xu ất v ật ch ất được ti ến hành b ằng ph ương th ức sản xuất nhất định. Phương 
thức sản xuất là cách thức con người thực hiện quá trình sản xuất vật chất ở những giai 
đoạn lịch sử nhất định của xã hội loài người. 
Mỗi xã hội được đặc trưng bằng một phương thức sản xuất nhất định. Sự thay thế 
kế tiếp nhau của các phương thức sản xuất trong lịch sử quyết định sự phát triển của xã hội 
loài người từ thấp đến cao. 
Trong s ản xu ất, con ng ười có ""quan h ệ song trùng"": m ột m ặt là quan h ệ gi ữa 
người với tự nhiên, biểu hiện ở lực lượng sản xuất; mặt khác là quan h ệ giữa người với 
người, tức là quan h ệ sản xuất. Phương thức sản xuất chính là s ự thống nhất giữa lực 
lượng sản xuất ở một trình độ nhất định và quan hệ sản xuất tương ứng. 
b) Lực lượng sản xuất 
Lực lượng sản xuất biểu hiện mối quan hệ giữa con người với tự nhiên trong quá 
trình sản xuất. Trong quá trình s ản xuất, con ng ười kết hợp sức lao động của mình với  
tư li ệu s ản xu ất, tr ước h ết là công  c ụ lao động  t ạo thành s ức m ạnh khai thác gi ới t ự 
nhiên, làm ra sản phẩm cần thiết cho cuộc sống của mình. 
Vậy, lực lượng sản xuất là năng lực thực tiễn cải biến giới tự nhiên của con người 
nhằm đáp ứng nhu cầu đời sống của mình. 
Lực lượng sản xuất là sự kết hợp người lao động và tư liệu sản xuất, trong đó ""lực 
lượng s ản xu ất hàng đầu c ủa toàn th ể nhân lo ại là công nhân, là ng ười lao động""1. 
Chính người lao động là ch ủ thể của q"
Trình bày nội dung trọng tâm của giáo trình về phép biện chứng.,"Phép biện chứng được hiểu là lý luận triết học của phương pháp biện chứng, phản ánh biện chứng khách quan trong sự vận động và phát triển của thế giới.",75770b9b-cdbf-4038-90e2-f25e1f4426fe_triethocmaclenin.pdf,10,Triết học Mác - Lênin,False,definition,MEDIUM,24b997e315d65a768469,Chương I,"Phương pháp bi ện ch ứng ph ản ánh ""bi ện ch ứng khách quan"" trong s ự v ận động, phát 
triển của thế giới. Lý luận triết học của phương pháp đó được gọi là ""phép biện chứng"". 
1. Sự đối lập giữa phương pháp siêu hình và phương pháp biện chứng 
a) Phương pháp siêu hình 
Phương pháp siêu hình là phương pháp: 
+ Nhận thức đối tượng ở trạng thái cô lập, tách rời đối tượng ra khỏi các chỉnh thể 
khác và giữa các mặt đối lập nhau có một ranh giới tuyệt đối. 
+ Nhận thức đối tượng ở trạng thái t ĩnh tại; nếu có sự biến đổi thì đấy chỉ là s ự 
biến đổi về số lượng, nguyên nhân của sự biến đổi nằm ở bên ngoài đối tượng. 
Phương pháp siêu hình làm  cho con ng ười ""chỉ nhìn thấy những sự vật riêng bi ệt 
mà không nhìn th ấy mối liên h ệ qua l ại giữa những sự vật ấy, chỉ nhìn th ấy sự tồn tại 
của những sự vật ấy mà không nhìn th ấy sự phát sinh và s ự tiêu vong c ủa những sự vật 
ấy, ch ỉ nhìn th ấy tr ạng thái t ĩnh c ủa nh ững s ự v ật ấy m à quên m ất s ự v ận động c ủa 
những sự vật ấy, chỉ nhìn thấy cây mà không thấy rừng""1. 
Phương pháp siêu hình bắt nguồn từ chỗ muốn nhận thức một đối tượng nào trước 
hết con người cũng phải tách đối tượng ấy ra khỏi những mối liên hệ và nhận thức nó ở 
trạng thái không bi ến đổi trong m ột không gian và th ời g ian xác định. Song ph ương 
pháp siêu hình chỉ có tác dụng trong một phạm vi nhất định bởi hiện thực không rời rạc 
và ngưng đọng như phương pháp này quan niệm. 
b) Phương pháp biện chứng  
Phương pháp biện chứng là phương pháp: 
+ Nhận thức đối tượng ở trong các m ối liên hệ với nhau, ảnh hưởng nhau, ràng 
buộc nhau. 
+ Nhận thức đối"
Trình bày nội dung trọng tâm của giáo trình về ý thức có kết cấu gồm những mặt nào theo giáo trình.,"Ý thức có thể theo cách trình bày của tài liệu được xem xét theo các yếu tố như tri thức, tình cảm, ý chí và theo chiều sâu nội tâm như tự ý thức, tiềm thức, vô thức.",75770b9b-cdbf-4038-90e2-f25e1f4426fe_triethocmaclenin.pdf,90,Triết học Mác - Lênin,False,listing,MEDIUM,0af4ed437b72e448a04a,Chương V," công cụ để tác động vào 
hiện thực khách quan nhằm thực hiện mục đích của mình. 
Tính sáng t ạo của ý th ức là sáng t ạo của sự phản ánh, theo quy lu ật của sự phản 
ánh mà kết quả bao giờ cũng là những khách thể tinh thần. Sáng tạo và phản ánh là hai 
mặt thu ộc b ản ch ất ý  th ức. ý th ức là s ự ph ản ánh và chính th ực ti ễn xã h ội c ủa con  
người tạo ra sự phản ánh phức tạp, năng động, sáng tạo của bộ óc. 
ý thức là một hiện tượng xã hội. Sự ra đời, tồn tại của ý thức gắn liền với hoạt động 
thực tiễn, chịu sự chi phối không chỉ các quy luật sinh học mà chủ yếu là của quy luật xã 
hội, do nhu cầu giao tiếp xã hội và các điều kiện sinh hoạt hiện thực của con người quy 
định. ý thức mang bản chất xã hội.  
3. Kết cấu của ý thức 
ý thức là m ột hiện tượng tâm lý - x ã hội có kết cấu rất phức tạp. Có nhi ều cách 
tiếp cận để nghiên c ứu về kết cấu của ý th ức song ở đây chúng ta ch ỉ nghiên c ứu theo 
các yếu tố hợp thành và theo chiều sâu của nội tâm. 
a) Theo các yếu tố hợp thành 
Theo các yếu tố hợp thành, ý thức bao gồm các yếu tố cấu thành như tri thức, tình 
cảm, niềm tin, lý trí, ý chí... trong đó tri thức là yếu tố cơ bản, cốt lõi. 
Tri thức là kết quả quá trình nhận thức của con người về thế giới hiện thực, làm tái 
hiện trong t ư tưởng những thuộc tính, những quy luật của thế giới ấy và diễn đạt chúng 
dưới hình th ức ngôn ng ữ hoặc các h ệ thống ký hi ệu khác. Tri th ức có nhi ều loại khác 
nhau nh ư tri th ức v ề t ự nhiên, v ề xã h ội, về con ng ười. Tri th ức có nhi ều cấp độ khác 
nhau như: Tri th ức thông th ường được hình thành do hoạt động hàng ngày c "
Hệ điều hành quản lý bộ nhớ ảo như thế nào?,Tôi chưa tìm thấy thông tin này trong tài liệu đã được huấn luyện.,,,Triết học Mác - Lênin,True,out_of_scope,MEDIUM,4b21b46658fc825170b4,OUT_OF_SCOPE,
Triết học được giáo trình khái quát là gì?,"Triết học là hệ thống tri thức lý luận chung nhất của con người về thế giới, về vị trí và vai trò của con người trong thế giới ấy.",75770b9b-cdbf-4038-90e2-f25e1f4426fe_triethocmaclenin.pdf,4,Triết học Mác - Lênin,False,definition,MEDIUM,8ce7b9f499954ec8466e,Chương I,"Khái quát l ại, có th ể hiểu: Triết học là hệ thống tri th ức lý lu ận chung nh ất của 
con người về thế giới; về vị trí, vai trò của con người trong thế giới ấy. 
Triết học ra đời do hoạt động nhận thức của con người phục vụ nhu cầu sống; song, 
với tư cách là hệ thống tri thức lý luận chung nh ất, triết học chỉ có thể xuất hiện trong 
những điều kiện nhất định sau đây: 
Con người đã phải có một vốn hiểu biết nhất định và đạt đến khả năng rút ra được 
cái chung trong muôn vàn những sự kiện, hiện tượng riêng lẻ.  
Xã hội đã phát triển đến thời kỳ hình thành tầng lớp lao động trí óc. H ọ đã nghiên 
cứu, hệ thống hóa các quan điểm, quan niệm rời rạc lại thành học thuyết, thành lý luận và 
triết học ra đời. 
Tất cả những điều trên cho thấy: Triết học ra đời từ thực tiễn, do nhu cầu của thực 
tiễn; nó có nguồn gốc nhận thức và nguồn gốc xã hội. 
b) Đối tượng của triết học  
Trong quá trình phát tri ển, đối t ượng c ủa tri ết h ọc thay đổi theo t ừng giai đoạn 
lịch sử. 
Ngay từ khi mới ra đời, triết học được xem là hình thái cao nh ất của tri thức, bao 
hàm trong nó tri th ức về tất cả các l ĩnh vực không có đối tượng riêng. Đây là nguyên 
nhân sâu xa l àm nảy sinh quan ni ệm cho r ằng, triết h ọc l à khoa học của mọi khoa 
học, đặc biệt là ở triết học t ự nhiên c ủa Hy L ạp c ổ đại. Thời kỳ này, tri ết h ọc đã đạt 
được nhiều thành tựu rực rỡ mà ảnh hưởng của nó còn in đậm đối với sự phát triển của 
tư tưởng triết học ở Tây Âu. 
Thời kỳ trung cổ, ở Tây Âu khi quyền lực của Giáo hội bao trùm mọi lĩnh vực đời 
sống xã hội thì triết học trở thành nô lệ của thần học. Nền triết học"
Trình bày nội dung trọng tâm của giáo trình về chủ nghĩa duy vật biện chứng hiểu bản chất nhận thức.,"Nhận thức được hiểu là quá trình phản ánh tích cực, tự giác và sáng tạo hiện thực khách quan vào bộ óc con người trên cơ sở thực tiễn.",75770b9b-cdbf-4038-90e2-f25e1f4426fe_triethocmaclenin.pdf,137,Triết học Mác - Lênin,False,definition,MEDIUM,d6edb3849b1ebdf19654,Chương IX,"một cách khoa h ọc, đặc biệt là chưa thấy được đầy đủ vai trò c ủa th ực ti ễn đối v ới 
nhận thức. 
b) Quan niệm về bản chất nhận thức của chủ nghĩa duy vật biện 
chứng 
Sự ra đời của chủ nghĩa duy vật biện chứng đã tạo ra một cuộc cách mạng trong lý 
luận nhận thức. Bằng sự kế thừa những yếu tố hợp lý, phát tri ển một cách sáng t ạo và 
được m inh ch ứng b ởi nh ững thành t ựu c ủa khoa h ọc, k ỹ th uật, c ủa th ực ti ễn xã h ội, 
C.Mác và Ph.Ăngghen đã xây dựng nên học thuyết về nhận thức. Học thuyết này ra đời 
dựa trên những nguyên tắc cơ bản sau: 
Một là, thừa nhận thế giới vật chất tồn tại khách quan độc lập đối với ý thức của con 
người. 
Hai là, thừa nhận khả năng nhận thức được thế giới của con người. Coi nhận thức 
là sự phản ánh hi ện thực khách quan vào trong b ộ óc c ủa con ng ười, là hoạt động tìm 
hiểu khách thể của chủ thể. Không có cái gì là không t hể nhận thức được mà chỉ có cái 
con người chưa nhận thức được nhưng sẽ nhận thức được. 
Ba là, khẳng định sự phản ánh đó là một quá trình biện chứng, tích cực, tự giác và 
sáng tạo. Quá trình phản ánh ấy diễn ra theo trình tự từ chưa biết đến biết, từ biết ít đến 
biết nhiều, đi từ hiện tượng đến bản chất và từ bản chất kém sâu s ắc đến bản chất sâu 
sắc hơn. 
Bốn là, coi thực tiễn là cơ sở chủ yếu và trực tiếp nhất của nhận thức, là động lực, 
mục đích của nhận thức và là tiêu chuẩn để kiểm tra chân lý. 
Dựa trên những nguyên tắc cơ bản đó, chủ nghĩa duy vật biện chứng khẳng định:  
Về bản chất, nhận thức là quá trình phản ánh tích cực, tự giác và sáng tạo thế giới 
khách quan vào bộ óc  người trên cơ sở thực"
Trình bày nội dung trọng tâm của giáo trình về nguyên nhân nào làm các quan điểm trước Mác về vật chất rơi vào bế tắc.,"Chúng thường đồng nhất theo cách trình bày của tài liệu vật chất với một dạng vật thể cụ thể hoặc thuộc tính cụ thể, nên không giải thích được các phát hiện mới của khoa học.",75770b9b-cdbf-4038-90e2-f25e1f4426fe_triethocmaclenin.pdf,80,Triết học Mác - Lênin,False,cause,MEDIUM,a395d2f1965786155b42,Chương V,"thời bấy giờ là quan điểm siêu hình - máy móc. Quan điểm đó đã chi phối những hiểu 
biết triết h ọc v ề v ật chất. Ng ười ta gi ải thích mọi hiện tượng của tự nhiên b ằng sự tác 
động qua lại của lực hấp dẫn và lực đẩy của các phân tử của vật thể, theo đó, các phần tử 
của vật trong quá trình vận động là bất biến, còn cái thay đổi chỉ là trạng thái không gian 
và tập hợp của chúng. Mọi phân biệt về chất giữa các vật thể đều bị quy giản về sự phân 
biệt về lượng; mọi sự vận động đều bị quy v ề sự dịch chuyển vị trí trong không gian; 
mọi hiện tượng phức tạp bị quy về cái giản đơn mà từ đó chúng được tạo thành. Niềm tin 
vào các chân lý trong c ơ học Niutơn đã khiến các nhà khoa h ọc đồng nhất vật chất với 
khối lượng, coi vận động của vật chất chỉ là biểu hiện của vận động cơ học, nguồn gốc 
vận động nằm ngoài v ật chất. Kế thừa quan điểm nguyên t ử luận cổ đại, các nhà tri ết 
học duy v ật cận đại vẫn coi nguyên t ử là ph ần tử nhỏ nhất, không t hể phân chia được, 
tách rời nguyên tử với vận động, không gian và thời gian, v.v.. 
b) Nguyên nhân dẫn đến sự bế tắc của những quan điểm trước Mác 
về vật chất 
Cuối thế kỷ XIX đầu thế kỷ XX, khi xu ất hiện những phát m inh mới trong khoa 
học t ự nhiên, con ng ười m ới có được nh ững hi ểu bi ết c ăn b ản h ơn, sâu s ắc h ơn v ề 
nguyên tử. Năm 1895 Rơnghen phát hiện ra tia X; năm 1896, Béccơren phát hiện ra hiện 
tượng phóng xạ; năm 1897 T ômxơn phát hiện ra điện tử và chứng minh được điện tử là 
một trong nh ững thành ph ần c ấu t ạo nên nguyên t ử. Nhờ phát m inh này, l ần đầu tiên 
trong khoa h ọc, s ự t ồn t ại hi ện th ực c "
Định luật Ohm phát biểu như thế nào?,Tôi chưa tìm thấy thông tin này trong tài liệu đã được huấn luyện.,,,Triết học Mác - Lênin,True,out_of_scope,MEDIUM,cef6e4f9dc4d79993e3e,OUT_OF_SCOPE,
Hãy giải thích kiến thức Triết học Mác - Lênin liên quan đến nguyên nhân trực tiếp dẫn đến sự xuất hiện của nhà nước.,Nguyên nhân trực tiếp theo cách trình bày của tài liệu của sự xuất hiện nhà nước là những mâu thuẫn giai cấp không thể điều hòa được.,75770b9b-cdbf-4038-90e2-f25e1f4426fe_triethocmaclenin.pdf,174,Triết học Mác - Lênin,False,cause,MEDIUM,6ceb332f210641a403bd,Chương XII,"I- Nhà nước 
1. Nguồn gốc và bản chất của nhà nước  
a) Nguồn gốc của nhà nước  
Lịch s ử cho  th ấy không ph ải khi nào xã h ội c ũng có nhà n ước. Trong xã h ội 
nguyên thuỷ, do kinh t ế còn th ấp kém, ch ưa có s ự phân hóa giai c ấp, cho nên ch ưa có 
nhà nước. Đứng đầu các th ị tộc và b ộ lạc là các t ộc trưởng do nhân dân b ầu ra, quy ền 
lực của những người đứng đầu thuộc về uy tín và đạo đức, việc điều chỉnh các quan hệ 
xã hội được thực hiện bằng những quy tắc chung. Trong tay h ọ không có và không c ần 
một công cụ cưỡng bức đặc biệt nào. 
Lực lượng sản xuất phát triển đã dẫn đến sự ra đời chế độ tư hữu và t ừ đó xã h ội 
phân chia t hành các giai  cấp đối kháng và cu ộc đấu tranh giai c ấp không th ể điều hoà 
được xuất hiện. Điều đó dẫn đến nguy cơ các giai cấp chẳng những tiêu diệt lẫn nhau mà 
còn tiêu diệt luôn cả xã h ội. Để thảm hoạ đó không diễn ra, một cơ quan quyền lực đặc 
biệt đã ra đời. Đó là nhà nước. Nhà nước đầu tiên trong lịch sử là nhà nước chiếm hữu nô 
lệ, xuất hiện trong cuộc đấu tranh không điều hoà giữa giai cấp chủ nô và giai cấp nô lệ. 
Tiếp đó là nhà nước phong kiến, nhà nước tư sản. 
Nguyên nhân trực tiếp của sự xuất hiện nhà nước là mâu thuẫn giai cấp không thể 
điều hoà được. Đúng như V.I.Lênin nhận định: ""Nhà nước là sản phẩm và biểu hiện của 
những mâu thuẫn giai cấp không thể điều hoà được. Bất cứ ở đâu, hễ lúc nào và ch ừng 
nào mà, về mặt khách quan, những mâu thuẫn giai cấp không thể điều hoà được, thì nhà 
nước xuất hiện. Và ng ược lại: sự tồn tại của nhà nước chứng tỏ rằng những mâu thuẫn 
giai cấp là không t hể điều hoà được""1."
Hãy giải thích kiến thức Triết học Mác - Lênin liên quan đến phương thức sản xuất.,"Phương thức sản xuất là cách thức con người tiến hành sản xuất vật chất trong một giai đoạn lịch sử nhất định, bao gồm lực lượng sản xuất và quan hệ sản xuất.",75770b9b-cdbf-4038-90e2-f25e1f4426fe_triethocmaclenin.pdf,152,Triết học Mác - Lênin,False,definition,MEDIUM,39568e8fe44a02d02c28,Chương X,"II- Biện chứng của lực lượng sản xuất và quan hệ sản xuất 
1. Khái niệm phương thức sản xuất, lực lượng sản xuất, quan hệ sản 
xuất 
a) Phương thức sản xuất 
Sản xu ất v ật ch ất được ti ến hành b ằng ph ương th ức sản xuất nhất định. Phương 
thức sản xuất là cách thức con người thực hiện quá trình sản xuất vật chất ở những giai 
đoạn lịch sử nhất định của xã hội loài người. 
Mỗi xã hội được đặc trưng bằng một phương thức sản xuất nhất định. Sự thay thế 
kế tiếp nhau của các phương thức sản xuất trong lịch sử quyết định sự phát triển của xã hội 
loài người từ thấp đến cao. 
Trong s ản xu ất, con ng ười có ""quan h ệ song trùng"": m ột m ặt là quan h ệ gi ữa 
người với tự nhiên, biểu hiện ở lực lượng sản xuất; mặt khác là quan h ệ giữa người với 
người, tức là quan h ệ sản xuất. Phương thức sản xuất chính là s ự thống nhất giữa lực 
lượng sản xuất ở một trình độ nhất định và quan hệ sản xuất tương ứng. 
b) Lực lượng sản xuất 
Lực lượng sản xuất biểu hiện mối quan hệ giữa con người với tự nhiên trong quá 
trình sản xuất. Trong quá trình s ản xuất, con ng ười kết hợp sức lao động của mình với  
tư li ệu s ản xu ất, tr ước h ết là công  c ụ lao động  t ạo thành s ức m ạnh khai thác gi ới t ự 
nhiên, làm ra sản phẩm cần thiết cho cuộc sống của mình. 
Vậy, lực lượng sản xuất là năng lực thực tiễn cải biến giới tự nhiên của con người 
nhằm đáp ứng nhu cầu đời sống của mình. 
Lực lượng sản xuất là sự kết hợp người lao động và tư liệu sản xuất, trong đó ""lực 
lượng s ản xu ất hàng đầu c ủa toàn th ể nhân lo ại là công nhân, là ng ười lao động""1. 
Chính người lao động là ch ủ thể của q"
Hãy giải thích kiến thức Triết học Mác - Lênin liên quan đến lực lượng sản xuất.,"Lực lượng sản xuất theo cách trình bày của tài liệu là sự thống nhất giữa người lao động với tư liệu sản xuất, thể hiện năng lực thực tiễn của con người trong quá trình sản xuất.",75770b9b-cdbf-4038-90e2-f25e1f4426fe_triethocmaclenin.pdf,152,Triết học Mác - Lênin,False,definition,MEDIUM,d594f667aa7fc34953ff,Chương X,"II- Biện chứng của lực lượng sản xuất và quan hệ sản xuất 
1. Khái niệm phương thức sản xuất, lực lượng sản xuất, quan hệ sản 
xuất 
a) Phương thức sản xuất 
Sản xu ất v ật ch ất được ti ến hành b ằng ph ương th ức sản xuất nhất định. Phương 
thức sản xuất là cách thức con người thực hiện quá trình sản xuất vật chất ở những giai 
đoạn lịch sử nhất định của xã hội loài người. 
Mỗi xã hội được đặc trưng bằng một phương thức sản xuất nhất định. Sự thay thế 
kế tiếp nhau của các phương thức sản xuất trong lịch sử quyết định sự phát triển của xã hội 
loài người từ thấp đến cao. 
Trong s ản xu ất, con ng ười có ""quan h ệ song trùng"": m ột m ặt là quan h ệ gi ữa 
người với tự nhiên, biểu hiện ở lực lượng sản xuất; mặt khác là quan h ệ giữa người với 
người, tức là quan h ệ sản xuất. Phương thức sản xuất chính là s ự thống nhất giữa lực 
lượng sản xuất ở một trình độ nhất định và quan hệ sản xuất tương ứng. 
b) Lực lượng sản xuất 
Lực lượng sản xuất biểu hiện mối quan hệ giữa con người với tự nhiên trong quá 
trình sản xuất. Trong quá trình s ản xuất, con ng ười kết hợp sức lao động của mình với  
tư li ệu s ản xu ất, tr ước h ết là công  c ụ lao động  t ạo thành s ức m ạnh khai thác gi ới t ự 
nhiên, làm ra sản phẩm cần thiết cho cuộc sống của mình. 
Vậy, lực lượng sản xuất là năng lực thực tiễn cải biến giới tự nhiên của con người 
nhằm đáp ứng nhu cầu đời sống của mình. 
Lực lượng sản xuất là sự kết hợp người lao động và tư liệu sản xuất, trong đó ""lực 
lượng s ản xu ất hàng đầu c ủa toàn th ể nhân lo ại là công nhân, là ng ười lao động""1. 
Chính người lao động là ch ủ thể của q"
Kubernetes scheduler phân phối pod như thế nào?,Tôi chưa tìm thấy thông tin này trong tài liệu đã được huấn luyện.,,,Triết học Mác - Lênin,True,out_of_scope,MEDIUM,c38cb49277af36ee86b8,OUT_OF_SCOPE,
Tóm tắt luận điểm có các từ khóa sau: cách mạng xã hội theo nghĩa rộng và nghĩa hẹp được hiểu.,"Theo nghĩa rộng, cách theo cách trình bày của tài liệu mạng xã hội là biến đổi bước ngoặt và căn bản về chất trong mọi lĩnh vực đời sống; theo nghĩa hẹp, đó là việc lật đổ chế độ chính trị lỗi thời và thiết lập chế độ tiến bộ hơn.",75770b9b-cdbf-4038-90e2-f25e1f4426fe_triethocmaclenin.pdf,181,Triết học Mác - Lênin,False,comparison,MEDIUM,9d08d1d8bec9baa8b42d,Chương XII,"điểm xác lập nhà nước ấy, tùy thuộc vào tương quan lực lượng giữa các giai cấp và khối 
liên minh giai cấp tạo thành cơ sở xã hội của nhà nước, tùy thuộc vào nhiệm vụ kinh tế - 
chính trị - xã hội mà nhà nước đó phải thực hiện, tùy thuộc vào truyền thống chính trị của 
dân tộc. Hình thức cụ thể của nhà nước trong thời kỳ quá độ có thể rất khác nhau, nhưng 
bản chất của chúng chỉ là một: chuyên chính cách mạng của giai cấp vô sản. 
II- Cách mạng xã hội 
1. Bản chất và vai trò của cách mạng xã hội 
a) Khái niệm cách mạng xã hội 
Theo nghĩa rộng, cách mạng xã hội là sự biến đổi có tính chất bước ngoặt và căn 
bản về chất trong mọi lĩnh vực đời sống xã hội, là phương thức thay thế hình thái kinh tế 
- xã hội lỗi thời bằng hình thái kinh tế - xã hội cao hơn. 
Theo nghĩa hẹp, cách mạng xã h ội là việc lật đổ một chế độ chính trị đã lỗi thời, 
thiết lập một chế độ chính trị tiến bộ hơn.  
Dù theo nghĩa rộng hay nghĩa hẹp, giành chính quyền vẫn là vấn đề cơ bản của mọi 
cuộc cách mạng xã hội. Bởi vì, chỉ khi nào giành được chính quyền, giai cấp cách mạng 
mới xác l ập được n ền c huyên chính c ủa m ình, ti ến t ới b ảo đảm được quy ền l ực c ủa 
mình trên mọi lĩnh vực của đời sống xã hội.  
Tiến hóa xã h ội cũng là hình th ức phát tri ển c ủa xã h ội. Nh ưng khác v ới cách  
mạng xã hội, nó là quá trình phát triển diễn ra một cách tuần tự, dần dần với những biến 
đổi cục bộ trong một hình thái kinh t ế - xã h ội nhất định. Song ti ến hóa xã h ội và cách 
mạng xã h ội th ống nh ất biện ch ứng v ới nhau: cách m ạng xã h ội ch ỉ trở thành t ất yếu 
lịch sử khi những tiền đề của nó đượ"
Ôn tập mục kiến thức có các từ khóa: chủ nghĩa hiện sinh nhấn mạnh.,"Chủ nghĩa hiện sinh theo cách trình bày của tài liệu thường nhấn mạnh sự tồn tại cá nhân, thân phận con người và những lựa chọn của con người trong đời sống hiện đại.",75770b9b-cdbf-4038-90e2-f25e1f4426fe_triethocmaclenin.pdf,69,Triết học Mác - Lênin,False,summary,MEDIUM,c88f08047db97c3d5d27,Chương IV," bản thân triết học. 
Mặc dù nh ững nhà tri ết học sau Pốppơ và Cun đã chú ý đến ý ngh ĩa thế giới quan c ủa 
triết học đối với khoa h ọc, nhưng do thi ếu quan điểm duy vật lịch sử nên họ không có 
cách nào thoát khỏi tính hạn chế đó. Vì vậy chủ nghĩa duy khoa học không thể mở ra một 
con đường mới thực sự đúng đắn cho sự phát triển của triết học. 
2. Chủ nghĩa hiện sinh 
Chủ nghĩa hiện sinh đầu thế kỷ XX có cội nguồn tư tưởng sâu xa mà trực tiếp nhất 
là triết học phi duy lý ở thế kỷ XIX. Đại biểu chủ yếu của chủ nghĩa hiện sinh là các nhà 
triết học Hâyđơgơ, Xáctơrơ, Giaxpơ, Macxen. 
Chủ ngh ĩa hi ện sinh là m ột tr ường phái tri ết h ọc r ất ph ức t ạp. Quan điểm c ủa 
những đại biểu của triết học này t hường có s ự khác nhau r ất l ớn. Ngoài s ự phân bi ệt 
về qu ốc gia nh ư ch ủ ngh ĩa hi ện sinh c ủa Đức, ch ủ ngh ĩa hi ện sinh c ủa Pháp và ch ủ 
nghĩa hiện sinh c ủa Mỹ, còn có th ể phân bi ệt chủ nghĩa hiện sinh theo thái độ đối với 
tôn giáo nh ư chủ nghĩa hiện sinh vô th ần và ch ủ nghĩa hiện sinh h ữu thần. Trên nh ững 
vấn đề chính trị to l ớn, giữa những nhà triết học hiện sinh cũng có những khác biệt lớn. 
Nhưng tất cả những người theo chủ nghĩa hiện sinh đều coi sự hiện sinh c ủa cá nhân là 
nội dung cơ bản trong triết học của mình. 
 Các nhà hi ện sinh phân bi ệt hai khái ni ệm hữu thể và hiện hữu (hiện sinh). H ữu 
thể là khái niệm chỉ một cái gì đó (một vật, một người) đang tồn tại, đang có mặt, nhưng 
chưa là m ột cái gì đó cụ thể cả, chưa có di ện mạo, chưa có cá tính. Đó là m ột tồn tại 
chưa sống đích thực, vô h ồn, tức là ch ưa hiện hữu. Còn hi ện hữu "
Tóm tắt luận điểm có các từ khóa sau: nhận thức thông thường khác nhận thức khoa học ở điểm nào.,"Nhận thức thông thường theo cách trình bày của tài liệu mang tính trực tiếp, kinh nghiệm đời sống; nhận thức khoa học có tính hệ thống, lý luận, phương pháp và kiểm chứng chặt chẽ hơn.",75770b9b-cdbf-4038-90e2-f25e1f4426fe_triethocmaclenin.pdf,144,Triết học Mác - Lênin,False,comparison,MEDIUM,fbc1d279f8c579f9e1d9,Chương IX,"h ệ biện chứng giữa nhận thức kinh nghiệm và nhận 
thức lý luận nên trong hoạt động nhận thức và hoạt động thực tiễn, Đảng ta luôn luôn chủ 
động ""thường xuyên tổng kết thực tiễn để phát triển lý luận; dự báo tình hình và xu th ế 
phát tr iển c ủa th ế gi ới, khu v ực và  trong n ước; cung c ấp lu ận c ứ khoa h ọc cho vi ệc 
hoạch định đường lối; chủ trương, chính sách của Đảng và Nhà nước""1.Đó là một trong 
những yếu tố làm nên thắng lợi trong công cuộc đổi mới ở nước ta. 
b) Nhận thức thông thường và nhận thức khoa học 
Nhận th ức thông th ường (nh ận th ức ti ền khoa h ọc) là lo ại nh ận th ức được hình 
thành một cách tự phát, trực tiếp từ trong hoạt động hàng ngày của con người. Nó phản 
ánh sự vật, hiện tượng xảy ra v ới tất cả những đặc điểm chi ti ết, cụ thể và nh ững sắc 
thái khác nhau của sự vật. Vì vậy, nhận thức thông thường mang tính phong phú, nhi ều 
vẻ và gắn liền với những quan niệm sống thực tế hàng ngày. Vì thế nó có vai trò thường 
xuyên và phổ biến chi phối hoạt động của mọi người trong xã hội. 
Nhận thức khoa h ọc là lo ại nhận thức được hình thành m ột cách t ự giác và gián 
tiếp từ sự phản ánh đặc điểm bản chất, những quan hệ tất yếu của đối tượng nghiên cứu. 
Sự phản ánh này diễn ra dưới dạng trừu tượng lôgic là các khái ni ệm, các quy luật khoa 
học. Nhận thức khoa học vừa có tính khách quan, trừu tượng, khái quát lại vừa có tính hệ 
thống, có c ăn c ứ và có tính chân t hực. Nó v ận d ụng m ột h ệ th ống c ác ph ương pháp 
nghiên cứu và sử dụng cả ngôn ngữ thông thường và thu ật ngữ khoa h ọc để diễn tả sâu 
sắc bản chất và quy luật của đối tượng "
Trình bày nội dung trọng tâm của giáo trình về phủ định biện chứng.,"Phủ định biện chứng được hiểu là sự phủ định khách quan, có tính kế thừa, do mâu thuẫn bên trong của sự vật quy định và tạo điều kiện cho sự phát triển.",75770b9b-cdbf-4038-90e2-f25e1f4426fe_triethocmaclenin.pdf,132,Triết học Mác - Lênin,False,definition,MEDIUM,35e052f2f876df0a5457,Chương VIII,"i tri ết h ọc có quan ni ệm khác nhau v ề ph ủ định. Có quan 
điểm cho rằng, sự vật mới ra đời thay thế sự vật cũ hầu như lặp lại toàn bộ quá trình của 
sự vật cũ. Có quan điểm coi sự phủ định là sự diệt vong hoàn toàn c ủa cái cũ, chấm dứt 
hoàn toàn sự vận động và phát triển của sự vật. Chủ nghĩa duy vật biện chứng, cho rằng 
sự chuyển hóa t ừ những thay đổi về lượng dẫn đến những thay đổi về chất, sự đấu tranh 
thường xuyên của các mặt đối lập làm cho mâu thuẫn được giải quyết, từ đó dẫn đến sự 
vật cũ mất đi, sự vật mới ra đời. Sự thay thế diễn ra liên tục tạo nên sự vận động và phát 
triển không ngừng của sự vật. Sự vật mới ra đời là kết quả của phủ định sự vật cũ. Điều 
đó cũng có ngh ĩa sự phủ định là ti ền đề, điều kiện cho s ự phát triển liên t ục, cho s ự ra 
đời của cái mới thay thế cái cũ. Đó là phủ định biện chứng. 
Phủ định biện chứng là phạm trù triết học dùng để chỉ sự phủ định tự thân, là mắt 
khâu trong quá trình dẫn tới sự ra đời sự vật mới, tiến bộ hơn sự vật cũ.  
Đặc trưng cơ bản của phủ định biện chứng là tính khách quan và tính kế thừa. 
Phủ định biện chứng mang tính khách quan vì nguyên nhân của s ự ph ủ định n ằm 
ngay trong b ản thân s ự vật. Đó chính là k ết quả giải quyết những mâu thuẫn bên trong 
sự vật. Nhờ việc giải quyết những mâu thuẫn mà sự vật luôn phát triển, vì thế, phủ định 
biện chứng là một tất yếu khách quan trong quá trình v ận động và phát triển của sự vật. 
Đương nhiên, m ỗi s ự v ật có ph ương thức ph ủ định riêng tùy thu ộc vào s ự gi ải quy ết 
mâu thuẫn của bản thân chúng. Điều đó cũng có nghĩa, phủ định biện chứng không phụ"
Bước nhảy là gì?,Bước nhảy là sự chuyển hóa về chất của sự vật do sự thay đổi về lượng đạt tới điểm nút.,75770b9b-cdbf-4038-90e2-f25e1f4426fe_triethocmaclenin.pdf,126,Triết học Mác - Lênin,False,definition,MEDIUM,4e121b6cc1fd3552196a,Chương VIII,"trình độ tri thức, giúp h ọ ti ến lên trình độ cao h ơn. Cũng gi ống nh ư v ậy, khi n ước t ừ 
trạng thái lỏng sang trạng thái hơi thì vận tốc của các phân tử nước cao hơn, thể tích của 
nước ở tr ạng thái h ơi s ẽ l ớn h ơn th ể tích c ủa nó ở tr ạng thái l ỏng v ới cùng m ột kh ối 
lượng, tính chất hoà tan một số chất tan của nó cũng sẽ khác đi, v.v.. 
Như vậy, không ch ỉ những thay đổi về lượng dẫn đến những thay đổi về chất mà 
những thay đổi về chất cũng đã dẫn đến những thay đổi về lượng. 
c) Các hình thức cơ bản của bước nhảy 
Bước nh ảy để chuy ển hóa v ề ch ất c ủa s ự v ật h ết s ức đa dạng và phong phú v ới 
những hình th ức rất khác nhau. N hững hình th ức b ước nh ảy được quy ết định b ởi b ản 
thân sự vật, bởi những điều kiện cụ thể trong đó sự vật thực hiện bước nhảy.  
Dựa trên nhịp điệu thực hiện bước nhảy của bản thân sự vật có thể phân chia thành 
bước nhảy đột biến và bước nhảy dần dần. 
Bước nhảy đột biến là bước nhảy được thực hiện trong một thời gian rất ngắn làm 
thay đổi chất của toàn bộ kết cấu cơ bản của sự vật. 
Chẳng hạn, khối lượng Uranium 235 (Ur 235) được tăng đến khối lượng tới hạn 
thì sẽ xảy ra vụ nổ nguyên tử trong chốc lát.  
Bước nhảy dần dần là b ước nhảy được thực hiện từ từ, từng bước bằng cách tích 
luỹ dần dần những nhân tố của chất mới và những nhân tố của chất cũ dần dần mất đi. 
Chẳng hạn, quá trình chuyển hóa từ vượn thành người diễn ra rất lâu dài, hàng v ạn năm. 
Quá trì nh cách m ạng đưa n ước ta t ừ m ột n ước nông nghi ệp l ạc h ậu quá độ lên ch ủ 
nghĩa xã h ội là m ột thời kỳ lâu dài, qua nhi ều bước nhảy dần dần. Quá tr"
Trình bày nội dung trọng tâm của giáo trình về bản chất của nhà nước.,Nhà nước được hiểu là bộ máy quyền lực do giai cấp thống trị về kinh tế thiết lập để duy trì sự thống trị và trấn áp các giai cấp khác.,75770b9b-cdbf-4038-90e2-f25e1f4426fe_triethocmaclenin.pdf,175,Triết học Mác - Lênin,False,definition,MEDIUM,bf49d34f6e832b01d10b,Chương XII,"phương ti ện m ới để đàn áp và bóc l ột giai c ấp khác. Vì th ế, v ề b ản ch ất “Nhà n ước 
chẳng qua chỉ là một bộ máy của một giai cấp này dùng để trấn áp một giai cấp khác”1, 
là bộ máy dùng để duy trì sự thống trị của giai cấp này đối với giai cấp khác, là c ơ quan 
quyền lực của một giai c ấp đối với toàn xã h ội, là công c ụ chuyên chính c ủa một giai 
cấp. Không có và không th ể có nhà n ước đứng trên các giai c ấp hoặc nhà n ước chung 
cho mọi giai cấp. Nhà nước chính là một bộ máy do giai cấp thống trị về kinh tế thiết lập 
ra nhằm hợp pháp hóa và c ủng cố s ự áp b ức c ủa chúng đối với quần chúng lao động. 
Giai cấp thống trị sử dụng bộ máy nhà nước để đàn áp, c ưỡng b ức các giai c ấp khác 
trong khuôn khổ lợi ích của giai cấp thống trị. Đó là bản chất của nhà nước theo nguyên 
nghĩa, tức nhà nước của giai cấp bóc lột. 
Theo bản chất đó, nhà nước không thể là lực lượng điều hòa sự xung đột giai cấp, 
mà trái lại, nó càng làm cho mâu thuẫn giai cấp ngày càng gay g ắt. Cũng theo bản chất 
đó, nhà n ước là b ộ máy quan tr ọng nhất của kiến trúc th ượng tầng trong xã h ội có giai 
cấp. Tất cả những hoạt động chính tr ị, văn hóa, xã h ội do nhà n ước tiến hành, xét cho 
cùng, đều xuất phát từ lợi ích của giai cấp thống trị.  
Thực tế lịch sử đã chứng minh rằng, cho dù được che giấu dưới hình thức tinh vi 
như thế nào, cho dù có b ị khúc xạ qua những lăng kính phức tạp ra sao, nhà n ước trong 
mọi xã hội có giai c ấp đối kháng cũng chỉ là công cụ bảo vệ lợi ích của giai cấp thống 
trị. 
Tuy nhiên cũng có trường hợp, nhà nước giữ được một mức độ độc lập nào đó đối 
với "
Trình bày nội dung trọng tâm của giáo trình về nhận thức kinh nghiệm.,"Nhận thức kinh nghiệm được hiểu là trình độ nhận thức hình thành trực tiếp từ quan sát, trải nghiệm và hoạt động thực tiễn.",75770b9b-cdbf-4038-90e2-f25e1f4426fe_triethocmaclenin.pdf,143,Triết học Mác - Lênin,False,definition,MEDIUM,facb3c235d744ea8787a,Chương IX,"2. Cấp độ của quá trình nhận thức 
Có nhiều các tiếp cận để tìm hiểu về các cấp độ của quá trình nhận thức. Nếu căn 
cứ trên mức độ thâm nhập vào bản chất của đối tượng nhận thức, có thể chia nhận thức 
thành nhận thức kinh nghiệm và nhận thức lý luận; nếu căn cứ trên tính chất tự phát hay 
tự giác của quá trình nhận thức, có thể chia nhận thức thành nhận thức thông thường và 
nhận thức khoa học, v.v.. 
a) Nhận thức kinh nghiệm và nhận thức lý luận 
Nhận thức kinh nghiệm là loại nhận thức hình thành từ sự quan sát trực tiếp các sự 
vật hiện tượng trong t ự nhiên, xã h ội hay trong  các thí ngh iệm khoa h ọc. Kết quả của 
nhận thức kinh nghiệm là những tri thức kinh nghiệm. Tri thức này có hai loại là tri thức 
kinh nghi ệm thông th ường và tri th ức kinh nghi ệm khoa h ọc. Tri th ức kinh nghi ệm 
thông thường là loại tri thức được hình thành từ sự quan sát trực tiếp hàng ngày về cuộc 
sống và lao động sản xuất. Còn tri th ức kinh nghi ệm khoa h ọc là lo ại tri thức thu được 
từ sự khảo sát các thí ng hiệm khoa h ọc. Hai lo ại tri th ức này có quan h ệ chặt chẽ với 
nhau, xâm  nh ập vào nhau để t ạo nên tính phong phú, sinh động c ủa nh ận th ức kinh 
nghiệm. 
Nhận th ức lý lu ận (g ọi t ắt là lý lu ận) là lo ại nhận th ức gián ti ếp, tr ừu t ượng và 
khái quát về bản chất và quy luật của các sự vật, hiện tượng. Nhận thức lý luận có chức 
năng gián ti ếp vì nó được hình thành và phát tri ển trên c ơ s ở c ủa nh ận th ức kinh 
nghiệm. Nhận thức lý luận có tính tr ừu tượng và khái quát vì nó ch ỉ tập trung phản ánh 
cái bản chất mang tính quy luật của sự vật và hiện tượng. Do "
Tóm tắt luận điểm có các từ khóa sau: các tính chất cơ bản của mối liên hệ.,"Mối liên hệ có theo cách trình bày của tài liệu tính khách quan, tính phổ biến và tính đa dạng, phong phú.",75770b9b-cdbf-4038-90e2-f25e1f4426fe_triethocmaclenin.pdf,96,Triết học Mác - Lênin,False,listing,MEDIUM,349fee78815c20d3bbe7,Chương VI,"tượng tạo thành thế giới, dù có đa dạng, phong phú, có khác nhau bao nhiêu, song chúng 
đều chỉ là nh ững dạng khác nhau c ủa một th ế gi ới duy nh ất, th ống nh ất - th ế gi ới v ật 
chất. Nhờ có tính th ống nhất đó, chúng không th ể tồn tại biệt lập, tách rời nhau, mà tồn 
tại trong sự tác động qua lại, chuyển hóa l ẫn nhau theo nh ững quan h ệ xác định. Chính 
trên c ơ sở đó, tri ết h ọc duy v ật biện ch ứng kh ẳng định rằng, liên hệ là ph ạm trù tri ết 
học dùng để chỉ sự quy định, sự tác động qua lại, sự chuyển hóa l ẫn nhau giữa các sự 
vật, hiện tượng hay giữa các mặt của một sự vật, của một hiện tượng trong thế giới. 
2. Các tính chất của mối liên hệ 
Theo quan điểm của chủ nghĩa duy vật biện chứng, mối liên hệ có ba tính chất cơ 
bản: Tính khách quan, tính phổ biến và tính đa dạng, phong phú. 
- Tính khách quan của mối liên hệ biểu hiện: các mối liên hệ là vốn có của mọi sự 
vật, hiện tượng; nó không phụ thuộc vào ý thức của con người. 
- Tính phổ biến của mối liên hệ biểu hiện: bất kỳ một sự vật, hiện tượng nào; ở bất 
kỳ không gian nào và ở bất kỳ thời gian nào cũng có mối liên hệ với những sự vật, hiện 
tượng khác. Ngay trong cùng một sự vật, hiện tượng thì bất kỳ một thành phần nào, một 
yếu tố nào cũng có mối liên hệ với những thành phần, những yếu tố khác. 
- Tính đa dạng, phong phú của mối liên hệ biểu hiện: sự vật khác nhau, hiện tượng 
khác nhau, không gian khác nhau, thời gian khác nhau thì các mối liên hệ biểu hiện khác 
nhau. Có thể chia các mối liên hệ thành nhiều loại: mối liên hệ bên trong, mối liên hệ bên 
ngoài, mối liên hệ chủ yếu, mối liên hệ thứ"
"Theo giáo trình, cơ sở tồn tại về kinh t ế của thị tộc là gì?",Cơ sở tồn tại về kinh t ế của thị tộc là quy ền sở hữu chung v ề tư liệu sản xuất và tài sản.,75770b9b-cdbf-4038-90e2-f25e1f4426fe_triethocmaclenin.pdf,163,Triết học Mác - Lênin,False,definition,MEDIUM,cd21f7a8683615a7eb6b,Chương XI,"I- Những hình thức cộng đồng người trong lịch sử 
1. Những hình thức cộng đồng người trước dân tộc 
Để tồn tại và phát triển, con người phải gắn kết với nhau thành những cộng đồng. 
Trong quá trình phát tri ển của xã hội, trước khi dân tộc ra đời, các hình thức cộng đồng 
người cũng biến đổi từ thị tộc đến bộ lạc, bộ tộc. 
a) Thị tộc 
Là cộng đồng người (gồm khoảng vài tr ăm người) có cùng một huyết thống. Thị 
tộc là một đơn vị sản xuất và là một hình thức tồn tại cơ bản của xã hội nguyên thuỷ. Do 
trình độ của lực lượng sản xuất chưa phát triển, nguồn sống chủ yếu dựa vào trồng trọt 
và chăn nuôi, vì vậy vai trò của người phụ nữ trong thị tộc có một vị trí đặc biệt. Chế độ 
quần hôn th ời kỳ đầu và địa vị độc tôn của người phụ nữ trong s ản xuất chính là c ơ sở 
hình thành hình th ức th ị t ộc m ẫu quy ền đầu tiên trong l ịch s ử. S ự phát tri ển c ủa l ực 
lượng sản xuất đã làm thay đổi vị trí của người đàn ông trong ch ế độ thị tộc. Hình thức 
thị tộc phụ quyền đã ra đời thay thế hình th ức thị tộc mẫu quyền. Thị tộc là hình th ức 
cộng đồng người đầu tiên trong lịch sử. 
Ngoài đặc trưng chung về huyết thống là ch ủ y ếu, thị t ộc còn có nh ững quan h ệ 
cộng đồng về ngôn ngữ, tập quán, tín ngưỡng, v ăn hóa. Mỗi thị tộc có khu v ực cư trú, 
vùng săn bắt và tên gọi riêng. 
Cơ sở tồn tại về kinh t ế của thị tộc là quy ền sở hữu chung v ề tư liệu sản xuất và 
tài s ản. H ọ cùng lao động và m ọi s ản ph ẩm được chia đều cho t ất c ả các thành viên 
trong thị tộc. 
Lãnh đạo thị tộc là m ột hội đồng thị tộc, đứng đầu là t ộc trưởng được mọi người 
bầu ra. Vi ệc quản lý điều h"
HTTP/2 khác HTTP/1.1 ở điểm nào?,Tôi chưa tìm thấy thông tin này trong tài liệu đã được huấn luyện.,,,Triết học Mác - Lênin,True,out_of_scope,MEDIUM,a955534567f6d47a7d09,OUT_OF_SCOPE,
Công thức tính diện tích hình tròn là gì?,Tôi chưa tìm thấy thông tin này trong tài liệu đã được huấn luyện.,,,Triết học Mác - Lênin,True,out_of_scope,MEDIUM,c2dab7f75b3924ee833d,OUT_OF_SCOPE,
Tóm tắt luận điểm có các từ khóa sau: chủ nghĩa hiện sinh nhấn mạnh vấn đề gì.,"Chủ nghĩa hiện sinh theo cách trình bày của tài liệu thường nhấn mạnh sự tồn tại cá nhân, thân phận con người và những lựa chọn của con người trong đời sống hiện đại.",75770b9b-cdbf-4038-90e2-f25e1f4426fe_triethocmaclenin.pdf,69,Triết học Mác - Lênin,False,summary,MEDIUM,accd73b23bcb2a8c9398,Chương IV," bản thân triết học. 
Mặc dù nh ững nhà tri ết học sau Pốppơ và Cun đã chú ý đến ý ngh ĩa thế giới quan c ủa 
triết học đối với khoa h ọc, nhưng do thi ếu quan điểm duy vật lịch sử nên họ không có 
cách nào thoát khỏi tính hạn chế đó. Vì vậy chủ nghĩa duy khoa học không thể mở ra một 
con đường mới thực sự đúng đắn cho sự phát triển của triết học. 
2. Chủ nghĩa hiện sinh 
Chủ nghĩa hiện sinh đầu thế kỷ XX có cội nguồn tư tưởng sâu xa mà trực tiếp nhất 
là triết học phi duy lý ở thế kỷ XIX. Đại biểu chủ yếu của chủ nghĩa hiện sinh là các nhà 
triết học Hâyđơgơ, Xáctơrơ, Giaxpơ, Macxen. 
Chủ ngh ĩa hi ện sinh là m ột tr ường phái tri ết h ọc r ất ph ức t ạp. Quan điểm c ủa 
những đại biểu của triết học này t hường có s ự khác nhau r ất l ớn. Ngoài s ự phân bi ệt 
về qu ốc gia nh ư ch ủ ngh ĩa hi ện sinh c ủa Đức, ch ủ ngh ĩa hi ện sinh c ủa Pháp và ch ủ 
nghĩa hiện sinh c ủa Mỹ, còn có th ể phân bi ệt chủ nghĩa hiện sinh theo thái độ đối với 
tôn giáo nh ư chủ nghĩa hiện sinh vô th ần và ch ủ nghĩa hiện sinh h ữu thần. Trên nh ững 
vấn đề chính trị to l ớn, giữa những nhà triết học hiện sinh cũng có những khác biệt lớn. 
Nhưng tất cả những người theo chủ nghĩa hiện sinh đều coi sự hiện sinh c ủa cá nhân là 
nội dung cơ bản trong triết học của mình. 
 Các nhà hi ện sinh phân bi ệt hai khái ni ệm hữu thể và hiện hữu (hiện sinh). H ữu 
thể là khái niệm chỉ một cái gì đó (một vật, một người) đang tồn tại, đang có mặt, nhưng 
chưa là m ột cái gì đó cụ thể cả, chưa có di ện mạo, chưa có cá tính. Đó là m ột tồn tại 
chưa sống đích thực, vô h ồn, tức là ch ưa hiện hữu. Còn hi ện hữu "
Cantơ là nhà triết học thuộc truyền thống nào?,Imanuel Cantơ là nhà triết học tiêu biểu của triết học cổ điển Đức.,75770b9b-cdbf-4038-90e2-f25e1f4426fe_triethocmaclenin.pdf,36,Triết học Mác - Lênin,False,history,MEDIUM,f117ebb4761a75af35e8,Chương II,"truyền th ống phép bi ện c hứng;  b ước chuy ển t ừ ch ủ ngh ĩa duy tâm  ch ủ quan, tiên 
nghiệm của Cantơ đến chủ nghĩa duy tâm khách quan c ủa Hêghen; phê phán phép siêu 
hình truyền thống ""lý tính""; chú ý đến vấn đề triết học lịch sử. 
Cantơ, Hêghen, Phoiơbắc là những đại biểu lớn của triết học cổ điển Đức đóng vai 
trò quan trọng trong sự phát triển triết học vào cuối thế kỷ XVIII và nửa đầu thế kỷ XIX 
góp phần làm cho triết học cổ điển Đức trở thành một tiền đề lý luận trực tiếp cho sự ra 
đời của triết học Mác. 
a) Imanuen Cantơ (1724 - 1804)  
Nét nổi bật trong triết học của Cantơ là đã trình bày những quan niệm biện chứng 
của mình về giới tự nhiên. Trong tác ph ẩm Lịch sử tự nhiên phổ thông và lý thuy ết bầu 
trời ông đã nêu giả thuyết có giá trị về sự hình thành của vũ trụ bằng các cơn lốc và kết 
tụ của các khối tinh vân. Cant ơ cũng đưa ra một luận đề sau này được khoa h ọc chứng 
minh về ảnh hưởng lên xu ống của thuỷ triều do l ực hấp dẫn giữa trái đất và m ặt trăng 
gây ra đã ảnh hưởng tới trái đất, làm cho vòng xoay c ủa trái đất quanh tr ục của nó m ỗi 
ngày một chậm lại. Ăngghen đã đánh giá nh ững phỏng đoán của Cantơ là s ự công phá 
vào quan điểm siêu hình (kể cả trong triết học và khoa học). 
Triết học Cantơ là triết học nhị nguyên. Một mặt ông thừa nhận sự tồn tại của thế 
giới các ""vật tự nó"" ở bên ngoài con người. Thế giới đó có thể tác động tới các giác quan 
của chúng ta. ở điểm này, Cant ơ là nhà duy v ật. Nh ưng m ặt khác thế giới các vật thể 
quanh ta mà ta thấy được lại không liên quan gì đến cái gọi là ""thế giới vật tự nó"", chúng 
chỉ là ""các "
Hãy giải thích kiến thức Triết học Mác - Lênin liên quan đến quần chúng nhân dân có vai trò gì trong lịch sử.,"Quần chúng nhân dân theo cách trình bày của tài liệu là lực lượng sáng tạo chân chính của lịch sử, quyết định sự phát triển xã hội thông qua hoạt động sản xuất và đấu tranh xã hội.",75770b9b-cdbf-4038-90e2-f25e1f4426fe_triethocmaclenin.pdf,211,Triết học Mác - Lênin,False,definition,MEDIUM,187f0bfd8fb94f2d6f61,Chương XIV,"a sự tác động đến lịch sử. Tuy cùng đóng vai trò quan tr ọng đối với tiến 
trình phát triển của lịch sử xã hội, nhưng quần chúng nhân dân là lực lượng quyết định sự 
phát triển, còn lãnh t ụ là ng ười định hướng, dẫn dắt phong trào, thúc đẩy sự phát tri ển 
của lịch sử. 
Bởi vậy, quan hệ giữa quần chúng nhân dân và v ĩ nhân lãnh tụ là biện chứng, vừa 
thống nhất vừa khác biệt. 
Chủ nghĩa Mác - Lênin kh ẳng định vai trò quy ết định của quần chúng nhân dân, 
đồng thời đánh giá cao vai trò của lãnh tụ. 
a) Vai trò của quần chúng nhân dân 
Về căn bản, tất cả các n hà triết học trong l ịch sử triết học trước Mác đều không 
nhận th ức đúng vai trò c ủa qu ần chúng nhân dân trong trong ti ến trình phát tri ển c ủa 
lịch sử. Về nguồn gốc lý luận, điều đó có nguyên nhân từ quan điểm duy tâm  hoặc siêu 
hình về xã hội. 
Chủ nghĩa duy v ật lịch sử khẳng định quần chúng nhân dân là ch ủ thể sáng t ạo 
chân chính ra lịch sử. Bởi vì, mọi lý tưởng giải phóng xã hội, giải phóng con người chỉ 
được ch ứng minh thông qua s ự ti ếp thu và ho ạt động c ủa qu ần chúng nhân dân. H ơn 
nữa, tư tưởng tự nó không làm biến đổi xã hội mà phải thông qua hành động cách mạng, 
hoạt động thực tiễn của quần chúng nhân dân, để biến lý tưởng, ước mơ thành hiện thực 
trong đời sống xã hội. 
Vai trò quyết định lịch sử của quần chúng nhân dân được biểu hiện ở ba nội dung.  
Thứ nhất, quần chúng nhân dân là l ực lượng sản xuất cơ bản của xã hội, trực tiếp 
sản xuất ra c ủa cải vật chất, là c ơ sở của sự tồn tại và phát tri ển của xã h ội. Con người 
muốn tồn tại phải có các điều kiện vật chất cần thiết, mà nhữn"
AES mã hóa dữ liệu theo nguyên lý nào?,Tôi chưa tìm thấy thông tin này trong tài liệu đã được huấn luyện.,,,Triết học Mác - Lênin,True,out_of_scope,MEDIUM,0145aedbb9291e6b57e5,OUT_OF_SCOPE,
Tóm tắt luận điểm có các từ khóa sau: những hình thức cộng đồng người nào xuất hiện trước dân tộc.,"Trước khi dân tộc theo cách trình bày của tài liệu ra đời, các hình thức cộng đồng người phát triển từ thị tộc đến bộ lạc và bộ tộc.",75770b9b-cdbf-4038-90e2-f25e1f4426fe_triethocmaclenin.pdf,163,Triết học Mác - Lênin,False,listing,MEDIUM,3bd744da1a1bb69d822d,Chương XI,"I- Những hình thức cộng đồng người trong lịch sử 
1. Những hình thức cộng đồng người trước dân tộc 
Để tồn tại và phát triển, con người phải gắn kết với nhau thành những cộng đồng. 
Trong quá trình phát tri ển của xã hội, trước khi dân tộc ra đời, các hình thức cộng đồng 
người cũng biến đổi từ thị tộc đến bộ lạc, bộ tộc. 
a) Thị tộc 
Là cộng đồng người (gồm khoảng vài tr ăm người) có cùng một huyết thống. Thị 
tộc là một đơn vị sản xuất và là một hình thức tồn tại cơ bản của xã hội nguyên thuỷ. Do 
trình độ của lực lượng sản xuất chưa phát triển, nguồn sống chủ yếu dựa vào trồng trọt 
và chăn nuôi, vì vậy vai trò của người phụ nữ trong thị tộc có một vị trí đặc biệt. Chế độ 
quần hôn th ời kỳ đầu và địa vị độc tôn của người phụ nữ trong s ản xuất chính là c ơ sở 
hình thành hình th ức th ị t ộc m ẫu quy ền đầu tiên trong l ịch s ử. S ự phát tri ển c ủa l ực 
lượng sản xuất đã làm thay đổi vị trí của người đàn ông trong ch ế độ thị tộc. Hình thức 
thị tộc phụ quyền đã ra đời thay thế hình th ức thị tộc mẫu quyền. Thị tộc là hình th ức 
cộng đồng người đầu tiên trong lịch sử. 
Ngoài đặc trưng chung về huyết thống là ch ủ y ếu, thị t ộc còn có nh ững quan h ệ 
cộng đồng về ngôn ngữ, tập quán, tín ngưỡng, v ăn hóa. Mỗi thị tộc có khu v ực cư trú, 
vùng săn bắt và tên gọi riêng. 
Cơ sở tồn tại về kinh t ế của thị tộc là quy ền sở hữu chung v ề tư liệu sản xuất và 
tài s ản. H ọ cùng lao động và m ọi s ản ph ẩm được chia đều cho t ất c ả các thành viên 
trong thị tộc. 
Lãnh đạo thị tộc là m ột hội đồng thị tộc, đứng đầu là t ộc trưởng được mọi người 
bầu ra. Vi ệc quản lý điều h"
"Theo Phật giáo, quan hệ nhân quả có đặc điểm gì?","Quan hệ nhân quả là chuỗi liên tục, không gián đoạn, nhân nào quả ấy; một kết quả lại có thể trở thành nguyên nhân của kết quả khác.",75770b9b-cdbf-4038-90e2-f25e1f4426fe_triethocmaclenin.pdf,15,Triết học Mác - Lênin,False,definition,MEDIUM,0a7f061f268a049625c4,Chương II,"Buddha, có nghĩa là giác ngộ. Phật giáo là hình 
thức giáo đoàn được xây dựng trên một niềm tin từ đức Phật, tức từ biển lớn trí tuệ và từ 
bi của Siddharta. Kinh điển của Phật giáo gồm Kinh tạng, Luật tạng và Luận tạng. Phật 
giáo cũng luận về thuyết luân hồi và nghiệp, cũng tìm con đường ""giải thoát"" ra khỏi vòng 
luân hồi. Trạng thái chấm dứt luân hồi và nghiệp được gọi là Niết bàn. Nhưng Phật giáo khác 
các tôn giáo khác ở chỗ chúng sinh thuộc bất kỳ đẳng cấp nào cũng được ""giải thoát"". 
Phật giáo nhìn nhận thế giới tự nhiên cũng như nhân sinh bằng sự phân tích nhân - 
quả. Theo Ph ật giáo, nhân - quả là m ột chuỗi liên t ục không gián đoạn và không h ỗn 
loạn, có ngh ĩa là nhân nào qu ả ấy. Mối quan h ệ nhân qu ả này Ph ật giáo thường gọi là 
nhân duyên với ý nghĩa là một kết quả của nguyên nhân nào đó sẽ là nguyên nhân của một 
kết quả khác. 
Về thế giới tự nhiê n, bằng s ự phân tích nhâ n qu ả, Phật giáo cho rằng không thể 
tìm ra m ột nguyên nhân đầu tiên cho v ũ tr ụ, có ngh ĩa là không có m ột đấng Tối cao 
(Brahman) nào sáng t ạo ra v ũ trụ. Cùng v ới sự phủ định Brahman, Phật giáo c ũng phủ 
định phạm trù([Anatman], nghĩa là không có tôi) và quan điểm ""vô thường"". 
Quan điểm ""vô ngã"" cho r ằng vạn vật trong v ũ trụ chỉ là s ự ""giả hợp"" do h ội đủ 
nhân duyên nên thành ra ""có"" ( tồn tại). Ngay bản thân sự tồn tại của thực thể con người 
chẳng qua là do ""ng ũ uẩn"" (5 y ếu tố) hội tụ lại là: s ắc (vật chất), thụ (cảm giác), t ưởng 
(ấn tượng), hành (suy lý) và thức (ý thức). Như vậy là không có cái gọi là ""tôi"" (vô ngã). 
Quan điểm ""vô th ường"" cho r ằng vạn vật bi"
Trình bày nội dung trọng tâm của giáo trình về triết học được giáo trình khái quát.,"Triết học được hiểu là hệ thống tri thức lý luận chung nhất của con người về thế giới, về vị trí và vai trò của con người trong thế giới ấy.",75770b9b-cdbf-4038-90e2-f25e1f4426fe_triethocmaclenin.pdf,4,Triết học Mác - Lênin,False,definition,MEDIUM,45681c942210cf27120e,Chương I,"Khái quát l ại, có th ể hiểu: Triết học là hệ thống tri th ức lý lu ận chung nh ất của 
con người về thế giới; về vị trí, vai trò của con người trong thế giới ấy. 
Triết học ra đời do hoạt động nhận thức của con người phục vụ nhu cầu sống; song, 
với tư cách là hệ thống tri thức lý luận chung nh ất, triết học chỉ có thể xuất hiện trong 
những điều kiện nhất định sau đây: 
Con người đã phải có một vốn hiểu biết nhất định và đạt đến khả năng rút ra được 
cái chung trong muôn vàn những sự kiện, hiện tượng riêng lẻ.  
Xã hội đã phát triển đến thời kỳ hình thành tầng lớp lao động trí óc. H ọ đã nghiên 
cứu, hệ thống hóa các quan điểm, quan niệm rời rạc lại thành học thuyết, thành lý luận và 
triết học ra đời. 
Tất cả những điều trên cho thấy: Triết học ra đời từ thực tiễn, do nhu cầu của thực 
tiễn; nó có nguồn gốc nhận thức và nguồn gốc xã hội. 
b) Đối tượng của triết học  
Trong quá trình phát tri ển, đối t ượng c ủa tri ết h ọc thay đổi theo t ừng giai đoạn 
lịch sử. 
Ngay từ khi mới ra đời, triết học được xem là hình thái cao nh ất của tri thức, bao 
hàm trong nó tri th ức về tất cả các l ĩnh vực không có đối tượng riêng. Đây là nguyên 
nhân sâu xa l àm nảy sinh quan ni ệm cho r ằng, triết h ọc l à khoa học của mọi khoa 
học, đặc biệt là ở triết học t ự nhiên c ủa Hy L ạp c ổ đại. Thời kỳ này, tri ết h ọc đã đạt 
được nhiều thành tựu rực rỡ mà ảnh hưởng của nó còn in đậm đối với sự phát triển của 
tư tưởng triết học ở Tây Âu. 
Thời kỳ trung cổ, ở Tây Âu khi quyền lực của Giáo hội bao trùm mọi lĩnh vực đời 
sống xã hội thì triết học trở thành nô lệ của thần học. Nền triết học"
Ôn tập mục kiến thức có các từ khóa: ý nghĩa phương pháp luận nguyên.,"Nó đòi hỏi phải theo cách trình bày của tài liệu có quan điểm toàn diện, quan điểm lịch sử - cụ thể và tránh xem xét sự vật một cách phiến diện, cô lập.",75770b9b-cdbf-4038-90e2-f25e1f4426fe_triethocmaclenin.pdf,99,Triết học Mác - Lênin,False,methodology,MEDIUM,eea1f8d421ee887e2ca5,Chương VI,"c 
nước chậm phát triển và kém phát triển. 
Những điều kiện nêu ra ở trên cho thấy, dù sự vật, hiện tượng có thể có những giai 
đoạn vận động đi lên nh ư thế này ho ặc như thế khác, nh ưng xem xét toàn b ộ quá trình 
thì chúng vẫn tuân theo khuynh hướng chung. 
3. Ý nghĩa phương pháp luận 
Nguyên lý về sự phát triển cho thấy trong hoạt động nhận thức và hoạt động thực 
tiễn con người phải tôn trọng quan điểm phát triển. 
Quan điểm phát triển đòi hỏi khi nhận thức, khi giải quyết một vấn đề nào đó con 
người phải đặt chúng ở trạng thái động, nằm trong khuynh hướng chung là phát triển. 
Quan điểm phát tri ển đòi h ỏi không ch ỉ nắm b ắt những cái hiện đang tồn tại ở 
sự v ật, mà còn ph ải th ấy rõ khuynh h ướng phát tri ển trong t ương lai c ủa chúng, ph ải 
thấy được những bi ến đổi đi lên c ũng nh ư nh ững bi ến đổi có tính ch ất th ụt lùi. Song 
điều cơ bản là phải khái quát những bi ến đổi để vạch ra khuynh h ướng bi ến đổi chính 
của sự vật. 
Xem xét s ự vật theo quan điểm phát tri ển còn ph ải biết phân chia quá trình phát 
triển của sự vật ấy thành nh ững giai đoạn. Trên c ơ sở ấy để tìm ra ph ương pháp nh ận 
thức và cách tác động phù hợp nhằm thúc đẩy sự vật tiến triển nhanh hơn hoặc kìm hãm 
sự phát triển của nó, tùy theo sự phát triển đó có lợi hay có hại đối với đời sống của con 
người.  
Quan điểm phát triển góp phần khắc phục tư tưởng bảo thủ, trì trệ, định kiến trong 
hoạt động nhận thức và hoạt động thực tiễn. 
 Với t ư cách là nh ững nguyên t ắc phương pháp lu ận, quan điểm toàn diện, quan 
điểm lịch sử - cụ thể, quan điểm phát triển góp phần định hướng, chỉ "
Gradient descent tối ưu hàm mất mát như thế nào?,Tôi chưa tìm thấy thông tin này trong tài liệu đã được huấn luyện.,,,Triết học Mác - Lênin,True,out_of_scope,MEDIUM,0329961d511fbb44b0bb,OUT_OF_SCOPE,
Blockchain đạt đồng thuận bằng những cơ chế nào?,Tôi chưa tìm thấy thông tin này trong tài liệu đã được huấn luyện.,,,Triết học Mác - Lênin,True,out_of_scope,MEDIUM,975acf8cd55f21fbaa5a,OUT_OF_SCOPE,
Hãy giải thích kiến thức Triết học Mác - Lênin liên quan đến ý thức khoa học.,"Ý thức khoa học theo cách trình bày của tài liệu là hình thái ý thức xã hội phản ánh hiện thực bằng hệ thống tri thức khái quát, logic, có căn cứ và được kiểm chứng.",75770b9b-cdbf-4038-90e2-f25e1f4426fe_triethocmaclenin.pdf,198,Triết học Mác - Lênin,False,definition,MEDIUM,5befaa9a08b8dcdd656c,Chương XIII,"gìn trật tự xã hội chung và sinh hoạt thường ngày của mọi người. 
Tuy nhiên, trong xã hội có giai cấp và đấu tranh giai cấp thì nội dung chủ yếu của 
đạo đức ph ản ánh quan h ệ giai c ấp, nó có tính giai c ấp. Trong các ph ạm trù đạo đức 
luôn luôn ph ản ánh địa vị và l ợi ích của giai c ấp. Mỗi giai c ấp trong nh ững giai đoạn 
phát triển nhất định của lịch sử xã hội đều có những quan niệm đạo đức riêng của mình. 
Giai cấp tiêu bi ểu cho xu th ế phát triển đi lên c ủa xã h ội thì đại diện cho m ột nền đạo 
đức ti ến b ộ, còn các giai c ấp ph ản động thì đại di ện cho m ột n ền đạo đức suy t hoái. 
Ph.Ăngghen viết: ""Xét cho đến cùng, mọi học thuyết về đạo đức đã có từ trước đến nay 
đều là sản phẩm của tình hình kinh tế của xã hội lúc bấy giờ. Và vì cho tới nay xã hội đã 
vận động trong nh ững sự đối lập giai c ấp, cho nên đạo đức cũng luôn luôn là đạo đức 
của giai c ấp: hoặc là nó bi ện hộ cho sự thống trị và l ợi ích c ủa giai c ấp thống trị, hoặc 
là, khi giai c ấp bị trị đã trở nên khá m ạnh thì nó tiêu bi ểu cho s ự nổi dậy chống lại sự 
thống trị nói trên và tiêu biểu cho lợi ích tương lai của những người bị áp bức""1. 
4. ý thức khoa học 
ý thức khoa học vừa là một hình thái ý th ức xã hội, vừa là một hiện tượng xã hội 
đặc biệt. Xem xét khoa h ọc như một hình thái ý th ức xã hội không thể tách rời xem xét 
nó như một hiện tượng xã hội. 
ý thức khoa học - với tính cách là một hình thái ý thức xã hội - là hệ thống tri thức 
phản ánh chân th ực dưới dạng lôgic tr ừu tượng về thế giới đã được kiểm nghiệm qua 
thực tiễn. Đối tượng phản ánh của ý thức khoa học bao quát m "
